repo_name,tfdd_date,status,commits_before_1_months,bug_hits_before_1_months,bug_ratio_before_1_months,refactor_before_1_months,commits_after_1_months,bug_hits_after_1_months,bug_ratio_after_1_months,refactor_after_1_months,commits_before_3_months,bug_hits_before_3_months,bug_ratio_before_3_months,refactor_before_3_months,commits_after_3_months,bug_hits_after_3_months,bug_ratio_after_3_months,refactor_after_3_months,commits_before_6_months,bug_hits_before_6_months,bug_ratio_before_6_months,refactor_before_6_months,commits_after_6_months,bug_hits_after_6_months,bug_ratio_after_6_months,refactor_after_6_months,commits_before_12_months,bug_hits_before_12_months,bug_ratio_before_12_months,refactor_before_12_months,commits_after_12_months,bug_hits_after_12_months,bug_ratio_after_12_months,refactor_after_12_months,commits,bug_fix_hit_rate,refactor_hit_rate
CellularPrivacy/Android-IMSI-Catcher-Detector,2015-09-01 04:40:18 UTC,Surviving,23,4,0.17391304347826086,4,42,11,0.26190476190476192,11,342,93,0.27192982456140352,40,86,22,0.2558139534883721,18,651,138,0.2119815668202765,68,496,86,0.17338709677419356,71,1314,283,0.21537290715372906,131,763,133,0.1743119266055046,108,2585,0.19032882011605415,0.10870406189555126
Circa75/dropplets,2014-05-13 14:41:28 UTC,Non-surviving,0,0,0.0,0,0,0,0.0,0,20,2,0.1,0,1,0,0.0,0,25,6,0.24,0,11,2,0.18181818181818182,1,178,54,0.30337078651685395,13,11,2,0.18181818181818182,1,450,0.27777777777777779,0.066666666666666666
DatabaseCleaner/database_cleaner,2015-01-02 22:25:58 UTC,Non-surviving,51,14,0.27450980392156865,5,16,3,0.1875,1,67,15,0.22388059701492538,5,44,12,0.27272727272727271,1,81,16,0.19753086419753085,6,83,17,0.20481927710843373,6,97,18,0.18556701030927836,7,114,20,0.17543859649122806,9,1017,0.16715830875122911,0.10717797443461161
DavyJonesLocker/client_side_validations,2013-09-22 04:07:05 UTC,Non-surviving,1,0,0.0,0,0,0,0.0,0,5,0,0.0,0,0,0,0.0,0,22,9,0.40909090909090912,0,0,0,0.0,0,157,41,0.26114649681528662,7,13,9,0.69230769230769229,1,1129,0.20903454384410983,0.082373782108060234
FrozenNode/Laravel-Administrator,2014-03-01 08:18:11 UTC,Non-surviving,16,2,0.125,0,17,3,0.17647058823529413,0,44,7,0.15909090909090909,1,21,3,0.14285714285714285,0,111,22,0.1981981981981982,6,36,8,0.22222222222222221,0,446,107,0.23991031390134529,26,192,35,0.18229166666666666,6,1026,0.23684210526315788,0.052631578947368418
Grive/grive,2012-06-20 12:02:22 UTC,Surviving,87,19,0.21839080459770116,10,31,9,0.29032258064516131,7,237,38,0.16033755274261605,37,49,12,0.24489795918367346,11,237,38,0.16033755274261605,37,49,12,0.24489795918367346,11,237,38,0.16033755274261605,37,72,15,0.20833333333333334,16,437,0.21739130434782608,0.16247139588100687
HubSpot/tether,2016-02-21 17:48:07 UTC,Non-surviving,8,1,0.125,0,2,1,0.5,0,11,2,0.18181818181818182,0,38,12,0.31578947368421051,4,19,5,0.26315789473684209,0,50,18,0.36,4,72,16,0.22222222222222221,1,86,24,0.27906976744186046,4,594,0.19696969696969696,0.082491582491582491
Intervention/image,2013-09-24 10:24:24 UTC,Surviving,5,1,0.2,1,0,0,0.0,0,6,1,0.16666666666666666,1,17,5,0.29411764705882354,1,39,8,0.20512820512820512,3,34,8,0.23529411764705882,5,136,22,0.16176470588235295,7,229,57,0.24890829694323144,22,640,0.246875,0.0734375
KnpLabs/Gaufrette,2014-06-04 06:10:12 UTC,Non-surviving,6,3,0.5,0,5,2,0.4,1,9,5,0.55555555555555558,0,8,2,0.25,1,45,17,0.37777777777777777,8,16,3,0.1875,4,133,37,0.2781954887218045,17,33,7,0.21212121212121213,8,998,0.24348697394789579,0.11422845691382766
KnpLabs/php-github-api,2013-04-01 04:38:45 UTC,Surviving,15,8,0.53333333333333333,5,5,1,0.2,0,27,10,0.37037037037037035,7,22,4,0.18181818181818182,1,61,25,0.4098360655737705,7,67,15,0.22388059701492538,3,117,41,0.3504273504273504,14,150,37,0.24666666666666667,8,1312,0.2111280487804878,0.071646341463414628
KnpLabs/snappy,2015-03-11 09:24:42 UTC,Non-surviving,1,1,1.0,1,0,0,0.0,0,6,1,0.16666666666666666,1,6,4,0.66666666666666663,1,34,10,0.29411764705882354,3,38,11,0.28947368421052633,4,69,17,0.24637681159420291,3,60,11,0.18333333333333332,5,386,0.18134715025906736,0.09585492227979274
MarlinFirmware/Marlin,2013-07-15 12:34:21 UTC,Surviving,16,4,0.25,0,64,14,0.21875,4,133,39,0.2932330827067669,5,106,28,0.26415094339622641,6,250,62,0.248,11,171,46,0.26900584795321636,6,538,159,0.29553903345724908,31,445,111,0.24943820224719102,25,10256,0.21304602184087362,0.11154446177847113
MrRio/jsPDF,2012-11-01 21:04:37 UTC,Surviving,11,3,0.27272727272727271,0,0,0,0.0,0,29,7,0.2413793103448276,1,72,5,0.069444444444444448,2,110,14,0.12727272727272726,6,130,19,0.14615384615384616,6,167,15,0.089820359281437126,11,164,28,0.17073170731707318,7,1797,0.16638842515303284,0.071229827490261549
NanoHttpd/nanohttpd,2014-05-12 18:53:13 UTC,Surviving,23,3,0.13043478260869565,4,7,2,0.2857142857142857,0,25,3,0.12,4,9,3,0.33333333333333331,1,50,6,0.12,11,11,3,0.27272727272727271,2,131,15,0.11450381679389313,23,42,8,0.19047619047619047,3,597,0.17420435510887772,0.11725293132328309
NaturalNode/natural,2016-03-12 08:11:55 UTC,Non-surviving,0,0,0.0,0,0,0,0.0,0,11,4,0.36363636363636365,1,14,1,0.071428571428571425,0,36,8,0.22222222222222221,1,15,2,0.13333333333333333,0,68,14,0.20588235294117646,5,38,7,0.18421052631578946,5,1226,0.15171288743882544,0.080750407830342583
NetEase/pomelo,2016-01-14 00:22:01 UTC,Non-surviving,3,1,0.33333333333333331,0,0,0,0.0,0,10,3,0.3,1,2,2,1.0,0,18,5,0.27777777777777779,1,3,2,0.66666666666666663,0,66,14,0.21212121212121213,5,5,4,0.8,0,948,0.22784810126582278,0.036919831223628692
Netflix/SimianArmy,2014-10-30 21:11:11 UTC,Non-surviving,9,3,0.33333333333333331,2,4,0,0.0,1,21,10,0.47619047619047616,3,5,0,0.0,1,26,12,0.46153846153846156,3,17,0,0.0,2,77,25,0.32467532467532467,14,60,13,0.21666666666666667,3,800,0.17125,0.115
Netflix/eureka,2014-04-29 09:53:56 UTC,Surviving,61,18,0.29508196721311475,15,26,15,0.57692307692307687,1,86,26,0.30232558139534882,15,72,24,0.33333333333333331,3,112,33,0.29464285714285715,18,106,33,0.31132075471698112,4,226,69,0.30530973451327431,22,203,53,0.26108374384236455,12,1602,0.20474406991260924,0.10486891385767791
NoamB/sorcery,2013-08-25 10:47:00 UTC,Non-surviving,0,0,0.0,0,0,0,0.0,0,26,3,0.11538461538461539,0,74,17,0.22972972972972974,16,37,5,0.13513513513513514,1,105,23,0.21904761904761905,20,94,18,0.19148936170212766,3,288,48,0.16666666666666666,58,1148,0.20121951219512196,0.11933797909407666
PyMySQL/PyMySQL,2013-07-25 04:55:25 UTC,Surviving,13,4,0.30769230769230771,0,1,0,0.0,0,18,4,0.22222222222222221,0,177,35,0.19774011299435029,19,19,4,0.21052631578947367,0,208,47,0.22596153846153846,22,37,10,0.27027027027027029,0,249,53,0.21285140562248997,23,917,0.25408942202835333,0.092693565976008724
RolifyCommunity/rolify,2014-07-03 15:43:17 UTC,Non-surviving,3,0,0.0,0,0,0,0.0,0,4,0,0.0,0,36,13,0.3611111111111111,1,30,8,0.26666666666666666,2,47,16,0.34042553191489361,1,44,12,0.27272727272727271,3,110,35,0.31818181818181818,4,746,0.21447721179624665,0.097855227882037529
RubyMoney/money,2016-02-17 22:01:41 UTC,Non-surviving,10,5,0.5,0,5,3,0.6,0,57,20,0.35087719298245612,1,18,10,0.55555555555555558,1,100,26,0.26,2,41,14,0.34146341463414637,3,184,38,0.20652173913043478,11,79,24,0.30379746835443039,6,1506,0.14674634794156707,0.089641434262948211
SheetJS/js-xlsx,2015-06-03 15:25:05 UTC,Surviving,0,0,0.0,0,0,0,0.0,0,5,0,0.0,0,0,0,0.0,0,5,0,0.0,0,1,1,1.0,0,21,3,0.14285714285714285,2,13,2,0.15384615384615385,2,424,0.28773584905660377,0.12264150943396226
Shopify/identity_cache,2013-12-13 16:05:10 UTC,Surviving,38,4,0.10526315789473684,2,6,3,0.5,2,46,5,0.10869565217391304,3,55,16,0.29090909090909089,14,102,13,0.12745098039215685,14,129,23,0.17829457364341086,19,280,41,0.14642857142857144,41,165,27,0.16363636363636364,23,708,0.15677966101694915,0.14124293785310735
Sigil-Ebook/Sigil,2015-06-14 22:55:04 UTC,Surviving,7,1,0.14285714285714285,2,1,1,1.0,0,51,17,0.33333333333333331,7,89,21,0.23595505617977527,6,212,48,0.22641509433962265,27,284,72,0.25352112676056338,20,401,98,0.24438902743142144,40,578,123,0.21280276816608998,43,4591,0.265737312132433,0.11849270311478981
SirVer/ultisnips,2015-12-05 08:30:27 UTC,Non-surviving,12,4,0.33333333333333331,2,6,2,0.33333333333333331,0,33,14,0.42424242424242425,2,22,4,0.18181818181818182,0,108,46,0.42592592592592593,7,45,10,0.22222222222222221,0,180,68,0.37777777777777777,10,62,17,0.27419354838709675,1,1465,0.2764505119453925,0.12286689419795221
VerbalExpressions/JSVerbalExpressions,2013-12-27 02:18:10 UTC,Surviving,0,0,0.0,0,7,0,0.0,0,5,0,0.0,2,7,0,0.0,0,76,10,0.13157894736842105,7,7,0,0.0,0,76,10,0.13157894736842105,7,7,0,0.0,0,296,0.1554054054054054,0.11824324324324324
VerbalExpressions/PHPVerbalExpressions,2016-01-15 20:15:13 UTC,Non-surviving,31,3,0.0967741935483871,4,1,0,0.0,0,31,3,0.0967741935483871,4,1,0,0.0,0,31,3,0.0967741935483871,4,1,0,0.0,0,32,3,0.09375,4,1,0,0.0,0,118,0.19491525423728814,0.067796610169491525
WordPress-Coding-Standards/WordPress-Coding-Standards,2013-03-28 11:08:32 UTC,Surviving,21,0,0.0,0,2,0,0.0,0,46,2,0.043478260869565216,14,12,0,0.0,2,51,4,0.0784313725490196,14,12,0,0.0,2,67,4,0.059701492537313432,15,204,40,0.19607843137254902,12,2447,0.27543931344503475,0.13812832039231712
ZipArchive/ZipArchive,2015-07-12 09:06:34 UTC,Surviving,1,0,0.0,0,0,0,0.0,0,12,6,0.5,1,7,1,0.14285714285714285,2,54,13,0.24074074074074073,6,54,13,0.24074074074074073,2,75,14,0.18666666666666668,7,93,23,0.24731182795698925,3,628,0.2213375796178344,0.071656050955414011
activeadmin/inherited_resources,2014-06-03 11:55:52 UTC,Non-surviving,4,0,0.0,0,0,0,0.0,0,12,2,0.16666666666666666,0,1,0,0.0,0,14,3,0.21428571428571427,0,14,4,0.2857142857142857,1,53,12,0.22641509433962265,1,27,6,0.22222222222222221,2,752,0.14893617021276595,0.0851063829787234
adamfisk/LittleProxy,2014-10-24 13:24:33 UTC,Non-surviving,0,0,0.0,0,0,0,0.0,0,6,0,0.0,0,19,3,0.15789473684210525,2,24,3,0.125,2,51,11,0.21568627450980393,6,102,16,0.15686274509803921,5,167,27,0.16167664670658682,19,1003,0.17647058823529413,0.1415752741774676
afaqurk/linux-dash,2014-07-06 07:46:44 UTC,Surviving,51,8,0.15686274509803921,5,2,1,0.5,0,59,9,0.15254237288135594,6,2,1,0.5,0,349,75,0.2148997134670487,30,117,10,0.085470085470085472,6,352,75,0.21306818181818182,30,227,35,0.15418502202643172,10,855,0.20233918128654971,0.074853801169590645
airblade/paper_trail,2012-04-13 04:53:37 UTC,Surviving,7,0,0.0,1,3,0,0.0,3,49,1,0.020408163265306121,6,8,0,0.0,4,76,6,0.078947368421052627,10,14,1,0.071428571428571425,4,158,17,0.10759493670886076,17,140,17,0.12142857142857143,16,2085,0.19136690647482013,0.11654676258992806
andersao/l5-repository,2016-03-01 15:33:39 UTC,Non-surviving,11,0,0.0,2,3,0,0.0,0,35,6,0.17142857142857143,5,74,23,0.3108108108108108,0,45,6,0.13333333333333333,5,100,30,0.3,1,189,22,0.1164021164021164,6,112,33,0.29464285714285715,2,448,0.21875,0.029017857142857144
angular-app/angular-app,2014-08-12 08:08:47 UTC,Non-surviving,0,0,0.0,0,1,0,0.0,0,6,0,0.0,2,1,0,0.0,0,9,0,0.0,2,1,0,0.0,0,44,14,0.31818181818181818,7,1,0,0.0,0,393,0.1806615776081425,0.16539440203562342
angular/angular-seed,2015-06-15 09:41:06 UTC,Non-surviving,0,0,0.0,0,0,0,0.0,0,1,0,0.0,0,0,0,0.0,0,1,0,0.0,0,0,0,0.0,0,12,3,0.25,0,4,1,0.25,0,207,0.12077294685990338,0.077294685990338161
apenwarr/sshuttle,2014-10-05 23:00:57 UTC,Non-surviving,8,4,0.5,0,0,0,0.0,0,8,4,0.5,0,2,0,0.0,0,8,4,0.5,0,14,4,0.2857142857142857,1,8,4,0.5,0,51,16,0.31372549019607843,5,414,0.31159420289855072,0.14492753623188406
arasatasaygin/is.js,2016-01-14 11:44:20 UTC,Non-surviving,7,2,0.2857142857142857,1,0,0,0.0,0,8,2,0.25,1,1,0,0.0,0,9,2,0.22222222222222221,1,74,7,0.0945945945945946,19,199,25,0.12562814070351758,8,91,11,0.12087912087912088,21,403,0.11414392059553349,0.081885856079404462
assaf/vanity,2013-09-01 16:04:53 UTC,Surviving,0,0,0.0,0,12,3,0.25,0,0,0,0.0,0,50,6,0.12,6,1,1,1.0,0,102,19,0.18627450980392157,11,3,2,0.66666666666666663,1,163,31,0.19018404907975461,26,838,0.21121718377088305,0.099045346062052508
attr-encrypted/attr_encrypted,2015-10-18 01:03:08 UTC,Surviving,0,0,0.0,0,0,0,0.0,0,0,0,0.0,0,19,3,0.15789473684210525,0,10,3,0.3,1,61,8,0.13114754098360656,4,37,11,0.29729729729729731,4,82,11,0.13414634146341464,5,327,0.15902140672782875,0.051987767584097858
avast/android-butterknife-zelezny,2014-08-15 10:17:37 UTC,Surviving,12,2,0.16666666666666666,4,0,0,0.0,0,12,2,0.16666666666666666,4,7,6,0.8571428571428571,0,13,2,0.15384615384615385,4,12,7,0.58333333333333337,0,31,3,0.0967741935483871,4,29,14,0.48275862068965519,1,84,0.25,0.095238095238095233
awesome-print/awesome_print,2014-12-18 03:07:35 UTC,Non-surviving,0,0,0.0,0,18,5,0.27777777777777779,1,0,0,0.0,0,35,7,0.2,2,3,1,0.33333333333333331,1,35,7,0.2,2,10,3,0.3,1,37,7,0.1891891891891892,2,478,0.1903765690376569,0.10669456066945607
backup/backup,2014-02-08 06:46:33 UTC,Surviving,2,1,0.5,0,2,0,0.0,1,42,7,0.16666666666666666,6,5,1,0.2,1,84,12,0.14285714285714285,7,30,4,0.13333333333333333,1,282,35,0.12411347517730496,24,77,9,0.11688311688311688,1,1273,0.14218381775333858,0.087981146897093479
banga/powerline-shell,2014-11-02 07:48:07 UTC,Surviving,2,0,0.0,0,0,0,0.0,0,2,0,0.0,0,0,0,0.0,0,11,3,0.27272727272727271,1,0,0,0.0,0,37,7,0.1891891891891892,1,40,2,0.05,8,572,0.17657342657342656,0.085664335664335664
binarylogic/settingslogic,2012-12-30 21:39:27 UTC,Non-surviving,0,0,0.0,0,0,0,0.0,0,7,2,0.2857142857142857,2,0,0,0.0,0,7,2,0.2857142857142857,2,2,0,0.0,0,28,11,0.39285714285714285,3,4,2,0.5,0,121,0.19008264462809918,0.099173553719008267
bower/bower,2014-03-25 08:51:40 UTC,Non-surviving,29,4,0.13793103448275862,2,56,12,0.21428571428571427,8,96,24,0.25,4,102,17,0.16666666666666666,11,168,47,0.27976190476190477,9,194,41,0.211340206185567,15,1345,311,0.2312267657992565,122,296,66,0.22297297297297297,25,2717,0.2340817077659183,0.084652189915347814
boxen/our-boxen,2013-12-09 18:55:34 UTC,Non-surviving,10,2,0.2,0,14,0,0.0,3,24,4,0.16666666666666666,0,28,3,0.10714285714285714,4,85,10,0.11764705882352941,4,87,28,0.32183908045977011,7,194,26,0.13402061855670103,7,128,32,0.25,11,651,0.16282642089093702,0.03840245775729647
brandonhilkert/sucker_punch,2016-04-25 11:51:32 UTC,Non-surviving,0,0,0.0,0,0,0,0.0,0,7,0,0.0,0,1,1,1.0,0,60,2,0.033333333333333333,4,2,1,0.5,0,105,5,0.047619047619047616,6,4,1,0.25,0,311,0.083601286173633438,0.0707395498392283
browsermedia/browsercms,2014-09-30 19:33:18 UTC,Non-surviving,1,0,0.0,0,0,0,0.0,0,8,7,0.875,0,0,0,0.0,0,9,8,0.88888888888888884,0,0,0,0.0,0,127,53,0.41732283464566927,12,0,0,0.0,0,2533,0.3197789182787209,0.12593762337149625
brynary/webrat,2012-06-15 18:40:05 UTC,Non-surviving,0,0,0.0,0,0,0,0.0,0,0,0,0.0,0,0,0,0.0,0,1,0,0.0,0,2,1,0.5,0,11,1,0.090909090909090912,0,4,1,0.25,1,1082,0.10720887245841035,0.14417744916820702
c3js/c3,2016-05-03 22:37:19 UTC,Non-surviving,11,4,0.36363636363636365,0,0,0,0.0,0,30,10,0.33333333333333331,0,2,1,0.5,0,37,13,0.35135135135135137,0,4,1,0.25,0,167,57,0.3413173652694611,3,7,2,0.2857142857142857,0,1980,0.39343434343434341,0.052020202020202022
caolan/async,2014-05-27 07:22:35 UTC,Surviving,24,5,0.20833333333333334,0,3,0,0.0,0,100,16,0.16,2,7,0,0.0,0,111,19,0.17117117117117117,2,30,9,0.3,2,135,24,0.17777777777777778,5,114,30,0.26315789473684209,10,1764,0.19897959183673469,0.090702947845804988
capistrano/capistrano,2014-01-18 09:26:56 UTC,Surviving,70,12,0.17142857142857143,5,22,4,0.18181818181818182,3,188,32,0.1702127659574468,13,99,19,0.19191919191919191,9,324,66,0.20370370370370369,21,160,34,0.2125,17,527,97,0.18406072106261859,36,303,74,0.24422442244224424,26,1643,0.23250152160681681,0.077906269020085211
casperjs/casperjs,2016-01-20 15:38:18 UTC,Non-surviving,13,11,0.84615384615384615,0,28,6,0.21428571428571427,0,110,24,0.21818181818181817,6,85,24,0.28235294117647058,7,130,34,0.26153846153846155,8,146,37,0.25342465753424659,10,182,50,0.27472527472527475,10,191,60,0.31413612565445026,11,2226,0.26909254267744837,0.054357592093441147
chrisbanes/PhotoView,2015-04-29 06:28:50 UTC,Non-surviving,10,2,0.2,0,0,0,0.0,0,13,4,0.30769230769230771,0,0,0,0.0,0,22,4,0.18181818181818182,1,13,4,0.30769230769230771,4,25,5,0.2,1,45,10,0.22222222222222221,6,444,0.19369369369369369,0.12612612612612611
chriso/validator.js,2016-02-21 19:19:20 UTC,Non-surviving,97,12,0.12371134020618557,6,19,0,0.0,1,131,15,0.11450381679389313,10,32,3,0.09375,1,190,23,0.12105263157894737,14,87,13,0.14942528735632185,5,302,31,0.10264900662251655,17,183,19,0.10382513661202186,8,1753,0.14546491728465488,0.059326868225898458
cloudera/hue,2015-03-05 20:41:22 UTC,Surviving,202,32,0.15841584158415842,24,211,33,0.15639810426540285,13,620,103,0.16612903225806452,70,524,96,0.183206106870229,42,1090,168,0.15412844036697249,115,1187,270,0.22746419545071608,115,1909,298,0.15610267155578836,211,2779,608,0.21878373515653113,260,16585,0.20186915887850468,0.093277057582152545
codebrew/backbone-rails,2013-02-02 14:19:20 UTC,Non-surviving,4,1,0.25,0,1,1,1.0,0,16,4,0.25,0,1,1,1.0,0,22,4,0.18181818181818182,0,1,1,1.0,0,38,6,0.15789473684210525,0,17,1,0.058823529411764705,1,261,0.13793103448275862,0.045977011494252873
collectiveidea/awesome_nested_set,2009-11-27 15:13:29 UTC,Surviving,0,0,0.0,0,1,0,0.0,0,16,3,0.1875,1,1,0,0.0,0,34,5,0.14705882352941177,2,1,0,0.0,0,38,6,0.15789473684210525,3,3,0,0.0,0,553,0.20795660036166366,0.15189873417721519
composer/satis,2015-12-15 08:11:50 UTC,Surviving,48,7,0.14583333333333334,10,12,4,0.33333333333333331,1,85,17,0.2,12,36,9,0.25,3,98,18,0.18367346938775511,16,60,12,0.2,5,116,22,0.18965517241379309,20,108,26,0.24074074074074073,13,633,0.1895734597156398,0.10742496050552923
defunkt/jquery-pjax,2014-09-10 18:46:07 UTC,Non-surviving,0,0,0.0,0,4,2,0.5,0,11,2,0.18181818181818182,1,24,6,0.25,1,28,7,0.25,2,51,15,0.29411764705882354,1,39,9,0.23076923076923078,2,89,20,0.2247191011235955,2,508,0.17519685039370078,0.070866141732283464
devopsgroup-io/vagrant-digitalocean,2014-08-31 14:35:34 UTC,Non-surviving,3,0,0.0,0,4,0,0.0,0,31,8,0.25806451612903225,0,8,0,0.0,1,40,8,0.2,0,20,4,0.2,1,68,16,0.23529411764705882,2,47,5,0.10638297872340426,1,296,0.13851351351351351,0.070945945945945943
docker/kitematic,2016-02-11 16:59:30 UTC,Non-surviving,29,10,0.34482758620689657,0,7,0,0.0,0,132,34,0.25757575757575757,6,40,8,0.2,3,256,68,0.265625,14,108,32,0.29629629629629628,7,1231,342,0.27782290820471162,81,145,40,0.27586206896551724,11,2286,0.26902887139107612,0.076990376202974622
dompdf/dompdf,2015-12-06 08:55:18 UTC,Non-surviving,5,0,0.0,0,2,2,1.0,0,40,5,0.125,2,31,8,0.25806451612903225,4,64,8,0.125,2,61,21,0.34426229508196721,6,107,15,0.14018691588785046,6,114,33,0.28947368421052633,11,995,0.28140703517587939,0.11155778894472362
doorkeeper-gem/doorkeeper,2013-08-28 14:19:22 UTC,Non-surviving,8,1,0.125,0,13,0,0.0,0,26,5,0.19230769230769232,2,56,8,0.14285714285714285,3,48,7,0.14583333333333334,8,122,24,0.19672131147540983,9,166,22,0.13253012048192772,17,291,52,0.17869415807560138,48,1928,0.20072614107883818,0.13796680497925312
douban/dpark,2013-08-08 06:43:51 UTC,Surviving,26,5,0.19230769230769232,2,11,3,0.27272727272727271,2,131,28,0.21374045801526717,15,28,9,0.32142857142857145,3,281,81,0.28825622775800713,36,46,13,0.28260869565217389,4,441,118,0.26757369614512472,48,71,18,0.25352112676056338,6,1465,0.30921501706484644,0.12013651877133105
drapergem/draper,2014-12-21 21:37:41 UTC,Non-surviving,1,0,0.0,0,0,0,0.0,0,3,0,0.0,1,9,1,0.1111111111111111,3,10,0,0.0,2,26,2,0.076923076923076927,4,32,7,0.21875,4,28,2,0.071428571428571425,5,1143,0.15485564304461943,0.14085739282589677
dropwizard/dropwizard,2014-03-27 10:40:41 UTC,Surviving,43,9,0.20930232558139536,1,80,10,0.125,4,115,16,0.1391304347826087,2,194,28,0.14432989690721648,10,195,34,0.17435897435897435,7,294,55,0.1870748299319728,19,564,82,0.1453900709219858,71,703,124,0.1763869132290185,57,5086,0.15965395202516713,0.089854502556036178
dropwizard/metrics,2014-09-08 11:51:21 UTC,Non-surviving,50,11,0.22,3,9,3,0.33333333333333331,0,58,11,0.18965517241379309,4,16,5,0.3125,2,157,26,0.16560509554140126,16,21,5,0.23809523809523808,2,253,47,0.1857707509881423,26,32,9,0.28125,3,2540,0.14291338582677166,0.10905511811023622
ecomfe/echarts,2015-03-20 14:22:35 UTC,Surviving,41,7,0.17073170731707318,1,19,4,0.21052631578947367,0,223,43,0.19282511210762332,19,112,10,0.089285714285714288,3,465,79,0.16989247311827957,21,284,34,0.11971830985915492,20,970,138,0.1422680412371134,35,1280,275,0.21484375,93,5256,0.23211567732115676,0.050989345509893452
erikhuda/thor,2013-03-26 17:03:34 UTC,Non-surviving,18,6,0.33333333333333331,3,15,2,0.13333333333333333,0,76,17,0.22368421052631579,9,41,7,0.17073170731707318,3,116,23,0.19827586206896552,12,80,16,0.2,7,171,33,0.19298245614035087,13,151,29,0.19205298013245034,11,1490,0.13422818791946309,0.12147651006711409
errbit/errbit,2014-04-30 09:49:11 UTC,Surviving,19,4,0.21052631578947367,2,16,4,0.25,1,59,15,0.25423728813559321,7,30,6,0.2,1,116,33,0.28448275862068967,12,63,11,0.17460317460317459,3,419,96,0.22911694510739858,46,276,48,0.17391304347826086,11,2761,0.208982252806954,0.080043462513582034
es-shims/es5-shim,2012-01-18 19:04:55 UTC,Surviving,0,0,0.0,0,7,3,0.42857142857142855,0,36,11,0.30555555555555558,4,28,17,0.6071428571428571,2,143,34,0.23776223776223776,21,31,17,0.54838709677419351,2,223,48,0.21524663677130046,25,81,36,0.44444444444444442,5,961,0.25078043704474506,0.1040582726326743
euske/pdfminer,2010-12-25 06:41:35 UTC,Non-surviving,1,0,0.0,0,2,0,0.0,1,34,8,0.23529411764705882,10,20,5,0.25,6,44,12,0.27272727272727271,11,38,6,0.15789473684210525,11,110,21,0.19090909090909092,16,54,12,0.22222222222222221,11,513,0.24756335282651071,0.15594541910331383
expressjs/express,2014-02-19 20:29:39 UTC,Surviving,18,4,0.22222222222222221,3,50,4,0.08,8,70,13,0.18571428571428572,6,177,29,0.16384180790960451,21,147,24,0.16326530612244897,14,470,63,0.13404255319148936,30,299,53,0.17725752508361203,22,734,97,0.13215258855585832,41,5502,0.11232279171210469,0.082515448927662674
eyecatchup/SEOstats,2014-08-27 04:12:20 UTC,Non-surviving,26,7,0.26923076923076922,4,0,0,0.0,0,102,29,0.28431372549019607,17,0,0,0.0,0,106,31,0.29245283018867924,18,1,1,1.0,0,142,39,0.27464788732394368,21,12,2,0.16666666666666666,2,270,0.22962962962962963,0.1
facebook/wangle,2015-10-22 13:51:16 UTC,Non-surviving,14,5,0.35714285714285715,3,18,10,0.55555555555555558,2,78,22,0.28205128205128205,15,49,14,0.2857142857142857,8,138,36,0.2608695652173913,20,99,28,0.28282828282828282,22,138,36,0.2608695652173913,20,190,48,0.25263157894736843,33,1686,0.15183867141162516,0.10438908659549229
fail2ban/fail2ban,2015-05-09 06:26:14 UTC,Non-surviving,26,5,0.19230769230769232,2,16,2,0.125,0,81,18,0.22222222222222221,4,127,35,0.27559055118110237,11,258,45,0.1744186046511628,10,229,60,0.26200873362445415,15,495,93,0.18787878787878787,35,433,114,0.26327944572748269,34,5087,0.20798112836642421,0.08570866915667387
fex-team/fis,2014-12-16 03:32:37 UTC,Non-surviving,5,0,0.0,0,13,0,0.0,0,38,3,0.078947368421052627,0,23,1,0.043478260869565216,0,91,3,0.032967032967032968,0,52,4,0.076923076923076927,0,195,5,0.02564102564102564,0,65,5,0.076923076923076927,0,808,0.018564356435643563,0.0
filp/whoops,2015-11-22 11:58:37 UTC,Surviving,11,1,0.090909090909090912,0,34,13,0.38235294117647056,4,14,1,0.071428571428571425,0,72,24,0.33333333333333331,7,69,9,0.13043478260869565,7,102,28,0.27450980392156865,11,115,19,0.16521739130434782,10,153,40,0.26143790849673204,18,1042,0.20633397312859886,0.10844529750479846
flot/flot,2011-03-17 13:54:30 UTC,Non-surviving,19,5,0.26315789473684209,5,8,5,0.625,0,26,7,0.26923076923076922,5,23,13,0.56521739130434778,1,47,20,0.425531914893617,6,25,14,0.56,1,69,27,0.391304347826087,9,38,16,0.42105263157894735,4,1032,0.32558139534883723,0.12984496124031009
flyerhzm/bullet,2010-06-26 11:05:45 UTC,Surviving,73,1,0.0136986301369863,23,8,0,0.0,0,73,1,0.0136986301369863,23,14,0,0.0,0,105,5,0.047619047619047616,25,27,0,0.0,2,319,15,0.047021943573667714,47,57,1,0.017543859649122806,4,1177,0.16227697536108751,0.088360237892948168
freedomofpress/securedrop,2012-07-03 15:51:39 UTC,Surviving,3,0,0.0,0,0,0,0.0,0,17,4,0.23529411764705882,0,0,0,0.0,0,34,6,0.17647058823529413,2,0,0,0.0,0,41,8,0.1951219512195122,2,26,2,0.076923076923076927,3,9782,0.17102841954610509,0.11132692700879165
fruux/Baikal,2014-02-18 17:38:51 UTC,Non-surviving,22,4,0.18181818181818182,6,0,0,0.0,0,44,6,0.13636363636363635,9,3,0,0.0,0,55,8,0.14545454545454545,9,3,0,0.0,0,79,13,0.16455696202531644,13,30,16,0.53333333333333333,0,689,0.16400580551523947,0.075471698113207544
fuel/fuel,2011-12-13 20:40:21 UTC,Non-surviving,5,0,0.0,0,3,0,0.0,0,40,2,0.05,2,3,0,0.0,0,91,5,0.054945054945054944,5,29,2,0.068965517241379309,2,1132,243,0.2146643109540636,93,62,7,0.11290322580645161,2,2074,0.19045323047251689,0.087753134040501446
gaearon/react-hot-loader,2016-05-04 23:06:19 UTC,Non-surviving,118,22,0.1864406779661017,10,4,1,0.25,0,145,25,0.17241379310344829,13,16,2,0.125,3,162,26,0.16049382716049382,13,70,12,0.17142857142857143,6,337,39,0.11572700296735905,24,136,24,0.17647058823529413,10,1788,0.232662192393736,0.067673378076062635
geokit/geokit,2012-08-07 17:13:18 UTC,Surviving,1,0,0.0,0,0,0,0.0,0,23,8,0.34782608695652173,1,0,0,0.0,0,33,10,0.30303030303030304,1,2,0,0.0,0,57,14,0.24561403508771928,4,28,3,0.10714285714285714,3,661,0.14977307110438728,0.1573373676248109
geokit/geokit-rails,2012-01-31 10:33:57 UTC,Surviving,0,0,0.0,0,0,0,0.0,0,0,0,0.0,0,1,0,0.0,0,2,0,0.0,0,1,0,0.0,0,14,2,0.14285714285714285,0,1,0,0.0,0,334,0.1437125748502994,0.11377245508982035
getpelican/pelican,2013-11-07 11:02:03 UTC,Surviving,23,7,0.30434782608695654,4,29,3,0.10344827586206896,3,102,27,0.26470588235294118,12,71,14,0.19718309859154928,7,266,60,0.22556390977443608,29,165,54,0.32727272727272727,19,700,168,0.24,77,281,97,0.34519572953736655,31,3156,0.24397972116603295,0.10456273764258556
giakki/uncss,2016-02-14 09:02:46 UTC,Non-surviving,17,4,0.23529411764705882,1,2,1,0.5,0,18,4,0.22222222222222221,1,3,1,0.33333333333333331,0,30,5,0.16666666666666666,2,33,9,0.27272727272727271,1,56,9,0.16071428571428573,2,43,9,0.20930232558139536,4,579,0.19170984455958548,0.072538860103626937
github/github-services,2014-11-26 18:00:11 UTC,Non-surviving,108,11,0.10185185185185185,8,41,6,0.14634146341463414,1,185,24,0.12972972972972974,10,66,13,0.19696969696969696,1,312,44,0.14102564102564102,19,112,24,0.21428571428571427,6,598,82,0.13712374581939799,39,193,38,0.19689119170984457,14,3456,0.1267361111111111,0.057870370370370371
github/markup,2010-07-07 18:44:45 UTC,Surviving,3,1,0.33333333333333331,0,1,0,0.0,0,6,2,0.33333333333333331,0,2,0,0.0,0,38,11,0.28947368421052633,0,5,0,0.0,0,99,14,0.14141414141414141,3,13,0,0.0,1,654,0.12996941896024464,0.047400611620795105
gollum/gollum,2015-01-28 06:06:24 UTC,Non-surviving,14,3,0.21428571428571427,0,5,0,0.0,0,52,9,0.17307692307692307,3,28,2,0.071428571428571425,2,73,13,0.17808219178082191,4,37,7,0.1891891891891892,2,107,21,0.19626168224299065,6,86,25,0.29069767441860467,5,1943,0.25476067936181163,0.061245496654657748
haml/haml,2011-12-16 22:44:18 UTC,Surviving,22,3,0.13636363636363635,1,0,0,0.0,0,56,12,0.21428571428571427,1,7,0,0.0,0,72,18,0.25,3,303,34,0.11221122112211221,60,99,24,0.24242424242424243,5,414,57,0.13768115942028986,71,5294,0.14922553834529656,0.0859463543634303
hashrocket/decent_exposure,2015-01-06 23:49:38 UTC,Non-surviving,2,1,0.5,0,0,0,0.0,0,4,1,0.25,0,1,0,0.0,0,26,3,0.11538461538461539,4,14,2,0.14285714285714285,2,77,17,0.22077922077922077,10,17,2,0.11764705882352941,3,394,0.13959390862944163,0.12436548223350254
hexchat/hexchat,2015-02-04 10:48:44 UTC,Non-surviving,28,7,0.25,4,30,12,0.4,6,103,37,0.35922330097087379,17,63,24,0.38095238095238093,13,136,58,0.4264705882352941,21,69,28,0.40579710144927539,13,282,104,0.36879432624113473,42,116,41,0.35344827586206895,20,3408,0.22036384976525822,0.094776995305164313
igrigorik/em-websocket,2015-01-24 12:27:43 UTC,Non-surviving,2,2,1.0,0,0,0,0.0,0,2,2,1.0,0,0,0,0.0,0,2,2,1.0,0,0,0,0.0,0,12,3,0.25,1,0,0,0.0,0,349,0.16905444126074498,0.13753581661891118
insoshi/insoshi,2008-07-20 18:24:48 UTC,Non-surviving,105,8,0.0761904761904762,12,78,8,0.10256410256410256,7,456,75,0.16447368421052633,31,308,64,0.20779220779220781,25,944,134,0.14194915254237289,66,323,67,0.20743034055727555,25,944,134,0.14194915254237289,66,353,72,0.20396600566572237,28,1320,0.15909090909090909,0.073484848484848486
jacomyal/sigma.js,2015-03-01 14:08:28 UTC,Non-surviving,7,2,0.2857142857142857,1,4,1,0.25,1,47,13,0.27659574468085107,3,26,8,0.30769230769230771,3,127,44,0.34645669291338582,8,34,12,0.35294117647058826,4,366,104,0.28415300546448086,23,85,26,0.30588235294117649,12,824,0.25485436893203883,0.08859223300970874
janl/mustache.js,2015-10-16 19:39:16 UTC,Non-surviving,14,4,0.2857142857142857,0,18,2,0.1111111111111111,0,25,6,0.24,0,26,4,0.15384615384615385,1,70,17,0.24285714285714285,7,39,5,0.12820512820512819,1,123,25,0.2032520325203252,12,50,9,0.18,1,753,0.19521912350597609,0.074369189907038516
jerryscript-project/jerryscript,2015-12-11 11:44:15 UTC,Surviving,32,14,0.4375,5,4,1,0.25,2,91,39,0.42857142857142855,15,139,43,0.30935251798561153,39,462,187,0.40476190476190477,77,259,72,0.277992277992278,86,751,249,0.33155792276964047,121,518,147,0.28378378378378377,163,3336,0.32763788968824942,0.18974820143884893
joemccann/dillinger,2015-03-31 14:39:57 UTC,Non-surviving,12,1,0.083333333333333329,0,3,1,0.33333333333333331,1,16,2,0.125,0,19,5,0.26315789473684209,8,227,32,0.14096916299559473,26,70,11,0.15714285714285714,14,358,57,0.15921787709497207,45,164,28,0.17073170731707318,22,1452,0.13705234159779614,0.079201101928374651
joestump/python-oauth2,2015-07-29 13:06:50 UTC,Non-surviving,0,0,0.0,0,11,5,0.45454545454545453,0,0,0,0.0,0,30,9,0.3,0,0,0,0.0,0,31,9,0.29032258064516131,0,2,1,0.5,0,31,9,0.29032258064516131,0,352,0.19602272727272727,0.036931818181818184
josevalim/rails-footnotes,2014-05-13 21:32:56 UTC,Surviving,7,2,0.2857142857142857,0,2,0,0.0,0,55,7,0.12727272727272726,13,21,3,0.14285714285714285,1,58,7,0.1206896551724138,14,40,8,0.2,3,66,9,0.13636363636363635,15,58,17,0.29310344827586204,3,447,0.22371364653243847,0.10514541387024609
jquery-validation/jquery-validation,2015-09-03 09:20:46 UTC,Non-surviving,4,2,0.5,0,19,12,0.631578947368421,0,32,13,0.40625,8,59,23,0.38983050847457629,3,46,16,0.34782608695652173,8,84,34,0.40476190476190477,3,97,38,0.39175257731958762,16,110,46,0.41818181818181815,6,841,0.33531510107015455,0.14744351961950058
junit-team/junit4,2015-08-10 12:04:38 UTC,Non-surviving,13,0,0.0,0,26,1,0.038461538461538464,0,36,7,0.19444444444444445,3,76,6,0.078947368421052627,0,57,14,0.24561403508771928,9,86,7,0.081395348837209308,0,162,30,0.18518518518518517,22,141,26,0.18439716312056736,19,2397,0.21735502711722987,0.16103462661660409
justinwalsh/daux.io,2014-11-20 07:20:23 UTC,Surviving,12,7,0.58333333333333337,0,5,2,0.4,0,24,8,0.33333333333333331,0,5,2,0.4,0,65,19,0.29230769230769232,4,25,6,0.24,5,155,42,0.2709677419354839,12,140,38,0.27142857142857141,22,643,0.27682737169517885,0.08553654743390357
jwt/ruby-jwt,2014-11-24 14:54:55 UTC,Surviving,0,0,0.0,0,0,0,0.0,0,11,1,0.090909090909090912,0,6,1,0.16666666666666666,0,11,1,0.090909090909090912,0,66,13,0.19696969696969696,5,41,5,0.12195121951219512,4,142,33,0.23239436619718309,10,578,0.2179930795847751,0.10034602076124567
kneath/kss,2014-07-20 22:27:40 UTC,Non-surviving,0,0,0.0,0,0,0,0.0,0,0,0,0.0,0,0,0,0.0,0,1,0,0.0,0,0,0,0.0,0,21,7,0.33333333333333331,2,0,0,0.0,0,183,0.12021857923497267,0.0273224043715847
kohana/kohana,2014-04-24 11:41:30 UTC,Non-surviving,2,0,0.0,0,0,0,0.0,0,2,0,0.0,0,1,0,0.0,0,7,1,0.14285714285714285,0,14,7,0.5,1,18,3,0.16666666666666666,0,18,7,0.3888888888888889,1,1269,0.092198581560283682,0.054373522458628844
leafo/scssphp,2013-10-07 15:28:57 UTC,Surviving,3,0,0.0,0,1,0,0.0,0,5,2,0.4,0,16,3,0.1875,3,38,11,0.28947368421052633,3,23,4,0.17391304347826086,4,154,36,0.23376623376623376,11,93,19,0.20430107526881722,8,1146,0.25305410122164052,0.095113438045375212
less/less.js,2016-02-17 02:33:04 UTC,Non-surviving,26,2,0.076923076923076927,0,17,4,0.23529411764705882,0,57,13,0.22807017543859648,3,51,15,0.29411764705882354,3,77,19,0.24675324675324675,3,92,25,0.27173913043478259,9,209,66,0.31578947368421051,12,126,34,0.26984126984126983,12,2885,0.27729636048526862,0.10051993067590988
lisa-lab/pylearn2,2015-08-05 20:16:25 UTC,Non-surviving,3,2,0.66666666666666663,0,1,0,0.0,0,58,23,0.39655172413793105,8,10,2,0.2,3,276,94,0.34057971014492755,26,16,5,0.3125,3,923,291,0.31527627302275191,89,17,5,0.29411764705882354,3,7119,0.21744627054361568,0.10788032026970081
mailboxer/mailboxer,2013-08-02 17:25:34 UTC,Non-surviving,12,1,0.083333333333333329,3,24,4,0.16666666666666666,1,13,1,0.076923076923076927,3,44,11,0.25,4,36,5,0.1388888888888889,3,78,17,0.21794871794871795,11,57,11,0.19298245614035087,4,125,23,0.184,14,513,0.21052631578947367,0.081871345029239762
maroslaw/rainyday.js,2014-10-28 16:56:59 UTC,Non-surviving,1,0,0.0,0,0,0,0.0,0,7,4,0.5714285714285714,0,0,0,0.0,0,12,7,0.58333333333333337,0,1,0,0.0,0,82,24,0.29268292682926828,13,1,0,0.0,0,290,0.19655172413793104,0.13793103448275862
maximebf/php-debugbar,2014-09-16 11:22:43 UTC,Non-surviving,13,2,0.15384615384615385,1,2,0,0.0,1,34,4,0.11764705882352941,5,43,10,0.23255813953488372,3,86,13,0.15116279069767441,15,64,15,0.234375,4,221,33,0.14932126696832579,24,82,15,0.18292682926829268,5,550,0.17454545454545456,0.090909090909090912
mikel/mail,2014-11-03 10:59:32 UTC,Non-surviving,7,0,0.0,1,11,6,0.54545454545454541,1,41,13,0.31707317073170732,9,12,6,0.5,1,129,35,0.27131782945736432,15,37,8,0.21621621621621623,2,166,46,0.27710843373493976,21,66,12,0.18181818181818182,7,1817,0.20418271876719868,0.089708310401761152
mileszs/wicked_pdf,2013-04-10 16:08:34 UTC,Surviving,9,4,0.44444444444444442,0,7,1,0.14285714285714285,0,40,12,0.3,1,15,2,0.13333333333333333,0,63,20,0.31746031746031744,3,30,3,0.1,1,106,32,0.30188679245283018,4,60,9,0.15,5,762,0.19553805774278216,0.093175853018372709
minimagick/minimagick,2012-10-16 12:24:21 UTC,Surviving,2,0,0.0,0,2,0,0.0,1,3,0,0.0,0,15,0,0.0,2,7,1,0.14285714285714285,0,29,1,0.034482758620689655,2,44,6,0.13636363636363635,4,52,11,0.21153846153846154,4,712,0.24859550561797752,0.096910112359550563
mochajs/mocha,2014-05-16 14:14:01 UTC,Surviving,11,5,0.45454545454545453,1,14,4,0.2857142857142857,0,47,18,0.38297872340425532,2,77,25,0.32467532467532467,3,123,33,0.26829268292682928,6,188,54,0.28723404255319152,9,278,60,0.21582733812949639,18,367,120,0.32697547683923706,15,3216,0.24533582089552239,0.0861318407960199
mofarrell/p2pvc,2015-02-11 17:54:19 UTC,Non-surviving,92,12,0.13043478260869565,3,0,0,0.0,0,92,12,0.13043478260869565,3,0,0,0.0,0,92,12,0.13043478260869565,3,0,0,0.0,0,92,12,0.13043478260869565,3,3,1,0.33333333333333331,2,196,0.17346938775510204,0.035714285714285712
mojombo/god,2012-09-17 15:29:23 UTC,Non-surviving,1,0,0.0,0,1,1,1.0,0,2,0,0.0,0,1,1,1.0,0,6,2,0.33333333333333331,0,5,4,0.8,0,72,12,0.16666666666666666,7,31,10,0.32258064516129031,2,813,0.16113161131611317,0.070110701107011064
mongodb/mongo-python-driver,2010-09-29 12:45:28 UTC,Surviving,38,2,0.052631578947368418,8,6,0,0.0,1,98,8,0.081632653061224483,20,14,2,0.14285714285714285,1,201,21,0.1044776119402985,34,54,21,0.3888888888888889,1,474,49,0.10337552742616034,68,237,63,0.26582278481012656,26,4356,0.19329660238751148,0.10583103764921947
mongodb/mongoid,2016-02-22 08:12:10 UTC,Non-surviving,34,5,0.14705882352941177,0,18,3,0.16666666666666666,6,108,17,0.15740740740740741,0,121,13,0.10743801652892562,11,243,33,0.13580246913580246,7,180,22,0.12222222222222222,16,392,86,0.21938775510204081,13,364,56,0.15384615384615385,31,7321,0.22469607977052317,0.10845512908072667
mongomapper/mongomapper,2015-06-01 04:05:16 UTC,Non-surviving,0,0,0.0,0,0,0,0.0,0,0,0,0.0,0,0,0,0.0,0,12,3,0.25,0,0,0,0.0,0,47,12,0.25531914893617019,3,18,6,0.33333333333333331,2,1639,0.1720561317876754,0.12385600976205004
mustache/mustache,2013-11-11 16:11:57 UTC,Surviving,0,0,0.0,0,0,0,0.0,0,0,0,0.0,0,11,5,0.45454545454545453,1,3,0,0.0,1,36,10,0.27777777777777779,6,5,2,0.4,1,75,13,0.17333333333333334,10,779,0.11938382541720154,0.0821566110397946
newsapps/beeswithmachineguns,2013-04-27 13:52:03 UTC,Surviving,22,5,0.22727272727272727,2,7,4,0.5714285714285714,1,30,9,0.3,2,8,4,0.5,1,43,11,0.2558139534883721,3,14,7,0.5,2,46,11,0.2391304347826087,3,19,9,0.47368421052631576,3,249,0.17269076305220885,0.0963855421686747
node-inspector/node-inspector,2016-04-08 20:00:49 UTC,Non-surviving,3,2,0.66666666666666663,1,0,0,0.0,0,17,6,0.35294117647058826,1,0,0,0.0,0,27,8,0.29629629629629628,1,0,0,0.0,0,121,40,0.33057851239669422,9,7,3,0.42857142857142855,1,621,0.27697262479871176,0.11272141706924316
node-nock/nock,2016-04-13 13:40:36 UTC,Non-surviving,50,5,0.1,1,1,0,0.0,0,126,11,0.0873015873015873,6,5,2,0.4,0,280,39,0.13928571428571429,10,18,5,0.27777777777777779,1,404,67,0.16584158415841585,12,148,37,0.25,4,1480,0.20540540540540542,0.03783783783783784
nodejs/node-gyp,2015-11-06 06:21:48 UTC,Non-surviving,4,1,0.25,1,6,2,0.33333333333333331,0,26,6,0.23076923076923078,3,13,7,0.53846153846153844,3,68,16,0.23529411764705882,4,23,10,0.43478260869565216,3,87,18,0.20689655172413793,10,51,18,0.35294117647058826,8,962,0.19022869022869024,0.080041580041580046
norman/friendly_id,2015-09-22 16:36:05 UTC,Non-surviving,0,0,0.0,0,2,0,0.0,0,5,1,0.2,0,4,0,0.0,0,39,5,0.12820512820512819,1,34,5,0.14705882352941177,3,85,19,0.22352941176470589,2,38,6,0.15789473684210525,3,1548,0.165374677002584,0.11434108527131782
numba/numba,2013-12-02 10:27:13 UTC,Surviving,13,2,0.15384615384615385,0,29,1,0.034482758620689655,5,81,25,0.30864197530864196,7,378,85,0.22486772486772486,54,345,67,0.19420289855072465,16,619,135,0.21809369951534732,94,1986,387,0.19486404833836857,183,2012,515,0.25596421471172964,270,14769,0.2511341323041506,0.10684541945967906
oneclick/rubyinstaller,2014-12-31 15:04:33 UTC,Non-surviving,4,0,0.0,2,1,0,0.0,1,16,0,0.0,2,13,0,0.0,2,24,1,0.041666666666666664,2,22,2,0.090909090909090912,2,51,3,0.058823529411764705,2,28,2,0.071428571428571425,2,924,0.10930735930735931,0.11471861471861472
pallets/click,2016-03-25 07:49:35 UTC,Non-surviving,5,0,0.0,1,28,7,0.25,0,17,2,0.11764705882352941,2,35,11,0.31428571428571428,1,99,28,0.28282828282828282,5,59,18,0.30508474576271188,2,223,61,0.273542600896861,8,92,30,0.32608695652173914,4,1324,0.24622356495468278,0.06117824773413897
paramiko/paramiko,2011-05-23 17:49:47 UTC,Non-surviving,0,0,0.0,0,0,0,0.0,0,0,0,0.0,0,3,0,0.0,0,1,0,0.0,0,21,3,0.14285714285714285,1,3,0,0.0,0,51,11,0.21568627450980393,3,3389,0.14694600177043377,0.0658011212747123
pdfkit/pdfkit,2012-03-16 12:48:01 UTC,Surviving,2,1,0.5,0,1,1,1.0,0,4,1,0.25,0,4,1,0.25,0,5,1,0.2,0,6,3,0.5,0,34,7,0.20588235294117646,1,20,4,0.2,0,438,0.18493150684931506,0.089041095890410954
petergoldstein/dalli,2014-11-03 19:16:37 UTC,Non-surviving,14,0,0.0,6,4,1,0.25,0,18,0,0.0,6,7,1,0.14285714285714285,0,35,4,0.11428571428571428,7,24,3,0.125,0,104,16,0.15384615384615385,18,41,8,0.1951219512195122,1,963,0.19314641744548286,0.09657320872274143
php-amqplib/php-amqplib,2016-02-02 15:58:31 UTC,Non-surviving,4,1,0.25,0,50,15,0.3,6,17,7,0.41176470588235292,0,68,20,0.29411764705882354,6,83,26,0.31325301204819278,11,78,25,0.32051282051282054,8,122,35,0.28688524590163933,17,94,31,0.32978723404255317,9,992,0.27116935483870969,0.10887096774193548
pixie-lang/pixie,2015-10-07 23:43:54 UTC,Non-surviving,30,5,0.16666666666666666,1,49,8,0.16326530612244897,6,79,12,0.15189873417721519,11,100,12,0.12,11,178,21,0.11797752808988764,24,148,20,0.13513513513513514,16,1152,223,0.1935763888888889,88,152,20,0.13157894736842105,16,1367,0.18507681053401609,0.084125822970007313
plataformatec/has_scope,2015-07-21 09:36:43 UTC,Non-surviving,0,0,0.0,0,0,0,0.0,0,0,0,0.0,0,1,0,0.0,0,4,0,0.0,0,13,0,0.0,2,11,1,0.090909090909090912,0,13,0,0.0,2,153,0.098039215686274508,0.06535947712418301
plataformatec/responders,2015-07-17 14:34:18 UTC,Non-surviving,3,2,0.66666666666666663,0,1,0,0.0,0,8,3,0.375,0,3,1,0.33333333333333331,0,16,4,0.25,0,12,2,0.16666666666666666,0,56,10,0.17857142857142858,1,24,6,0.25,1,357,0.12324929971988796,0.053221288515406161
pockethub/PocketHub,2015-04-09 19:37:20 UTC,Non-surviving,38,9,0.23684210526315788,7,70,14,0.2,16,105,32,0.30476190476190479,13,90,14,0.15555555555555556,19,252,76,0.30158730158730157,20,194,34,0.17525773195876287,23,273,83,0.304029304029304,20,356,65,0.18258426966292135,37,3434,0.110658124635993,0.14036109493302271
postrank-labs/goliath,2015-06-25 22:46:53 UTC,Non-surviving,1,1,1.0,1,0,0,0.0,0,3,1,0.33333333333333331,1,0,0,0.0,0,15,1,0.066666666666666666,2,0,0,0.0,0,22,6,0.27272727272727271,2,6,0,0.0,0,778,0.11439588688946016,0.10796915167095116
prolificinteractive/material-calendarview,2015-10-30 14:51:05 UTC,Non-surviving,22,2,0.090909090909090912,3,15,2,0.13333333333333333,0,86,13,0.15116279069767441,10,27,4,0.14814814814814814,0,183,23,0.12568306010928962,23,29,5,0.17241379310344829,0,295,30,0.10169491525423729,36,168,34,0.20238095238095238,25,553,0.15913200723327306,0.12658227848101267
propelorm/Propel2,2015-01-01 18:16:01 UTC,Non-surviving,13,6,0.46153846153846156,1,22,7,0.31818181818181818,3,91,38,0.4175824175824176,9,48,19,0.39583333333333331,3,177,87,0.49152542372881358,20,78,33,0.42307692307692307,3,326,151,0.46319018404907975,37,202,81,0.400990099009901,6,4255,0.37109283196239717,0.13254994124559341
pypa/virtualenv,2012-05-04 18:58:35 UTC,Non-surviving,19,4,0.21052631578947367,0,9,3,0.33333333333333331,0,66,14,0.21212121212121213,2,52,19,0.36538461538461536,2,140,32,0.22857142857142856,8,130,40,0.30769230769230771,7,187,45,0.24064171122994651,10,257,61,0.23735408560311283,14,1751,0.1856082238720731,0.055396916047972589
python-visualization/folium,2014-11-30 23:42:02 UTC,Surviving,1,0,0.0,0,10,5,0.5,0,9,2,0.22222222222222221,2,27,6,0.22222222222222221,0,20,3,0.15,3,76,11,0.14473684210526316,3,53,7,0.13207547169811321,5,222,59,0.26576576576576577,11,1396,0.22564469914040114,0.080229226361031525
react-bootstrap/react-bootstrap,2014-11-19 21:58:22 UTC,Surviving,17,5,0.29411764705882354,4,6,3,0.5,0,42,15,0.35714285714285715,6,51,10,0.19607843137254902,0,184,47,0.25543478260869568,25,424,130,0.30660377358490565,47,406,80,0.19704433497536947,56,1346,363,0.26968796433878156,122,3341,0.23196647710266388,0.088296917090691415
reactphp/react,2015-03-19 18:31:56 UTC,Non-surviving,0,0,0.0,0,0,0,0.0,0,3,0,0.0,0,0,0,0.0,0,8,1,0.125,0,1,0,0.0,0,32,4,0.125,0,1,0,0.0,0,929,0.15715823466092574,0.13132400430570507
redis-store/redis-store,2013-11-05 07:54:53 UTC,Non-surviving,0,0,0.0,0,0,0,0.0,0,14,0,0.0,0,1,0,0.0,0,40,11,0.275,0,1,0,0.0,0,46,11,0.2391304347826087,0,2,0,0.0,0,634,0.11829652996845426,0.0583596214511041
redis/hiredis,2015-04-28 17:00:48 UTC,Non-surviving,7,1,0.14285714285714285,1,4,1,0.25,1,19,7,0.36842105263157893,1,10,2,0.2,1,46,18,0.391304347826087,5,24,5,0.20833333333333334,1,66,24,0.36363636363636365,11,57,20,0.35087719298245612,9,753,0.2549800796812749,0.12881806108897742
redis/redis-rb,2014-05-01 11:37:44 UTC,Non-surviving,2,1,0.5,0,5,0,0.0,0,7,1,0.14285714285714285,0,43,4,0.093023255813953487,4,49,8,0.16326530612244897,2,56,5,0.089285714285714288,4,80,13,0.1625,3,172,27,0.15697674418604651,6,1679,0.16676593210244192,0.075044669446098874
reflux/refluxjs,2015-11-17 10:12:28 UTC,Non-surviving,3,1,0.33333333333333331,0,0,0,0.0,0,14,5,0.35714285714285715,0,10,0,0.0,1,80,20,0.25,3,36,1,0.027777777777777776,3,207,51,0.24637681159420291,7,53,3,0.056603773584905662,4,579,0.21588946459412781,0.079447322970639028
remiprev/her,2015-07-14 08:38:38 UTC,Non-surviving,9,2,0.22222222222222221,0,7,1,0.14285714285714285,1,40,6,0.15,3,14,3,0.21428571428571427,1,48,7,0.14583333333333334,3,16,3,0.1875,1,61,10,0.16393442622950818,3,18,4,0.22222222222222221,1,912,0.13267543859649122,0.1206140350877193
resque/resque,2013-03-21 20:47:07 UTC,Non-surviving,57,25,0.43859649122807015,5,32,6,0.1875,3,66,29,0.43939393939393939,6,69,17,0.24637681159420291,12,133,57,0.42857142857142855,13,85,21,0.24705882352941178,13,173,69,0.39884393063583817,16,113,34,0.30088495575221241,16,1666,0.22569027611044418,0.066026410564225688
rest-client/rest-client,2011-11-19 13:48:07 UTC,Surviving,5,3,0.6,0,1,0,0.0,0,13,6,0.46153846153846156,0,3,0,0.0,0,33,8,0.24242424242424243,1,4,1,0.25,0,52,14,0.26923076923076922,1,10,2,0.2,0,985,0.18984771573604062,0.089340101522842635
restify/node-restify,2015-01-21 20:44:59 UTC,Surviving,4,2,0.5,0,12,5,0.41666666666666669,0,22,6,0.27272727272727271,1,68,15,0.22058823529411764,3,43,11,0.2558139534883721,2,179,32,0.1787709497206704,10,152,33,0.21710526315789475,11,294,65,0.22108843537414966,10,1652,0.19794188861985473,0.074455205811138014
ricardochimal/taps,2011-02-14 07:58:07 UTC,Non-surviving,3,0,0.0,0,10,0,0.0,0,17,0,0.0,1,37,1,0.027027027027027029,0,35,3,0.085714285714285715,3,37,1,0.027027027027027029,0,151,17,0.11258278145695365,10,37,1,0.027027027027027029,0,405,0.083950617283950618,0.059259259259259262
roidrage/lograge,2015-11-15 09:55:53 UTC,Non-surviving,7,0,0.0,0,8,1,0.125,1,12,1,0.083333333333333329,0,15,4,0.26666666666666666,1,38,9,0.23684210526315788,0,48,12,0.25,2,82,13,0.15853658536585366,1,63,14,0.22222222222222221,2,425,0.11294117647058824,0.070588235294117646
s3tools/s3cmd,2014-10-27 22:05:40 UTC,Non-surviving,0,0,0.0,0,10,1,0.1,0,12,8,0.66666666666666663,1,115,32,0.27826086956521739,13,48,18,0.375,6,218,66,0.30275229357798167,22,236,74,0.3135593220338983,16,353,125,0.35410764872521244,41,1654,0.30411124546553808,0.10217654171704958
savonrb/savon,2013-09-11 08:05:47 UTC,Non-surviving,0,0,0.0,0,2,1,0.5,0,16,5,0.3125,2,13,3,0.23076923076923078,1,283,35,0.12367491166077739,63,26,5,0.19230769230769232,1,540,66,0.12222222222222222,105,84,19,0.22619047619047619,3,1530,0.15098039215686274,0.13790849673202615
schacon/ruby-git,2009-08-10 12:08:42 UTC,Non-surviving,12,0,0.0,1,0,0,0.0,0,12,0,0.0,1,10,1,0.1,0,27,2,0.07407407407407407,3,10,1,0.1,0,41,2,0.04878048780487805,5,10,1,0.1,0,379,0.10026385224274406,0.06860158311345646
scottjehl/picturefill,2016-02-14 09:25:52 UTC,Non-surviving,13,1,0.076923076923076927,4,0,0,0.0,0,24,3,0.125,4,3,0,0.0,0,74,15,0.20270270270270271,9,3,0,0.0,0,240,50,0.20833333333333334,23,3,0,0.0,0,800,0.20875,0.08625
scribejava/scribejava,2015-08-22 14:01:09 UTC,Surviving,3,0,0.0,0,0,0,0.0,0,5,1,0.2,0,2,0,0.0,1,7,3,0.42857142857142855,0,91,6,0.065934065934065936,5,16,3,0.1875,0,236,22,0.093220338983050849,18,1134,0.10670194003527336,0.079365079365079361
seajs/seajs,2014-05-19 03:38:59 UTC,Non-surviving,25,3,0.12,3,18,4,0.22222222222222221,5,46,11,0.2391304347826087,6,63,18,0.2857142857142857,7,58,15,0.25862068965517243,7,69,20,0.28985507246376813,7,414,56,0.13526570048309178,65,81,23,0.2839506172839506,7,2520,0.12738095238095237,0.19285714285714287
senchalabs/connect,2013-12-03 14:38:27 UTC,Surviving,4,1,0.25,0,16,1,0.0625,0,104,28,0.26923076923076922,7,74,6,0.081081081081081086,3,172,37,0.21511627906976744,15,247,20,0.080971659919028341,17,265,60,0.22641509433962265,17,571,33,0.057793345008756568,26,3556,0.13357705286839144,0.07395950506186727
showdownjs/showdown,2012-08-11 10:02:41 UTC,Surviving,0,0,0.0,0,2,0,0.0,1,53,12,0.22641509433962265,2,41,8,0.1951219512195122,1,53,12,0.22641509433962265,2,43,8,0.18604651162790697,1,55,12,0.21818181818181817,2,44,9,0.20454545454545456,1,761,0.22733245729303547,0.056504599211563734
silexphp/Pimple,2015-07-30 12:45:46 UTC,Non-surviving,0,0,0.0,0,1,0,0.0,0,3,0,0.0,1,6,0,0.0,0,3,0,0.0,1,6,0,0.0,0,16,7,0.4375,2,7,0,0.0,0,253,0.25691699604743085,0.12648221343873517
silviomoreto/bootstrap-select,2015-02-24 15:19:51 UTC,Surviving,9,5,0.55555555555555558,1,1,1,1.0,0,59,11,0.1864406779661017,6,78,15,0.19230769230769232,8,99,21,0.21212121212121213,14,146,39,0.26712328767123289,11,276,69,0.25,24,255,52,0.20392156862745098,14,1254,0.27113237639553428,0.0645933014354067
simplepie/simplepie,2010-08-08 10:47:46 UTC,Non-surviving,11,3,0.27272727272727271,1,0,0,0.0,0,13,4,0.30769230769230771,1,8,1,0.125,1,29,10,0.34482758620689657,3,32,9,0.28125,3,54,15,0.27777777777777779,3,58,12,0.20689655172413793,6,1476,0.27710027100271,0.088753387533875336
sinatra/sinatra,2016-04-13 21:33:52 UTC,Non-surviving,6,1,0.16666666666666666,1,50,7,0.14,5,78,10,0.12820512820512819,3,86,13,0.15116279069767441,9,108,17,0.15740740740740741,7,229,27,0.11790393013100436,13,199,27,0.135678391959799,18,330,41,0.12424242424242424,19,4094,0.19174401563263313,0.078407425500732778
soundcloud/lhm,2012-02-17 08:04:40 UTC,Surviving,29,2,0.068965517241379309,0,6,1,0.16666666666666666,2,87,7,0.080459770114942528,3,18,4,0.22222222222222221,3,101,8,0.079207920792079209,4,18,4,0.22222222222222221,3,113,8,0.070796460176991149,5,28,7,0.25,3,356,0.15168539325842698,0.078651685393258425
soveran/cuba,2013-11-28 21:28:52 UTC,Non-surviving,1,0,0.0,0,2,0,0.0,0,1,0,0.0,0,4,0,0.0,0,5,0,0.0,0,12,0,0.0,0,8,1,0.125,0,36,1,0.027777777777777776,1,307,0.097719869706840393,0.0781758957654723
sparklemotion/mechanize,2015-01-14 20:38:16 UTC,Non-surviving,0,0,0.0,0,13,0,0.0,3,9,0,0.0,1,13,0,0.0,3,12,0,0.0,3,13,0,0.0,3,50,4,0.08,3,45,6,0.13333333333333333,4,1445,0.15224913494809689,0.079584775086505188
spinnaker/spinnaker,2015-01-27 17:37:49 UTC,Surviving,1,0,0.0,0,0,0,0.0,0,4,0,0.0,0,0,0,0.0,0,12,1,0.083333333333333329,0,1,0,0.0,1,12,1,0.083333333333333329,0,709,128,0.18053596614950634,64,1975,0.17721518987341772,0.097721518987341771
sripathikrishnan/redis-rdb-tools,2013-10-17 02:36:07 UTC,Non-surviving,1,0,0.0,1,7,3,0.42857142857142855,2,1,0,0.0,1,7,3,0.42857142857142855,2,1,0,0.0,1,11,3,0.27272727272727271,2,4,0,0.0,1,13,4,0.30769230769230771,2,210,0.22380952380952382,0.052380952380952382
stefankroes/ancestry,2015-05-13 05:02:25 UTC,Non-surviving,0,0,0.0,0,0,0,0.0,0,2,2,1.0,0,1,0,0.0,1,2,2,1.0,0,2,0,0.0,1,18,9,0.5,1,22,3,0.13636363636363635,3,462,0.19913419913419914,0.11255411255411256
stephanenicolas/robospice,2014-09-06 08:32:51 UTC,Non-surviving,2,1,0.5,0,0,0,0.0,0,88,13,0.14772727272727273,3,2,0,0.0,0,119,19,0.15966386554621848,6,3,0,0.0,0,296,46,0.1554054054054054,20,3,0,0.0,0,868,0.12442396313364056,0.067972350230414744
stevegraham/slanger,2015-09-13 21:16:39 UTC,Non-surviving,0,0,0.0,0,0,0,0.0,0,13,3,0.23076923076923078,2,0,0,0.0,0,69,10,0.14492753623188406,8,10,0,0.0,1,77,15,0.19480519480519481,8,10,0,0.0,1,397,0.17380352644836272,0.1385390428211587
streamio/streamio-ffmpeg,2014-01-30 11:18:03 UTC,Non-surviving,0,0,0.0,0,8,1,0.125,4,0,0,0.0,0,8,1,0.125,4,13,2,0.15384615384615385,0,8,1,0.125,4,32,7,0.21875,0,11,1,0.090909090909090912,5,347,0.13256484149855907,0.069164265129683
stripe/stripe-php,2016-02-24 19:20:23 UTC,Non-surviving,15,0,0.0,0,19,6,0.31578947368421051,1,28,3,0.10714285714285714,0,36,8,0.22222222222222221,1,58,8,0.13793103448275862,2,74,12,0.16216216216216217,4,123,26,0.21138211382113822,8,130,25,0.19230769230769232,8,1321,0.16124148372445118,0.050719152157456475
stylus/stylus,2013-04-04 16:27:52 UTC,Surviving,5,1,0.2,1,5,0,0.0,0,29,8,0.27586206896551724,2,38,8,0.21052631578947367,0,89,33,0.3707865168539326,3,200,49,0.245,9,253,76,0.30039525691699603,19,477,170,0.35639412997903563,25,4000,0.2495,0.064
svenfuchs/rails-i18n,2013-02-19 05:32:47 UTC,Non-surviving,4,1,0.25,0,19,2,0.10526315789473684,0,35,12,0.34285714285714286,0,40,8,0.2,2,73,24,0.32876712328767121,0,88,15,0.17045454545454544,3,182,51,0.28021978021978022,2,195,38,0.19487179487179487,3,1810,0.20552486187845304,0.037016574585635356
swanandp/acts_as_list,2013-07-27 07:24:40 UTC,Surviving,2,1,0.5,1,2,0,0.0,0,3,1,0.33333333333333331,1,7,2,0.2857142857142857,0,34,7,0.20588235294117646,5,13,4,0.30769230769230771,0,59,11,0.1864406779661017,6,37,12,0.32432432432432434,1,488,0.2151639344262295,0.090163934426229511
swiftmailer/swiftmailer,2012-06-21 07:46:20 UTC,Surviving,16,5,0.3125,1,27,8,0.29629629629629628,2,34,10,0.29411764705882354,1,55,24,0.43636363636363634,5,75,19,0.25333333333333335,12,80,37,0.4625,6,130,33,0.25384615384615383,17,148,64,0.43243243243243246,10,1548,0.30684754521963825,0.13307493540051679
teampoltergeist/poltergeist,2013-07-25 18:39:00 UTC,Non-surviving,17,11,0.6470588235294118,2,13,2,0.15384615384615385,1,40,23,0.575,5,53,11,0.20754716981132076,3,119,53,0.44537815126050423,9,82,20,0.24390243902439024,4,221,85,0.38461538461538464,11,115,26,0.22608695652173913,5,975,0.25025641025641027,0.06051282051282051
technicalpickles/homesick,2014-01-09 14:11:56 UTC,Surviving,32,4,0.125,3,24,3,0.125,5,59,4,0.067796610169491525,3,38,5,0.13157894736842105,8,105,12,0.11428571428571428,9,69,7,0.10144927536231885,15,223,28,0.12556053811659193,19,90,10,0.1111111111111111,17,546,0.14652014652014653,0.1227106227106227
technicalpickles/jeweler,2016-03-18 15:19:34 UTC,Non-surviving,0,0,0.0,0,8,2,0.25,1,1,0,0.0,0,8,2,0.25,1,1,0,0.0,0,8,2,0.25,1,2,0,0.0,1,32,3,0.09375,2,977,0.13203684749232344,0.11156601842374617
technoweenie/restful-authentication,2008-09-05 01:39:55 UTC,Non-surviving,24,6,0.25,1,0,0,0.0,0,45,12,0.26666666666666666,1,4,1,0.25,0,125,30,0.24,15,20,2,0.1,0,154,38,0.24675324675324675,17,22,3,0.13636363636363635,0,223,0.22421524663677131,0.098654708520179366
tenex/rails-assets,2016-01-20 11:33:38 UTC,Non-surviving,0,0,0.0,0,47,5,0.10638297872340426,7,17,0,0.0,0,281,27,0.096085409252669035,26,19,0,0.0,0,461,46,0.099783080260303691,42,64,14,0.21875,5,514,55,0.10700389105058365,50,1469,0.18584070796460178,0.091899251191286585
thephpleague/oauth2-client,2014-12-03 04:50:13 UTC,Surviving,32,4,0.125,1,29,2,0.068965517241379309,3,48,6,0.125,1,80,10,0.125,6,66,7,0.10606060606060606,3,232,39,0.16810344827586207,26,147,23,0.15646258503401361,9,440,59,0.13409090909090909,40,982,0.12932790224032586,0.07128309572301425
thoughtbot/high_voltage,2015-06-13 14:25:29 UTC,Non-surviving,0,0,0.0,0,1,0,0.0,0,11,0,0.0,1,7,1,0.14285714285714285,0,21,1,0.047619047619047616,1,8,1,0.125,0,29,3,0.10344827586206896,1,20,3,0.15,2,343,0.087463556851311949,0.061224489795918366
thoughtbot/shoulda,2012-07-17 18:33:43 UTC,Non-surviving,2,0,0.0,0,0,0,0.0,0,4,0,0.0,0,5,0,0.0,0,13,2,0.15384615384615385,1,9,1,0.1111111111111111,0,18,2,0.1111111111111111,2,40,5,0.125,3,645,0.19844961240310077,0.16434108527131783
thoughtbot/shoulda-matchers,2013-02-28 13:10:58 UTC,Surviving,8,1,0.125,1,44,6,0.13636363636363635,6,33,2,0.060606060606060608,4,65,18,0.27692307692307694,9,78,8,0.10256410256410256,13,99,29,0.29292929292929293,16,221,27,0.12217194570135746,46,174,49,0.28160919540229884,23,1797,0.23539232053422371,0.14802448525319978
tj/commander.js,2014-05-07 12:36:18 UTC,Surviving,10,2,0.2,0,0,0,0.0,0,17,4,0.23529411764705882,1,12,1,0.083333333333333329,3,21,4,0.19047619047619047,3,54,12,0.22222222222222221,8,45,7,0.15555555555555556,5,184,45,0.24456521739130435,24,748,0.1751336898395722,0.077540106951871662
tmuxinator/tmuxinator,2015-11-10 19:18:42 UTC,Non-surviving,5,2,0.4,0,11,5,0.45454545454545453,1,21,4,0.19047619047619047,2,22,8,0.36363636363636365,1,82,14,0.17073170731707318,14,81,21,0.25925925925925924,7,122,25,0.20491803278688525,16,148,31,0.20945945945945946,18,800,0.205,0.11375
troessner/reek,2011-10-17 14:00:01 UTC,Surviving,14,4,0.2857142857142857,1,7,1,0.14285714285714285,0,18,4,0.22222222222222221,1,7,1,0.14285714285714285,0,21,4,0.19047619047619047,1,38,7,0.18421052631578946,9,27,4,0.14814814814814814,3,70,12,0.17142857142857143,10,2464,0.12702922077922077,0.20089285714285715
trulia/hologram,2015-01-16 19:50:41 UTC,Non-surviving,16,0,0.0,5,6,1,0.16666666666666666,0,46,5,0.10869565217391304,6,27,5,0.18518518518518517,1,71,9,0.12676056338028169,8,30,5,0.16666666666666666,1,197,31,0.15736040609137056,28,39,7,0.17948717948717949,1,384,0.1484375,0.1171875
twilio/twilio-php,2011-08-11 14:56:18 UTC,Surviving,91,13,0.14285714285714285,2,18,3,0.16666666666666666,0,93,13,0.13978494623655913,2,35,4,0.11428571428571428,0,125,17,0.136,5,63,9,0.14285714285714285,0,131,18,0.13740458015267176,5,217,28,0.12903225806451613,13,1391,0.12724658519051044,0.063982746225736881
typekit/webfontloader,2011-01-05 05:28:25 UTC,Surviving,1,0,0.0,0,12,1,0.083333333333333329,0,43,5,0.11627906976744186,9,30,3,0.1,2,92,9,0.097826086956521743,9,39,6,0.15384615384615385,2,221,25,0.11312217194570136,20,53,9,0.16981132075471697,5,1144,0.15646853146853146,0.11276223776223776
typhoeus/typhoeus,2011-11-17 21:53:51 UTC,Surviving,22,4,0.18181818181818182,2,4,0,0.0,0,61,8,0.13114754098360656,2,10,0,0.0,2,82,13,0.15853658536585366,2,73,6,0.0821917808219178,15,169,25,0.14792899408284024,6,383,54,0.14099216710182769,36,1380,0.15144927536231884,0.072463768115942032
vcr/vcr,2014-12-22 18:31:20 UTC,Non-surviving,7,0,0.0,0,29,1,0.034482758620689655,4,34,3,0.088235294117647065,1,29,1,0.034482758620689655,4,46,6,0.13043478260869565,2,43,1,0.023255813953488372,7,77,11,0.14285714285714285,3,118,20,0.16949152542372881,12,2014,0.182720953326713,0.10526315789473684
visionmedia/superagent,2014-03-06 15:40:08 UTC,Surviving,6,1,0.16666666666666666,0,13,3,0.23076923076923078,3,36,3,0.083333333333333329,2,46,9,0.19565217391304349,4,55,6,0.10909090909090909,2,82,15,0.18292682926829268,5,146,26,0.17808219178082191,6,197,48,0.24365482233502539,10,1655,0.20120845921450151,0.07371601208459215
vitalets/x-editable,2015-03-12 05:34:05 UTC,Non-surviving,0,0,0.0,0,2,0,0.0,0,2,1,0.5,0,2,0,0.0,0,3,2,0.66666666666666663,0,5,0,0.0,0,3,2,0.66666666666666663,0,34,7,0.20588235294117646,0,624,0.27564102564102566,0.032051282051282048
websockets/ws,2013-07-16 15:47:42 UTC,Non-surviving,9,3,0.33333333333333331,1,15,8,0.53333333333333333,1,30,7,0.23333333333333334,2,55,13,0.23636363636363636,2,60,12,0.2,4,82,19,0.23170731707317074,2,98,20,0.20408163265306123,9,93,22,0.23655913978494625,3,1563,0.21369161868202174,0.13499680102367242
wkhtmltopdf/wkhtmltopdf,2014-02-20 10:35:31 UTC,Non-surviving,59,17,0.288135593220339,9,25,8,0.32,2,74,23,0.3108108108108108,9,118,26,0.22033898305084745,9,92,31,0.33695652173913043,11,174,49,0.28160919540229884,16,101,32,0.31683168316831684,11,246,78,0.31707317073170732,24,1124,0.28024911032028471,0.064056939501779361
wp-cli/wp-cli,2015-08-17 15:28:50 UTC,Surviving,37,4,0.10810810810810811,3,90,5,0.055555555555555552,6,115,14,0.12173913043478261,16,285,27,0.094736842105263161,33,359,59,0.16434540389972144,33,674,72,0.10682492581602374,89,756,126,0.16666666666666666,56,1904,186,0.0976890756302521,151,9346,0.14016691632784078,0.10357372137812969
yiisoft/yii,2015-02-14 00:19:42 UTC,Non-surviving,21,9,0.42857142857142855,0,7,3,0.42857142857142855,0,46,23,0.5,0,27,12,0.44444444444444442,0,113,52,0.46017699115044247,4,44,20,0.45454545454545453,1,286,113,0.3951048951048951,19,94,45,0.47872340425531917,2,6595,0.25473843821076575,0.052009097801364673
yusuke/twitter4j,2010-02-27 12:38:10 UTC,Surviving,31,6,0.19354838709677419,10,39,3,0.076923076923076927,5,154,24,0.15584415584415584,36,141,28,0.19858156028368795,14,186,28,0.15053763440860216,40,262,53,0.20229007633587787,21,366,65,0.17759562841530055,62,609,105,0.17241379310344829,61,2318,0.17644521138912855,0.089732528041415016
z3t0/Arduino-IRremote,2015-07-01 16:06:51 UTC,Non-surviving,35,6,0.17142857142857143,9,24,1,0.041666666666666664,0,44,10,0.22727272727272727,9,79,14,0.17721518987341772,2,73,13,0.17808219178082191,10,86,14,0.16279069767441862,3,85,14,0.16470588235294117,12,122,19,0.15573770491803279,4,319,0.15047021943573669,0.068965517241379309
zurb/foundation-sites,2016-03-31 21:32:17 UTC,Non-surviving,168,43,0.25595238095238093,6,182,68,0.37362637362637363,8,804,185,0.2300995024875622,71,358,139,0.388268156424581,21,2168,446,0.20571955719557194,200,551,193,0.35027223230490018,35,3185,627,0.19686028257456828,303,1824,517,0.28344298245614036,176,16436,0.23059138476514968,0.072402044293015333
zxing/zxing,2014-01-14 13:48:35 UTC,Non-surviving,18,3,0.16666666666666666,2,89,8,0.0898876404494382,5,95,9,0.094736842105263161,8,164,17,0.10365853658536585,11,153,24,0.15686274509803921,10,270,32,0.11851851851851852,17,397,58,0.14609571788413098,40,357,46,0.12885154061624648,28,3518,0.198408186469585,0.1191017623649801
