size,files
0.0,98233383
1.0,151775268
2.0,115645176
3.0,76607696
4.0,53846787
5.0,40612523
6.0,32214147
7.0,27306208
8.0,21963594
9.0,19661212
10.0,16859847
11.0,15023718
12.0,13367702
13.0,11822399
14.0,10652752
15.0,9769805
16.0,8495885
17.0,7984633
18.0,7384229
19.0,6604396
20.0,6421561
21.0,5973021
22.0,5154928
23.0,4955578
24.0,4608242
25.0,4452701
26.0,3858397
27.0,3745969
28.0,3347098
29.0,3404071
30.0,3022972
31.0,2842656
32.0,2605999
33.0,2636511
34.0,2359566
35.0,2134791
36.0,2129672
37.0,1890022
38.0,1893152
39.0,1727622
40.0,1780129
41.0,1562447
42.0,1729510
43.0,1720485
44.0,1524500
45.0,1403809
46.0,1413475
47.0,1337116
48.0,1261532
49.0,1125605
50.0,1059567
51.0,1075498
52.0,1041886
53.0,972325
54.0,998687
55.0,974578
56.0,915403
57.0,858079
58.0,889031
59.0,781487
60.0,692622
61.0,753821
62.0,804316
63.0,754431
64.0,632616
65.0,652722
66.0,619078
67.0,617279
68.0,572906
69.0,606535
70.0,522946
71.0,553361
72.0,426041
73.0,415057
74.0,423869
75.0,491840
76.0,494435
77.0,511553
78.0,423048
79.0,410378
80.0,359826
81.0,404984
82.0,410251
83.0,327259
84.0,370828
85.0,372174
86.0,311556
87.0,327116
88.0,324817
89.0,296878
90.0,346851
91.0,446835
92.0,339529
93.0,297218
94.0,394882
95.0,264407
96.0,228091
97.0,280772
98.0,273447
99.0,266026
100.0,274481
101.0,226735
102.0,277514
103.0,185076
104.0,190661
105.0,178235
106.0,187947
107.0,200843
108.0,207138
109.0,221308
110.0,179312
111.0,148185
112.0,159703
113.0,162858
114.0,164358
115.0,152075
116.0,199771
117.0,157236
118.0,156237
119.0,151529
120.0,149050
121.0,139158
122.0,145514
123.0,134014
124.0,157171
125.0,121996
126.0,119779
127.0,135326
128.0,127802
129.0,127104
130.0,144339
131.0,125666
132.0,178058
133.0,117399
134.0,146983
135.0,103378
136.0,110865
137.0,83936
138.0,89238
139.0,90103
140.0,79488
141.0,141566
142.0,97552
143.0,109925
144.0,104207
145.0,89802
146.0,92000
147.0,102464
148.0,104054
149.0,72916
150.0,94184
151.0,58976
152.0,57488
153.0,89525
154.0,57650
155.0,84621
156.0,110841
157.0,68054
158.0,60388
159.0,78660
160.0,57281
161.0,53960
162.0,74923
163.0,55828
164.0,56531
165.0,47508
166.0,56793
167.0,70680
168.0,61269
169.0,78398
170.0,51690
171.0,43821
172.0,62511
173.0,59619
174.0,52783
175.0,64321
176.0,55449
177.0,50163
178.0,56687
179.0,58261
180.0,59620
181.0,54012
182.0,44825
183.0,65078
184.0,61878
185.0,56554
186.0,44773
187.0,54766
188.0,45284
189.0,53592
190.0,60187
191.0,54460
192.0,45286
193.0,52003
194.0,62577
195.0,47967
196.0,60752
197.0,54906
198.0,37518
199.0,34263
200.0,43226
201.0,32792
202.0,57371
203.0,37712
204.0,40895
205.0,40772
206.0,39013
207.0,35949
208.0,29037
209.0,42965
210.0,40448
211.0,60312
212.0,39805
213.0,27442
214.0,39296
215.0,40369
216.0,30906
217.0,45174
218.0,32521
219.0,38269
220.0,28427
221.0,44491
222.0,35646
223.0,56883
224.0,47934
225.0,42015
226.0,39833
227.0,37943
228.0,31931
229.0,39759
230.0,78542
231.0,45062
232.0,61885
233.0,36112
234.0,32158
235.0,31546
236.0,44829
237.0,33465
238.0,46165
239.0,31749
240.0,42094
241.0,28372
242.0,83875
243.0,32216
244.0,19649
245.0,19693
246.0,17138
247.0,44508
248.0,19753
249.0,20767
250.0,23005
251.0,30883
252.0,21631
253.0,21273
254.0,36144
255.0,27213
256.0,30642
257.0,20538
258.0,21508
259.0,34396
260.0,39079
261.0,34241
262.0,56072
263.0,25890
264.0,23436
265.0,25216
266.0,21043
267.0,33446
268.0,35501
269.0,16162
270.0,18050
271.0,18487
272.0,17317
273.0,14857
274.0,20635
275.0,16627
276.0,35343
277.0,24554
278.0,28753
279.0,16967
280.0,19215
281.0,18088
282.0,13213
283.0,14149
284.0,18564
285.0,13756
286.0,26194
287.0,42430
288.0,20340
289.0,12509
290.0,11306
291.0,16132
292.0,20303
293.0,29360
294.0,19805
295.0,14704
296.0,17822
297.0,14531
298.0,13038
299.0,18899
300.0,23029
301.0,28064
302.0,21162
303.0,16832
304.0,11974
305.0,14417
306.0,15498
307.0,20891
308.0,12375
309.0,20011
310.0,12719
311.0,7035
312.0,16426
313.0,17640
314.0,12813
315.0,11095
316.0,12123
317.0,9469
318.0,18448
319.0,21777
320.0,9451
321.0,17334
322.0,13810
323.0,11881
324.0,22837
325.0,16382
326.0,19841
327.0,21443
328.0,17131
329.0,17435
330.0,18467
331.0,11187
332.0,10520
333.0,15843
334.0,24904
335.0,15195
336.0,13855
337.0,10537
338.0,13548
339.0,17730
340.0,12040
341.0,22730
342.0,14119
343.0,10461
344.0,12875
345.0,14524
346.0,14230
347.0,11586
348.0,10843
349.0,12942
350.0,13702
351.0,16113
352.0,13963
353.0,10372
354.0,9962
355.0,13201
356.0,14646
357.0,13846
358.0,25561
359.0,14756
360.0,12330
361.0,18480
362.0,16318
363.0,9212
364.0,11341
365.0,14366
366.0,15835
367.0,8861
368.0,11424
369.0,20989
370.0,9778
371.0,11124
372.0,12989
373.0,16028
374.0,11198
375.0,24980
376.0,14080
377.0,8358
378.0,11505
379.0,6289
380.0,6926
381.0,18329
382.0,13186
383.0,6376
384.0,9929
385.0,6501
386.0,7734
387.0,8054
388.0,7572
389.0,6034
390.0,6704
391.0,8025
392.0,12053
393.0,6324
394.0,8550
395.0,7939
396.0,10999
397.0,8804
398.0,14382
399.0,13192
400.0,11567
401.0,8123
402.0,21655
403.0,8616
404.0,8156
405.0,6838
406.0,5852
407.0,8364
408.0,7109
409.0,8077
410.0,7009
411.0,5702
412.0,9690
413.0,5466
414.0,6148
415.0,2557
416.0,8152
417.0,4151
418.0,16764
419.0,11697
420.0,8138
421.0,7272
422.0,6966
423.0,5074
424.0,6091
425.0,8944
426.0,16849
427.0,8846
428.0,7298
429.0,7684
430.0,6138
431.0,3661
432.0,6531
433.0,8742
434.0,8088
435.0,6181
436.0,17157
437.0,10532
438.0,6897
439.0,6900
440.0,8796
441.0,6186
442.0,6244
443.0,9205
444.0,6494
445.0,8326
446.0,6615
447.0,7773
448.0,8602
449.0,10425
450.0,5885
451.0,5119
452.0,20304
453.0,5080
454.0,8572
455.0,5248
456.0,7489
457.0,5717
458.0,10521
459.0,7651
460.0,13950
461.0,12856
462.0,6775
463.0,7654
464.0,15492
465.0,11064
466.0,9862
467.0,10433
468.0,4661
469.0,5509
470.0,6611
471.0,10232
472.0,10678
473.0,7470
474.0,7231
475.0,6578
476.0,9437
477.0,5370
478.0,7350
479.0,8347
480.0,21877
481.0,8017
482.0,8434
483.0,8531
484.0,10935
485.0,4795
486.0,5103
487.0,4962
488.0,5827
489.0,7043
490.0,5027
491.0,10761
492.0,7079
493.0,20497
494.0,7469
495.0,7841
496.0,4992
497.0,7339
498.0,5849
499.0,8735
500.0,7718
501.0,7326
502.0,5362
503.0,6046
504.0,6992
505.0,5103
506.0,6691
507.0,6875
508.0,5447
509.0,7775
510.0,4083
511.0,5390
512.0,8390
513.0,5186
514.0,5842
515.0,4304
516.0,9232
517.0,10120
518.0,4338
519.0,5608
520.0,5404
521.0,5857
522.0,4351
523.0,5361
524.0,7505
525.0,5626
526.0,5076
527.0,9360
528.0,3045
529.0,4960
530.0,3043
531.0,7900
532.0,3847
533.0,5208
534.0,3849
535.0,5627
536.0,3293
537.0,4323
538.0,8634
539.0,4678
540.0,4707
541.0,5383
542.0,4632
543.0,2824
544.0,4996
545.0,3455
546.0,4935
547.0,2897
548.0,1369
549.0,3574
550.0,3210
551.0,3234
552.0,3603
553.0,5378
554.0,7905
555.0,2562
556.0,2579
557.0,3317
558.0,5479
559.0,5592
560.0,5379
561.0,3804
562.0,3833
563.0,11976
564.0,3815
565.0,4577
566.0,4188
567.0,2551
568.0,7337
569.0,5514
570.0,3806
571.0,3438
572.0,2461
573.0,2323
574.0,2683
575.0,6164
576.0,4414
577.0,3292
578.0,1679
579.0,8402
580.0,19076
581.0,6799
582.0,2861
583.0,5561
584.0,8110
585.0,5712
586.0,5609
587.0,4646
588.0,7287
589.0,6985
590.0,4524
591.0,2366
592.0,3038
593.0,2687
594.0,3266
595.0,1528
596.0,4722
597.0,4544
598.0,2606
599.0,5759
600.0,2127
601.0,2966
602.0,6223
603.0,5040
604.0,5493
605.0,3555
606.0,3685
607.0,3659
608.0,4656
609.0,4766
610.0,7358
611.0,4631
612.0,3226
613.0,3240
614.0,3709
615.0,5908
616.0,4305
617.0,3607
618.0,4116
619.0,4995
620.0,2547
621.0,3185
622.0,6614
623.0,4243
624.0,1643
625.0,3841
626.0,2459
627.0,2478
628.0,2652
629.0,2071
630.0,3138
631.0,1711
632.0,3142
633.0,1506
634.0,2744
635.0,3739
636.0,5448
637.0,4013
638.0,3731
639.0,1585
640.0,2830
641.0,2271
642.0,2811
643.0,3144
644.0,2548
645.0,5805
646.0,3417
647.0,1421
648.0,1294
649.0,1704
650.0,2682
651.0,1719
652.0,1794
653.0,1690
654.0,2053
655.0,3940
656.0,3353
657.0,2615
658.0,2950
659.0,1876
660.0,2792
661.0,4193
662.0,2433
663.0,2099
664.0,2134
665.0,3425
666.0,11916
667.0,1892
668.0,4053
669.0,2879
670.0,3401
671.0,1596
672.0,2246
673.0,3973
674.0,2493
675.0,4171
676.0,4350
677.0,1968
678.0,4472
679.0,2206
680.0,6779
681.0,3017
682.0,31224
683.0,1704
684.0,2098
685.0,3326
686.0,3591
687.0,5141
688.0,4186
689.0,3313
690.0,1944
691.0,2254
692.0,2893
693.0,4655
694.0,2162
695.0,4315
696.0,2207
697.0,4539
698.0,3737
699.0,4586
700.0,5339
701.0,1689
702.0,2902
703.0,2263
704.0,5476
705.0,2152
706.0,1172
707.0,2208
708.0,1490
709.0,6189
710.0,1190
711.0,5185
712.0,1185
713.0,1072
714.0,2808
715.0,1991
716.0,2244
717.0,2481
718.0,7494
719.0,1786
720.0,1616
721.0,3818
722.0,3182
723.0,2173
724.0,4231
725.0,3071
726.0,2251
727.0,1607
728.0,520
729.0,2056
730.0,1029
731.0,1057
732.0,3151
733.0,1761
734.0,2146
735.0,1001
736.0,1139
737.0,1035
738.0,871
739.0,2752
740.0,1265
741.0,1406
742.0,685
743.0,1545
744.0,13880
745.0,1464
746.0,1050
747.0,467
748.0,5745
749.0,802
750.0,1775
751.0,850
752.0,4673
753.0,2931
754.0,2347
755.0,1552
756.0,2619
757.0,3461
758.0,1247
759.0,4042
760.0,3070
761.0,1438
762.0,2285
763.0,1982
764.0,1282
765.0,3714
766.0,1789
767.0,1439
768.0,869
769.0,810
770.0,2852
771.0,2604
772.0,823
773.0,1661
774.0,2659
775.0,2769
776.0,1822
777.0,1606
778.0,4372
779.0,1213
780.0,1626
781.0,1147
782.0,1207
783.0,1296
784.0,1740
785.0,3382
786.0,2978
787.0,2261
788.0,4088
789.0,2235
790.0,2889
791.0,4300
792.0,1586
793.0,2078
794.0,3039
795.0,1875
796.0,2338
797.0,1380
798.0,2067
799.0,2342
800.0,3025
801.0,2935
802.0,3743
803.0,704
804.0,1686
805.0,1054
806.0,1026
807.0,491
808.0,857
809.0,2892
810.0,2849
811.0,570
812.0,1793
813.0,422
814.0,899
815.0,2623
816.0,889
817.0,1296
818.0,2185
819.0,1908
820.0,1214
821.0,1222
822.0,1960
823.0,1043
824.0,657
825.0,893
826.0,522
827.0,1451
828.0,2156
829.0,1689
830.0,1044
831.0,1264
832.0,1754
833.0,1255
834.0,1695
835.0,1791
836.0,2213
837.0,1153
838.0,594
839.0,1459
840.0,2888
841.0,1715
842.0,4136
843.0,2275
844.0,779
845.0,2222
846.0,2324
847.0,4384
848.0,1559
849.0,1379
850.0,1646
851.0,1347
852.0,2150
853.0,1495
854.0,1397
855.0,14835
856.0,1849
857.0,2863
858.0,2110
859.0,1830
860.0,818
861.0,1727
862.0,1351
863.0,1784
864.0,1151
865.0,1156
866.0,1540
867.0,1719
868.0,1146
869.0,1563
870.0,1399
871.0,467
872.0,1054
873.0,419
874.0,915
875.0,1449
876.0,3233
877.0,934
878.0,1288
879.0,760
880.0,742
881.0,1442
882.0,2028
883.0,843
884.0,1274
885.0,2515
886.0,630
887.0,2403
888.0,1577
889.0,2366
890.0,2958
891.0,385
892.0,2788
893.0,1431
894.0,1001
895.0,2140
896.0,439
897.0,445
898.0,1795
899.0,1140
900.0,1000
901.0,1266
902.0,1766
903.0,1829
904.0,2221
905.0,1203
906.0,2682
907.0,3239
908.0,2227
909.0,443
910.0,1396
911.0,3135
912.0,441
913.0,1591
914.0,1270
915.0,2559
916.0,7385
917.0,678
918.0,5570
919.0,707
920.0,754
921.0,949
922.0,2985
923.0,853
924.0,820
925.0,1078
926.0,3986
927.0,6773
928.0,1522
929.0,2168
930.0,5897
931.0,974
932.0,3221
933.0,1371
934.0,1188
935.0,858
936.0,2672
937.0,1088
938.0,3217
939.0,3021
940.0,3204
941.0,2798
942.0,2818
943.0,2212
944.0,2742
945.0,943
946.0,2318
947.0,1103
948.0,1835
949.0,3264
950.0,1532
951.0,576
952.0,1047
953.0,995
954.0,1223
955.0,886
956.0,859
957.0,3488
958.0,3125
959.0,2986
960.0,2237
961.0,4936
962.0,1216
963.0,2822
964.0,1749
965.0,1614
966.0,851
967.0,548
968.0,1287
969.0,860
970.0,2209
971.0,1686
972.0,5430
973.0,1534
974.0,1255
975.0,1670
976.0,1650
977.0,933
978.0,1674
979.0,1154
980.0,2022
981.0,1285
982.0,1737
983.0,825
984.0,784
985.0,542
986.0,1343
987.0,686
988.0,900
989.0,720
990.0,1342
991.0,710
992.0,2732
993.0,1360
994.0,731
995.0,549
996.0,756
997.0,533
998.0,338
999.0,5038
1000.0,3110
1001.0,1190
1002.0,3778
1003.0,2133
1004.0,720
1005.0,2248
1006.0,1987
1007.0,1027
1008.0,2894
1009.0,653
1010.0,1385
1011.0,2625
1012.0,926
1013.0,1279
1014.0,2841
1015.0,681
1016.0,7062
1017.0,4678
1018.0,1255
1019.0,1999
1020.0,1957
1021.0,1057
1022.0,839
1023.0,1265
1024.0,933
1025.0,404
1026.0,766
1027.0,1050
1028.0,802
1029.0,731
1030.0,1574
1031.0,3522
1032.0,418
1033.0,2067
1034.0,1563
1035.0,3521
1036.0,241
1037.0,1290
1038.0,374
1039.0,440
1040.0,1497
1041.0,2859
1042.0,2442
1043.0,4119
1044.0,697
1045.0,1952
1046.0,1867
1047.0,797
1048.0,765
1049.0,665
1050.0,2167
1051.0,1925
1052.0,2797
1053.0,2045
1054.0,423
1055.0,2664
1056.0,1071
1057.0,5035
1058.0,3411
1059.0,1577
1060.0,1658
1061.0,1543
1062.0,3422
1063.0,1887
1064.0,737
1065.0,706
1066.0,299
1067.0,1721
1068.0,708
1069.0,791
1070.0,2175
1071.0,1597
1072.0,482
1073.0,1296
1074.0,501
1075.0,492
1076.0,647
1077.0,631
1078.0,786
1079.0,750
1080.0,321
1081.0,1790
1082.0,3532
1083.0,1598
1084.0,3407
1085.0,964
1086.0,931
1087.0,1402
1088.0,1809
1089.0,1019
1090.0,297
1091.0,1041
1092.0,283
1093.0,411
1094.0,1429
1095.0,879
1096.0,1268
1097.0,958
1098.0,482
1099.0,2340
1100.0,518
1101.0,1419
1102.0,719
1103.0,447
1104.0,853
1105.0,1574
1106.0,608
1107.0,451
1108.0,1910
1109.0,1970
1110.0,358
1111.0,378
1112.0,884
1113.0,350
1114.0,631
1115.0,2419
1116.0,334
1117.0,1268
1118.0,947
1119.0,2035
1120.0,2088
1121.0,1632
1122.0,1691
1123.0,4386
1124.0,2026
1125.0,250
1126.0,1241
1127.0,762
1128.0,638
1129.0,598
1130.0,1875
1131.0,1921
1132.0,2548
1133.0,2712
1134.0,663
1135.0,1063
1136.0,1279
1137.0,814
1138.0,1322
1139.0,1198
1140.0,1761
1141.0,307
1142.0,520
1143.0,1177
1144.0,296
1145.0,253
1146.0,887
1147.0,3377
1148.0,1162
1149.0,185
1150.0,2665
1151.0,793
1152.0,1025
1153.0,444
1154.0,1456
1155.0,892
1156.0,443
1157.0,796
1158.0,1999
1159.0,3856
1160.0,1372
1161.0,837
1162.0,2147
1163.0,1224
1164.0,2882
1165.0,609
1166.0,553
1167.0,640
1168.0,583
1169.0,388
1170.0,984
1171.0,2329
1172.0,639
1173.0,827
1174.0,338
1175.0,373
1176.0,2156
1177.0,427
1178.0,1565
1179.0,615
1180.0,480
1181.0,270
1182.0,678
1183.0,248
1184.0,404
1185.0,662
1186.0,130
1187.0,328
1188.0,1529
1189.0,445
1190.0,813
1191.0,742
1192.0,1456
1193.0,562
1194.0,1442
1195.0,145
1196.0,2693
1197.0,2531
1198.0,365
1199.0,1124
1200.0,1100
1201.0,1144
1202.0,146
1203.0,579
1204.0,1601
1205.0,510
1206.0,863
1207.0,341
1208.0,311
1209.0,1907
1210.0,400
1211.0,264
1212.0,2785
1213.0,2057
1214.0,1963
1215.0,638
1216.0,871
1217.0,1539
1218.0,2916
1219.0,961
1220.0,817
1221.0,1505
1222.0,1557
1223.0,599
1224.0,1825
1225.0,529
1226.0,784
1227.0,728
1228.0,442
1229.0,2949
1230.0,4343
1231.0,2056
1232.0,641
1233.0,1695
1234.0,714
1235.0,1605
1236.0,926
1237.0,1005
1238.0,2766
1239.0,1860
1240.0,501
1241.0,1980
1242.0,1493
1243.0,1273
1244.0,444
1245.0,821
1246.0,1238
1247.0,863
1248.0,274
1249.0,44
1250.0,314
1251.0,292
1252.0,744
1253.0,1200
1254.0,516
1255.0,1158
1256.0,530
1257.0,580
1258.0,341
1259.0,824
1260.0,389
1261.0,451
1262.0,788
1263.0,370
1264.0,401
1265.0,587
1266.0,652
1267.0,927
1268.0,338
1269.0,784
1270.0,198
1271.0,929
1272.0,1028
1273.0,1168
1274.0,1465
1275.0,1032
1276.0,889
1277.0,610
1278.0,811
1279.0,271
1280.0,288
1281.0,314
1282.0,251
1283.0,1112
1284.0,675
1285.0,275
1286.0,121
1287.0,597
1288.0,383
1289.0,261
1290.0,265
1291.0,204
1292.0,216
1293.0,105
1294.0,186
1295.0,156
1296.0,393
1297.0,738
1298.0,1620
1299.0,793
1300.0,1484
1301.0,806
1302.0,2560
1303.0,1610
1304.0,2144
1305.0,928
1306.0,3902
1307.0,598
1308.0,534
1309.0,211
1310.0,169
1311.0,144
1312.0,332
1313.0,357
1314.0,268
1315.0,77
1316.0,231
1317.0,355
1318.0,67
1319.0,292
1320.0,313
1321.0,133
1322.0,198
1323.0,444
1324.0,184
1325.0,1456
1326.0,584
1327.0,562
1328.0,1387
1329.0,791
1330.0,440
1331.0,319
1332.0,288
1333.0,309
1334.0,346
1335.0,148
1336.0,183
1337.0,647
1338.0,126
1339.0,301
1340.0,293
1341.0,283
1342.0,579
1343.0,498
1344.0,405
1345.0,153
1346.0,321
1347.0,925
1348.0,479
1349.0,735
1350.0,403
1351.0,160
1352.0,262
1353.0,395
1354.0,347
1355.0,286
1356.0,985
1357.0,185
1358.0,406
1359.0,137
1360.0,216
1361.0,955
1362.0,1132
1363.0,203
1364.0,455
1365.0,206
1366.0,265
1367.0,249
1368.0,141
1369.0,478
1370.0,94
1371.0,235
1372.0,503
1373.0,737
1374.0,176
1375.0,941
1376.0,548
1377.0,295
1378.0,314
1379.0,156
1380.0,1056
1381.0,1676
1382.0,659
1383.0,717
1384.0,608
1385.0,491
1386.0,658
1387.0,586
1388.0,1525
1389.0,2057
1390.0,558
1391.0,1510
1392.0,694
1393.0,1972
1394.0,812
1395.0,2050
1396.0,1774
1397.0,1081
1398.0,1841
1399.0,1603
1400.0,1746
1401.0,1375
1402.0,1008
1403.0,1314
1404.0,849
1405.0,779
1406.0,1009
1407.0,754
1408.0,257
1409.0,947
1410.0,581
1411.0,655
1412.0,570
1413.0,1033
1414.0,355
1415.0,155
1416.0,183
1417.0,116
1418.0,308
1419.0,631
1420.0,706
1421.0,218
1422.0,346
1423.0,1114
1424.0,3002
1425.0,1920
1426.0,834
1427.0,780
1428.0,619
1429.0,891
1430.0,1071
1431.0,1607
1432.0,1515
1433.0,526
1434.0,982
1435.0,294
1436.0,365
1437.0,226
1438.0,1841
1439.0,1861
1440.0,1016
1441.0,1738
1442.0,1727
1443.0,1533
1444.0,477
1445.0,765
1446.0,749
1447.0,972
1448.0,1721
1449.0,1303
1450.0,482
1451.0,213
1452.0,1264
1453.0,1847
1454.0,233
1455.0,384
1456.0,1321
1457.0,2622
1458.0,1781
1459.0,521
1460.0,226
1461.0,229
1462.0,2317
1463.0,1743
1464.0,286
1465.0,714
1466.0,1700
1467.0,867
1468.0,512
1469.0,693
1470.0,156
1471.0,94
1472.0,673
1473.0,87
1474.0,478
1475.0,734
1476.0,1847
1477.0,374
1478.0,1301
1479.0,1735
1480.0,2363
1481.0,1391
1482.0,115
1483.0,1645
1484.0,1527
1485.0,3003
1486.0,170
1487.0,1018
1488.0,3347
1489.0,1889
1490.0,727
1491.0,2922
1492.0,627
1493.0,1236
1494.0,1531
1495.0,847
1496.0,1198
1497.0,446
1498.0,837
1499.0,77
1500.0,381
1501.0,546
1502.0,276
1503.0,482
1504.0,141
1505.0,542
1506.0,812
1507.0,349
1508.0,682
1509.0,585
1510.0,2450
1511.0,795
1512.0,1554
1513.0,970
1514.0,964
1515.0,938
1516.0,587
1517.0,266
1518.0,244
1519.0,1175
1520.0,389
1521.0,415
1522.0,1736
1523.0,1442
1524.0,1318
1525.0,1488
1526.0,1023
1527.0,372
1528.0,1937
1529.0,801
1530.0,1208
1531.0,1494
1532.0,740
1533.0,1346
1534.0,483
1535.0,908
1536.0,1193
1537.0,589
1538.0,541
1539.0,927
1540.0,2354
1541.0,2026
1542.0,773
1543.0,674
1544.0,204
1545.0,3247
1546.0,999
1547.0,315
1548.0,546
1549.0,242
1550.0,538
1551.0,440
1552.0,1153
1553.0,965
1554.0,2008
1555.0,229
1556.0,157
1557.0,229
1558.0,745
1559.0,739
1560.0,339
1561.0,310
1562.0,1245
1563.0,365
1564.0,254
1565.0,336
1566.0,441
1567.0,247
1568.0,438
1569.0,134
1570.0,355
1571.0,387
1572.0,507
1573.0,563
1574.0,405
1575.0,254
1576.0,571
1577.0,902
1578.0,708
1579.0,861
1580.0,699
1581.0,731
1582.0,117
1583.0,92
1584.0,611
1585.0,841
1586.0,773
1587.0,307
1588.0,1489
1589.0,1055
1590.0,535
1591.0,355
1592.0,490
1593.0,369
1594.0,117
1595.0,527
1596.0,335
1597.0,900
1598.0,103
1599.0,515
1600.0,593
1601.0,611
1602.0,263
1603.0,419
1604.0,382
1605.0,296
1606.0,114
1607.0,158
1608.0,208
1609.0,99
1610.0,233
1611.0,397
1612.0,98
1613.0,164
1614.0,401
1615.0,771
1616.0,808
1617.0,217
1618.0,221
1619.0,489
1620.0,186
1621.0,390
1622.0,153
1623.0,88
1624.0,141
1625.0,187
1626.0,519
1627.0,135
1628.0,42
1629.0,416
1630.0,72
1631.0,106
1632.0,999
1633.0,171
1634.0,481
1635.0,197
1636.0,203
1637.0,213
1638.0,637
1639.0,231
1640.0,68
1641.0,727
1642.0,382
1643.0,728
1644.0,423
1645.0,163
1646.0,483
1647.0,80
1648.0,1218
1649.0,1088
1650.0,609
1651.0,199
1652.0,406
1653.0,1266
1654.0,167
1655.0,315
1656.0,750
1657.0,87
1658.0,374
1659.0,344
1660.0,936
1661.0,714
1662.0,2194
1663.0,372
1664.0,638
1665.0,444
1666.0,1549
1667.0,1446
1668.0,332
1669.0,1125
1670.0,409
1671.0,425
1672.0,762
1673.0,185
1674.0,239
1675.0,84
1676.0,156
1677.0,1469
1678.0,516
1679.0,764
1680.0,219
1681.0,341
1682.0,1179
1683.0,170
1684.0,684
1685.0,307
1686.0,523
1687.0,1167
1688.0,950
1689.0,1076
1690.0,543
1691.0,394
1692.0,200
1693.0,510
1694.0,478
1695.0,249
1696.0,640
1697.0,40
1698.0,137
1699.0,147
1700.0,263
1701.0,310
1702.0,212
1703.0,159
1704.0,93
1705.0,197
1706.0,197
1707.0,165
1708.0,628
1709.0,561
1710.0,130
1711.0,235
1712.0,347
1713.0,321
1714.0,173
1715.0,210
1716.0,180
1717.0,887
1718.0,38
1719.0,97
1720.0,2193
1721.0,494
1722.0,133
1723.0,823
1724.0,480
1725.0,850
1726.0,156
1727.0,192
1728.0,474
1729.0,830
1730.0,397
1731.0,57
1732.0,39
1733.0,833
1734.0,117
1735.0,467
1736.0,504
1737.0,190
1738.0,497
1739.0,450
1740.0,994
1741.0,1157
1742.0,479
1743.0,178
1744.0,175
1745.0,56
1746.0,310
1747.0,1024
1748.0,180
1749.0,266
1750.0,464
1751.0,774
1752.0,527
1753.0,893
1754.0,232
1755.0,127
1756.0,236
1757.0,903
1758.0,644
1759.0,351
1760.0,419
1761.0,247
1762.0,294
1763.0,421
1764.0,502
1765.0,688
1766.0,150
1767.0,306
1768.0,654
1769.0,398
1770.0,711
1771.0,309
1772.0,346
1773.0,178
1774.0,58
1775.0,203
1776.0,323
1777.0,195
1778.0,278
1779.0,230
1780.0,118
1781.0,348
1782.0,892
1783.0,407
1784.0,144
1785.0,50
1786.0,1190
1787.0,695
1788.0,92
1789.0,762
1790.0,339
1791.0,262
1792.0,335
1793.0,465
1794.0,420
1795.0,173
1796.0,353
1797.0,284
1798.0,360
1799.0,61
1800.0,84
1801.0,276
1802.0,1091
1803.0,802
1804.0,235
1805.0,171
1806.0,150
1807.0,99
1808.0,113
1809.0,290
1810.0,74
1811.0,184
1812.0,418
1813.0,177
1814.0,184
1815.0,124
1816.0,332
1817.0,306
1818.0,73
1819.0,379
1820.0,37
1821.0,102
1822.0,105
1823.0,925
1824.0,121
1825.0,49
1826.0,510
1827.0,190
1828.0,70
1829.0,105
1830.0,101
1831.0,33
1832.0,806
1833.0,451
1834.0,909
1835.0,850
1836.0,190
1837.0,157
1838.0,70
1839.0,1155
1840.0,903
1841.0,581
1842.0,33
1843.0,1761
1844.0,155
1845.0,379
1846.0,63
1847.0,57
1848.0,43
1849.0,396
1850.0,410
1851.0,181
1852.0,48
1853.0,377
1854.0,147
1855.0,772
1856.0,210
1857.0,148
1858.0,76
1859.0,234
1860.0,582
1861.0,33
1862.0,207
1863.0,183
1864.0,350
1865.0,144
1866.0,203
1867.0,445
1868.0,155
1869.0,118
1870.0,206
1871.0,182
1872.0,1513
1873.0,108
1874.0,330
1875.0,783
1876.0,153
1877.0,57
1878.0,30
1879.0,128
1880.0,114
1881.0,103
1882.0,60
1883.0,63
1884.0,51
1885.0,204
1886.0,87
1887.0,87
1888.0,102
1889.0,354
1890.0,107
1891.0,473
1892.0,83
1893.0,301
1894.0,405
1895.0,610
1896.0,77
1897.0,133
1898.0,512
1899.0,114
1900.0,189
1901.0,103
1902.0,78
1903.0,594
1904.0,596
1905.0,836
1906.0,97
1907.0,216
1908.0,1820
1909.0,82
1910.0,56
1911.0,65
1912.0,23
1913.0,61
1914.0,82
1915.0,81
1916.0,653
1917.0,367
1918.0,79
1919.0,1127
1920.0,124
1921.0,39
1922.0,839
1923.0,78
1924.0,66
1925.0,109
1926.0,179
1927.0,138
1928.0,75
1929.0,694
1930.0,68
1931.0,147
1932.0,41
1933.0,106
1934.0,475
1935.0,121
1936.0,82
1937.0,47
1938.0,100
1939.0,45
1940.0,137
1941.0,96
1942.0,39
1943.0,81
1944.0,2204
1945.0,63
1946.0,55
1947.0,23
1948.0,77
1949.0,25
1950.0,663
1951.0,440
1952.0,273
1953.0,267
1954.0,27
1955.0,81
1956.0,24
1957.0,25
1958.0,285
1959.0,197
1960.0,254
1961.0,236
1962.0,71
1963.0,591
1964.0,1197
1965.0,53
1966.0,65
1967.0,37
1968.0,654
1969.0,189
1970.0,647
1971.0,213
1972.0,73
1973.0,169
1974.0,163
1975.0,73
1976.0,62
1977.0,69
1978.0,142
1979.0,672
1980.0,171
1981.0,37
1982.0,153
1983.0,128
1984.0,412
1985.0,73
1986.0,132
1987.0,104
1988.0,226
1989.0,289
1990.0,50
1991.0,119
1992.0,727
1993.0,56
1994.0,424
1995.0,132
1996.0,25
1997.0,153
1998.0,315
1999.0,176
2000.0,477
2001.0,68
2002.0,121
2003.0,82
2004.0,61
2005.0,611
2006.0,212
2007.0,291
2008.0,197
2009.0,98
2010.0,244
2011.0,47
2012.0,32
2013.0,88
2014.0,618
2015.0,321
2016.0,85
2017.0,863
2018.0,731
2019.0,186
2020.0,1077
2021.0,85
2022.0,422
2023.0,30
2024.0,109
2025.0,98
2026.0,42
2027.0,57
2028.0,287
2029.0,85
2030.0,349
2031.0,427
2032.0,590
2033.0,42
2034.0,209
2035.0,74
2036.0,92
2037.0,81
2038.0,106
2039.0,33
2040.0,1287
2041.0,411
2042.0,61
2043.0,574
2044.0,55
2045.0,87
2046.0,653
2047.0,632
2048.0,618
2049.0,125
2050.0,132
2051.0,1531
2052.0,638
2053.0,740
2054.0,121
2055.0,97
2056.0,106
2057.0,686
2058.0,26
2059.0,622
2060.0,240
2061.0,108
2062.0,52
2063.0,89
2064.0,73
2065.0,610
2066.0,1008
2067.0,561
2068.0,133
2069.0,444
2070.0,266
2071.0,275
2072.0,1340
2073.0,359
2074.0,139
2075.0,1288
2076.0,37
2077.0,573
2078.0,26
2079.0,94
2080.0,106
2081.0,40
2082.0,811
2083.0,31
2084.0,89
2085.0,246
2086.0,673
2087.0,1752
2088.0,458
2089.0,551
2090.0,89
2091.0,104
2092.0,40
2093.0,593
2094.0,579
2095.0,1290
2096.0,164
2097.0,427
2098.0,51
2099.0,50
2100.0,547
2101.0,216
2102.0,61
2103.0,13
2104.0,1091
2105.0,16
2106.0,586
2107.0,103
2108.0,71
2109.0,54
2110.0,306
2111.0,8
2112.0,542
2113.0,1075
2114.0,1152
2115.0,35
2116.0,1147
2117.0,1527
2118.0,595
2119.0,47
2120.0,1705
2121.0,1192
2122.0,62
2123.0,91
2124.0,18
2125.0,85
2126.0,54
2127.0,13
2128.0,669
2129.0,219
2130.0,109
2131.0,141
2132.0,110
2133.0,128
2134.0,115
2135.0,73
2136.0,549
2137.0,66
2138.0,126
2139.0,41
2140.0,197
2141.0,495
2142.0,140
2143.0,89
2144.0,43
2145.0,77
2146.0,120
2147.0,144
2148.0,131
2149.0,85
2150.0,317
2151.0,147
2152.0,44
2153.0,95
2154.0,131
2155.0,140
2156.0,74
2157.0,51
2158.0,110
2159.0,64
2160.0,130
2161.0,23
2162.0,67
2163.0,94
2164.0,95
2165.0,43
2166.0,77
2167.0,57
2168.0,19
2169.0,475
2170.0,83
2171.0,90
2172.0,35
2173.0,71
2174.0,28
2175.0,101
2176.0,173
2177.0,98
2178.0,257
2179.0,41
2180.0,60
2181.0,147
2182.0,97
2183.0,224
2184.0,41
2185.0,17
2186.0,19
2187.0,39
2188.0,58
2189.0,43
2190.0,594
2191.0,52
2192.0,40
2193.0,634
2194.0,124
2195.0,34
2196.0,64
2197.0,29
2198.0,49
2199.0,153
2200.0,129
2201.0,10
2202.0,63
2203.0,87
2204.0,29
2205.0,23
2206.0,72
2207.0,32
2208.0,149
2209.0,31
2210.0,388
2211.0,90
2212.0,48
2213.0,9
2214.0,150
2215.0,43
2216.0,87
2217.0,16
2218.0,362
2219.0,913
2220.0,863
2221.0,67
2222.0,37
2223.0,22
2224.0,211
2225.0,105
2226.0,79
2227.0,72
2228.0,45
2229.0,54
2230.0,19
2231.0,58
2232.0,133
2233.0,56
2234.0,82
2235.0,143
2236.0,143
2237.0,67
2238.0,90
2239.0,50
2240.0,32
2241.0,31
2242.0,83
2243.0,68
2244.0,58
2245.0,34
2246.0,95
2247.0,1075
2248.0,18
2249.0,63
2250.0,74
2251.0,55
2252.0,33
2253.0,68
2254.0,45
2255.0,61
2256.0,45
2257.0,36
2258.0,43
2259.0,33
2260.0,36
2261.0,23
2262.0,87
2263.0,29
2264.0,19
2265.0,30
2266.0,8
2267.0,66
2268.0,62
2269.0,37
2270.0,213
2271.0,180
2272.0,307
2273.0,24
2274.0,60
2275.0,190
2276.0,628
2277.0,76
2278.0,215
2279.0,29
2280.0,26
2281.0,776
2282.0,90
2283.0,9
2284.0,47
2285.0,35
2286.0,108
2287.0,48
2288.0,168
2289.0,123
2290.0,69
2291.0,22
2292.0,55
2293.0,53
2294.0,311
2295.0,38
2296.0,378
2297.0,33
2298.0,103
2299.0,80
2300.0,219
2301.0,123
2302.0,10
2303.0,18
2304.0,34
2305.0,53
2306.0,18
2307.0,89
2308.0,190
2309.0,17
2310.0,93
2311.0,54
2312.0,49
2313.0,59
2314.0,73
2315.0,95
2316.0,606
2317.0,62
2318.0,13
2319.0,58
2320.0,22
2321.0,53
2322.0,64
2323.0,8
2324.0,27
2325.0,21
2326.0,6
2327.0,23
2328.0,105
2329.0,15
2330.0,71
2331.0,50
2332.0,31
2333.0,35
2334.0,74
2335.0,69
2336.0,21
2337.0,9
2338.0,18
2339.0,54
2340.0,259
2341.0,260
2342.0,567
2343.0,26
2344.0,222
2345.0,110
2346.0,151
2347.0,551
2348.0,149
2349.0,186
2350.0,1074
2351.0,87
2352.0,29
2353.0,33
2354.0,100
2355.0,29
2356.0,160
2357.0,243
2358.0,76
2359.0,17
2360.0,20
2361.0,47
2362.0,61
2363.0,52
2364.0,171
2365.0,11
2366.0,24
2367.0,198
2368.0,9
2369.0,197
2370.0,81
2371.0,154
2372.0,68
2373.0,15
2374.0,81
2375.0,58
2376.0,74
2377.0,112
2378.0,45
2379.0,78
2380.0,30
2381.0,27
2382.0,100
2383.0,11
2384.0,179
2385.0,17
2386.0,127
2387.0,10
2388.0,118
2389.0,100
2390.0,91
2391.0,125
2392.0,1289
2393.0,92
2394.0,64
2395.0,13
2396.0,120
2397.0,25
2398.0,105
2399.0,21
2400.0,17
2401.0,17
2402.0,47
2403.0,678
2404.0,35
2405.0,96
2406.0,18
2407.0,115
2408.0,126
2409.0,19
2410.0,71
2411.0,144
2412.0,17
2413.0,118
2414.0,53
2415.0,67
2416.0,100
2417.0,40
2418.0,11
2419.0,828
2420.0,129
2421.0,91
2422.0,11
2423.0,97
2424.0,11
2425.0,20
2426.0,516
2427.0,12
2428.0,54
2429.0,21
2430.0,121
2431.0,81
2432.0,6
2433.0,26
2434.0,23
2435.0,63
2436.0,115
2437.0,83
2438.0,32
2439.0,38
2440.0,24
2441.0,34
2442.0,280
2443.0,3
2444.0,39
2445.0,15
2446.0,30
2447.0,4
2448.0,16
2449.0,16
2450.0,27
2451.0,285
2452.0,25
2453.0,18
2454.0,29
2455.0,62
2456.0,45
2457.0,42
2458.0,9
2459.0,398
2460.0,45
2461.0,47
2462.0,19
2463.0,176
2464.0,58
2465.0,680
2466.0,340
2467.0,31
2468.0,576
2469.0,25
2470.0,70
2471.0,74
2472.0,165
2473.0,215
2474.0,83
2475.0,18
2476.0,51
2477.0,21
2478.0,14
2479.0,9
2480.0,21
2481.0,70
2482.0,28
2483.0,108
2484.0,23
2485.0,60
2486.0,80
2487.0,232
2488.0,10
2489.0,1001
2490.0,16
2491.0,39
2492.0,61
2493.0,28
2494.0,35
2495.0,77
2496.0,27
2497.0,53
2498.0,15
2499.0,65
2500.0,94
2501.0,161
2502.0,75
2503.0,372
2504.0,6
2505.0,195
2506.0,22
2507.0,27
2508.0,34
2509.0,14
2510.0,8
2511.0,48
2512.0,138
2513.0,146
2514.0,244
2515.0,123
2516.0,120
2517.0,67
2518.0,28
2519.0,35
2520.0,11
2521.0,103
2522.0,13
2523.0,58
2524.0,70
2525.0,26
2526.0,3
2527.0,134
2528.0,35
2529.0,536
2530.0,27
2531.0,21
2532.0,135
2533.0,49
2534.0,10
2535.0,64
2536.0,172
2537.0,129
2538.0,67
2539.0,31
2540.0,164
2541.0,165
2542.0,72
2543.0,70
2544.0,75
2545.0,45
2546.0,80
2547.0,150
2548.0,104
2549.0,22
2550.0,9
2551.0,90
2552.0,14
2553.0,24
2554.0,83
2555.0,4
2556.0,122
2557.0,30
2558.0,286
2559.0,45
2560.0,237
2561.0,53
2562.0,220
2563.0,127
2564.0,115
2565.0,16
2566.0,45
2567.0,63
2568.0,66
2569.0,68
2570.0,526
2571.0,143
2572.0,125
2573.0,22
2574.0,10
2575.0,323
2576.0,773
2577.0,14
2578.0,65
2579.0,438
2580.0,22
2581.0,26
2582.0,275
2583.0,98
2584.0,233
2585.0,46
2586.0,176
2587.0,8
2588.0,36
2589.0,42
2590.0,8
2591.0,135
2592.0,19
2593.0,254
2594.0,145
2595.0,36
2596.0,170
2597.0,12
2598.0,28
2599.0,383
2600.0,13
2601.0,25
2602.0,50
2603.0,80
2604.0,23
2605.0,42
2606.0,49
2607.0,11
2608.0,88
2609.0,66
2610.0,10
2611.0,900
2612.0,318
2613.0,361
2614.0,34
2615.0,91
2616.0,46
2617.0,42
2618.0,10
2619.0,319
2620.0,372
2621.0,224
2622.0,12
2623.0,32
2624.0,138
2625.0,103
2626.0,10
2627.0,118
2628.0,119
2629.0,53
2630.0,461
2631.0,8
2632.0,28
2633.0,41
2634.0,133
2635.0,6
2636.0,17
2637.0,106
2638.0,123
2639.0,82
2640.0,102
2641.0,181
2642.0,14
2643.0,4
2644.0,970
2645.0,77
2646.0,356
2647.0,386
2648.0,7
2649.0,36
2650.0,22
2651.0,42
2652.0,121
2653.0,22
2654.0,54
2655.0,73
2656.0,118
2657.0,26
2658.0,104
2659.0,700
2660.0,61
2661.0,47
2662.0,133
2663.0,930
2664.0,64
2665.0,96
2666.0,41
2667.0,305
2668.0,170
2669.0,217
2670.0,36
2671.0,221
2672.0,11
2673.0,23
2674.0,43
2675.0,81
2676.0,35
2677.0,22
2678.0,28
2679.0,47
2680.0,26
2681.0,16
2682.0,158
2683.0,196
2684.0,29
2685.0,65
2686.0,72
2687.0,143
2688.0,81
2689.0,92
2690.0,43
2691.0,119
2692.0,3
2693.0,9
2694.0,46
2695.0,88
2696.0,22
2697.0,60
2698.0,9
2699.0,48
2700.0,49
2701.0,46
2702.0,48
2703.0,46
2704.0,52
2705.0,5
2706.0,81
2707.0,100
2708.0,437
2709.0,34
2710.0,43
2711.0,24
2712.0,25
2713.0,34
2714.0,56
2715.0,43
2716.0,146
2717.0,131
2718.0,3
2719.0,9
2720.0,78
2721.0,45
2722.0,52
2723.0,45
2724.0,375
2725.0,80
2726.0,91
2727.0,52
2728.0,15
2729.0,19
2730.0,21
2731.0,9
2732.0,11
2733.0,9
2734.0,13
2735.0,281
2736.0,61
2737.0,83
2738.0,12
2739.0,467
2740.0,229
2741.0,34
2742.0,39
2743.0,91
2744.0,358
2745.0,88
2746.0,18
2747.0,128
2748.0,77
2749.0,84
2750.0,37
2751.0,109
2752.0,66
2753.0,40
2754.0,17
2755.0,10
2756.0,90
2757.0,1538
2758.0,660
2759.0,59
2760.0,344
2761.0,527
2762.0,191
2763.0,213
2764.0,113
2765.0,120
2766.0,175
2767.0,60
2768.0,72
2769.0,53
2770.0,70
2771.0,28
2772.0,119
2773.0,66
2774.0,83
2775.0,438
2776.0,278
2777.0,52
2778.0,370
2779.0,28
2780.0,752
2781.0,50
2782.0,112
2783.0,147
2784.0,59
2785.0,55
2786.0,535
2787.0,244
2788.0,255
2789.0,470
2790.0,18
2791.0,28
2792.0,16
2793.0,51
2794.0,74
2795.0,164
2796.0,68
2797.0,39
2798.0,11
2799.0,39
2800.0,19
2801.0,105
2802.0,896
2803.0,37
2804.0,183
2805.0,71
2806.0,100
2807.0,58
2808.0,63
2809.0,447
2810.0,288
2811.0,90
2812.0,177
2813.0,17
2814.0,171
2815.0,197
2816.0,185
2817.0,34
2818.0,74
2819.0,71
2820.0,30
2821.0,158
2822.0,73
2823.0,30
2824.0,49
2825.0,135
2826.0,62
2827.0,95
2828.0,454
2829.0,45
2830.0,290
2831.0,235
2832.0,196
2833.0,330
2834.0,83
2835.0,18
2836.0,20
2837.0,30
2838.0,9
2839.0,76
2840.0,5
2841.0,22
2842.0,16
2843.0,21
2844.0,120
2845.0,135
2846.0,17
2847.0,536
2848.0,11
2849.0,17
2850.0,59
2851.0,215
2852.0,22
2853.0,20
2854.0,14
2855.0,27
2856.0,295
2857.0,28
2858.0,213
2859.0,55
2860.0,11
2861.0,64
2862.0,13
2863.0,114
2864.0,7
2865.0,21
2866.0,188
2867.0,13
2868.0,107
2869.0,7
2870.0,11
2871.0,38
2872.0,75
2873.0,853
2874.0,125
2875.0,41
2876.0,65
2877.0,43
2878.0,20
2879.0,50
2880.0,17
2881.0,55
2882.0,15
2883.0,65
2884.0,3
2885.0,39
2886.0,35
2887.0,28
2888.0,140
2889.0,177
2890.0,65
2891.0,55
2892.0,4
2893.0,117
2894.0,52
2895.0,125
2896.0,21
2897.0,66
2898.0,96
2899.0,89
2900.0,105
2901.0,13
2902.0,14
2903.0,47
2904.0,102
2905.0,39
2906.0,59
2907.0,12
2908.0,24
2909.0,18
2910.0,5
2911.0,1185
2912.0,94
2913.0,23
2914.0,5
2915.0,33
2916.0,91
2917.0,87
2918.0,6
2919.0,158
2920.0,108
2921.0,51
2922.0,7
2923.0,34
2924.0,97
2925.0,102
2926.0,151
2927.0,15
2928.0,21
2929.0,31
2930.0,40
2931.0,68
2932.0,23
2933.0,25
2934.0,95
2935.0,48
2936.0,707
2937.0,17
2938.0,5
2939.0,115
2940.0,38
2941.0,26
2942.0,19
2943.0,49
2944.0,87
2945.0,452
2946.0,61
2947.0,38
2948.0,9
2949.0,19
2950.0,23
2951.0,10
2952.0,851
2953.0,21
2954.0,30
2955.0,11
2956.0,63
2957.0,7
2958.0,12
2959.0,46
2960.0,53
2961.0,25
2962.0,126
2963.0,96
2964.0,82
2965.0,13
2966.0,28
2967.0,39
2968.0,58
2969.0,221
2970.0,417
2971.0,164
2972.0,29
2973.0,25
2974.0,116
2975.0,143
2976.0,142
2977.0,189
2978.0,128
2979.0,84
2980.0,34
2981.0,18
2982.0,26
2983.0,33
2984.0,50
2985.0,62
2986.0,6
2987.0,23
2988.0,100
2989.0,192
2990.0,92
2991.0,36
2992.0,25
2993.0,4
2994.0,89
2995.0,65
2996.0,125
2997.0,57
2998.0,48
2999.0,43
3000.0,99
3001.0,35
3002.0,11
3003.0,5
3004.0,51
3005.0,12
3006.0,53
3007.0,31
3008.0,41
3009.0,16
3010.0,26
3011.0,31
3012.0,6
3013.0,44
3014.0,22
3015.0,108
3016.0,14
3017.0,48
3018.0,11
3019.0,5
3020.0,5
3021.0,10
3022.0,554
3023.0,14
3024.0,1266
3025.0,43
3026.0,12
3027.0,5
3028.0,76
3029.0,9
3030.0,47
3031.0,1120
3032.0,585
3033.0,6
3034.0,108
3035.0,23
3036.0,1171
3037.0,18
3038.0,44
3039.0,21
3040.0,155
3041.0,618
3042.0,76
3043.0,610
3044.0,11
3045.0,84
3046.0,11
3047.0,140
3048.0,3
3049.0,64
3050.0,23
3051.0,905
3052.0,1115
3053.0,584
3054.0,677
3055.0,17
3056.0,568
3057.0,35
3058.0,560
3059.0,4416
3060.0,38
3061.0,20
3062.0,30
3063.0,66
3064.0,75
3065.0,29
3066.0,152
3067.0,69
3068.0,63
3069.0,17
3070.0,14
3071.0,40
3072.0,56
3073.0,31
3074.0,55
3075.0,45
3076.0,37
3077.0,13
3078.0,79
3079.0,15
3080.0,143
3081.0,129
3082.0,294
3083.0,16
3084.0,5
3085.0,5
3086.0,38
3087.0,50
3088.0,20
3089.0,40
3090.0,27
3091.0,39
3092.0,26
3093.0,20
3094.0,24
3095.0,413
3096.0,45
3097.0,50
3098.0,75
3099.0,20
3100.0,370
3101.0,6
3102.0,62
3103.0,50
3104.0,136
3105.0,42
3106.0,26
3107.0,11
3108.0,15
3109.0,3
3110.0,33
3111.0,68
3112.0,6
3113.0,25
3114.0,26
3115.0,68
3116.0,10
3117.0,27
3118.0,3
3119.0,17
3120.0,8
3121.0,7
3122.0,22
3123.0,17
3124.0,25
3125.0,26
3126.0,9
3127.0,10
3128.0,42
3129.0,7
3130.0,24
3131.0,8
3132.0,42
3133.0,55
3134.0,7
3135.0,34
3136.0,38
3137.0,9
3138.0,6
3139.0,20
3140.0,35
3141.0,132
3142.0,23
3143.0,34
3144.0,3
3145.0,23
3146.0,14
3147.0,27
3148.0,6
3149.0,58
3150.0,39
3151.0,8
3152.0,5
3153.0,9
3154.0,36
3155.0,2
3156.0,36
3157.0,47
3158.0,74
3159.0,36
3160.0,62
3161.0,67
3162.0,127
3163.0,52
3164.0,13
3165.0,66
3166.0,40
3167.0,53
3168.0,84
3169.0,46
3170.0,32
3171.0,226
3172.0,13
3173.0,39
3174.0,10
3175.0,144
3176.0,656
3177.0,9
3178.0,25
3179.0,100
3180.0,40
3181.0,16
3182.0,55
3183.0,67
3184.0,29
3185.0,57
3186.0,14
3187.0,23
3188.0,54
3189.0,136
3190.0,30
3191.0,12
3192.0,371
3193.0,85
3194.0,40
3195.0,25
3196.0,108
3197.0,60
3198.0,718
3199.0,50
3200.0,17
3201.0,28
3202.0,53
3203.0,199
3204.0,102
3205.0,596
3206.0,25
3207.0,92
3208.0,266
3209.0,27
3210.0,114
3211.0,158
3212.0,58
3213.0,714
3214.0,36
3215.0,80
3216.0,51
3217.0,10
3218.0,20
3219.0,37
3220.0,18
3221.0,8
3222.0,21
3223.0,9
3224.0,29
3225.0,59
3226.0,109
3227.0,91
3228.0,23
3229.0,51
3230.0,33
3231.0,35
3232.0,167
3233.0,27
3234.0,18
3235.0,22
3236.0,11
3237.0,57
3238.0,23
3239.0,10
3240.0,214
3241.0,4
3242.0,12
3243.0,80
3244.0,45
3245.0,147
3246.0,6
3247.0,24
3248.0,64
3249.0,124
3250.0,13
3251.0,87
3252.0,48
3253.0,18
3254.0,16
3255.0,8
3256.0,26
3257.0,37
3258.0,55
3259.0,77
3260.0,50
3261.0,64
3262.0,15
3263.0,5
3264.0,7
3265.0,3
3266.0,22
3267.0,79
3268.0,61
3269.0,31
3270.0,67
3271.0,51
3272.0,63
3273.0,56
3274.0,13
3275.0,55
3276.0,14
3277.0,9
3278.0,21
3279.0,4
3280.0,1
3281.0,199
3283.0,59
3284.0,17
3285.0,9
3286.0,35
3287.0,135
3288.0,208
3289.0,7
3290.0,64
3291.0,10
3292.0,24
3293.0,81
3294.0,36
3295.0,31
3296.0,7
3297.0,16
3298.0,12
3299.0,161
3300.0,67
3301.0,3
3302.0,10
3303.0,31
3304.0,41
3305.0,3
3306.0,310
3307.0,6
3308.0,5
3309.0,24
3310.0,16
3311.0,28
3312.0,21
3313.0,9
3314.0,84
3315.0,4
3316.0,9
3317.0,5
3318.0,10
3319.0,52
3320.0,22
3321.0,75
3322.0,20
3323.0,72
3324.0,11
3325.0,331
3326.0,15
3327.0,1297
3328.0,41
3329.0,13
3330.0,49
3331.0,4
3332.0,7
3333.0,38
3334.0,34
3335.0,19
3336.0,33
3337.0,39
3338.0,22
3339.0,18
3340.0,20
3341.0,59
3342.0,82
3343.0,1
3344.0,268
3345.0,18
3346.0,41
3347.0,48
3348.0,65
3349.0,35
3350.0,25
3351.0,30
3352.0,22
3353.0,110
3354.0,6
3355.0,84
3356.0,17
3357.0,2
3358.0,333
3359.0,8
3360.0,21
3361.0,7
3362.0,32
3363.0,5
3364.0,29
3365.0,33
3366.0,42
3367.0,157
3368.0,5
3369.0,58
3370.0,145
3371.0,30
3372.0,1254
3373.0,26
3374.0,79
3375.0,111
3376.0,37
3377.0,94
3378.0,87
3379.0,11
3380.0,32
3381.0,14
3382.0,15
3383.0,11
3384.0,174
3385.0,14
3386.0,45
3387.0,22
3388.0,3
3389.0,18
3390.0,20
3391.0,8
3392.0,26
3393.0,11
3394.0,36
3395.0,55
3396.0,28
3397.0,9
3398.0,3
3399.0,23
3400.0,25
3401.0,56
3402.0,18
3403.0,55
3404.0,1
3405.0,4
3406.0,39
3407.0,11
3408.0,38
3409.0,71
3410.0,123
3411.0,156
3413.0,4
3414.0,46
3415.0,26
3416.0,6
3417.0,14
3418.0,351
3419.0,14
3420.0,62
3421.0,22
3422.0,10
3423.0,24
3424.0,4
3425.0,15
3426.0,12
3427.0,4
3428.0,9
3429.0,8
3430.0,12
3431.0,75
3432.0,7
3433.0,23
3434.0,15
3435.0,2
3436.0,4
3437.0,33
3438.0,43
3439.0,51
3440.0,38
3441.0,183
3442.0,4
3443.0,40
3444.0,44
3445.0,49
3446.0,37
3447.0,1
3448.0,35
3449.0,10
3450.0,1
3451.0,3
3452.0,16
3453.0,14
3454.0,49
3455.0,6
3456.0,13
3457.0,139
3458.0,14
3459.0,9
3460.0,119
3461.0,13
3462.0,14
3463.0,14
3464.0,105
3465.0,4
3466.0,123
3467.0,73
3468.0,43
3469.0,15
3470.0,716
3471.0,26
3472.0,7
3473.0,89
3474.0,51
3475.0,52
3476.0,37
3477.0,9
3478.0,41
3479.0,17
3480.0,12
3481.0,28
3482.0,15
3483.0,15
3484.0,3
3485.0,11
3486.0,1
3487.0,6
3488.0,18
3489.0,25
3490.0,3
3491.0,29
3492.0,13
3493.0,6
3494.0,45
3495.0,6
3496.0,13
3497.0,4
3498.0,24
3499.0,16
3500.0,34
3501.0,27
3502.0,503
3503.0,123
3504.0,147
3505.0,10
3506.0,365
3507.0,21
3508.0,20
3509.0,4
3510.0,24
3511.0,2
3512.0,6
3513.0,20
3514.0,2
3515.0,14
3516.0,16
3517.0,5
3518.0,23
3519.0,72
3520.0,22
3521.0,32
3522.0,17
3523.0,25
3524.0,1
3525.0,18
3526.0,773
3527.0,27
3528.0,31
3529.0,42
3530.0,42
3531.0,22
3532.0,25
3533.0,56
3534.0,63
3535.0,41
3536.0,53
3537.0,98
3538.0,31
3539.0,162
3540.0,228
3541.0,35
3542.0,1
3543.0,12
3544.0,67
3545.0,231
3546.0,44
3547.0,17
3548.0,25
3549.0,21
3550.0,1
3551.0,26
3552.0,13
3553.0,10
3554.0,61
3555.0,222
3556.0,42
3557.0,53
3558.0,15
3559.0,35
3560.0,50
3561.0,74
3562.0,206
3563.0,171
3564.0,1
3565.0,13
3567.0,19
3568.0,2
3569.0,20
3570.0,26
3571.0,17
3572.0,59
3573.0,82
3574.0,65
3575.0,12
3576.0,11
3577.0,10
3578.0,33
3579.0,2
3580.0,28
3581.0,10
3582.0,39
3583.0,3
3584.0,1
3585.0,46
3586.0,43
3587.0,18
3588.0,83
3589.0,10
3590.0,350
3591.0,19
3592.0,8
3593.0,22
3594.0,25
3595.0,12
3596.0,29
3597.0,397
3598.0,18
3599.0,13
3600.0,847
3601.0,51
3602.0,24
3603.0,33
3604.0,6
3605.0,13
3606.0,4
3607.0,38
3608.0,24
3609.0,34
3610.0,299
3611.0,24
3612.0,12
3613.0,31
3614.0,17
3615.0,25
3616.0,21
3617.0,60
3618.0,43
3619.0,26
3620.0,1
3621.0,12
3622.0,50
3623.0,8
3624.0,42
3625.0,2
3626.0,650
3627.0,35
3628.0,3
3629.0,6
3630.0,3
3631.0,2
3632.0,109
3633.0,5
3634.0,19
3635.0,10
3636.0,46
3637.0,8
3638.0,20
3639.0,8
3640.0,56
3641.0,55
3642.0,200
3643.0,116
3644.0,422
3645.0,4
3646.0,1
3647.0,26
3648.0,3
3649.0,82
3650.0,10
3651.0,247
3652.0,9
3653.0,3
3654.0,213
3655.0,7
3656.0,93
3657.0,100
3658.0,208
3659.0,426
3660.0,2
3661.0,3
3662.0,16
3663.0,6
3664.0,16
3665.0,26
3666.0,39
3667.0,7
3668.0,1
3669.0,12
3670.0,42
3671.0,3
3672.0,2
3673.0,194
3674.0,36
3675.0,27
3676.0,5
3677.0,13
3678.0,16
3679.0,61
3680.0,44
3681.0,12
3682.0,165
3683.0,10
3684.0,8
3685.0,44
3686.0,17
3687.0,9
3688.0,10
3689.0,5
3690.0,11
3691.0,4
3692.0,41
3693.0,51
3694.0,2
3695.0,3
3696.0,5
3697.0,25
3698.0,66
3699.0,28
3700.0,4
3701.0,148
3702.0,78
3703.0,42
3704.0,111
3705.0,3
3706.0,5
3707.0,2
3708.0,70
3709.0,32
3710.0,23
3711.0,39
3712.0,46
3713.0,3
3714.0,306
3715.0,123
3716.0,47
3717.0,11
3718.0,17
3719.0,51
3720.0,203
3721.0,6
3723.0,59
3724.0,441
3725.0,13
3726.0,11
3727.0,60
3728.0,19
3729.0,14
3730.0,16
3731.0,55
3732.0,3
3733.0,19
3734.0,75
3735.0,5
3736.0,5
3737.0,16
3738.0,41
3739.0,9
3740.0,9
3741.0,7
3742.0,2
3743.0,14
3744.0,51
3745.0,19
3746.0,3
3747.0,6
3748.0,21
3749.0,39
3750.0,7
3751.0,1
3752.0,2
3753.0,22
3754.0,49
3755.0,14
3756.0,29
3757.0,44
3758.0,32
3759.0,35
3760.0,29
3761.0,29
3762.0,37
3763.0,4
3764.0,50
3765.0,30
3766.0,13
3767.0,3
3768.0,4
3769.0,2
3770.0,4
3771.0,6
3772.0,45
3773.0,25
3774.0,14
3775.0,10
3776.0,16
3777.0,2
3778.0,6
3779.0,3
3780.0,95
3781.0,373
3782.0,140
3783.0,149
3784.0,40
3785.0,2
3786.0,7
3787.0,8
3788.0,21
3789.0,20
3790.0,3
3791.0,86
3792.0,145
3793.0,96
3794.0,10
3795.0,4
3796.0,7
3797.0,28
3798.0,38
3799.0,61
3800.0,46
3801.0,140
3802.0,7
3803.0,77
3804.0,39
3805.0,6
3806.0,80
3807.0,32
3808.0,35
3809.0,168
3810.0,13
3811.0,4
3812.0,76
3813.0,8
3814.0,48
3815.0,2
3816.0,94
3817.0,88
3818.0,3
3819.0,5
3820.0,41
3821.0,17
3822.0,8
3823.0,12
3824.0,8
3825.0,2
3826.0,9
3827.0,6
3828.0,16
3829.0,5
3830.0,17
3831.0,3
3832.0,20
3833.0,2
3834.0,80
3835.0,7
3836.0,30
3837.0,40
3838.0,4
3839.0,7
3840.0,2
3841.0,1
3842.0,4
3843.0,11
3844.0,5
3845.0,6
3846.0,4
3847.0,16
3848.0,5
3849.0,1
3850.0,1
3851.0,3
3853.0,20
3854.0,9
3855.0,6
3856.0,78
3857.0,65
3858.0,20
3859.0,42
3860.0,11
3861.0,15
3862.0,2
3863.0,43
3864.0,1
3865.0,6
3866.0,5
3867.0,9
3868.0,5
3869.0,5
3870.0,1
3871.0,8
3872.0,27
3873.0,7
3874.0,6
3875.0,35
3876.0,8
3877.0,19
3878.0,2
3879.0,18
3880.0,8
3881.0,13
3882.0,14
3883.0,10
3884.0,12
3885.0,21
3886.0,28
3887.0,7
3888.0,6
3889.0,4
3890.0,5
3891.0,2
3892.0,2
3893.0,44
3894.0,81
3895.0,25
3896.0,11
3898.0,6
3899.0,28
3900.0,2
3901.0,29
3902.0,5
3903.0,5
3904.0,12
3905.0,10
3906.0,7
3907.0,9
3908.0,13
3909.0,6
3910.0,2
3911.0,6
3912.0,7
3913.0,5
3914.0,7
3915.0,4
3916.0,16
3917.0,8
3918.0,27
3920.0,26
3921.0,2
3922.0,2
3923.0,1
3924.0,2
3925.0,3
3926.0,4
3927.0,7
3928.0,22
3929.0,18
3930.0,6
3931.0,8
3932.0,1
3933.0,9
3934.0,18
3935.0,7
3936.0,18
3937.0,14
3938.0,19
3939.0,12
3940.0,17
3941.0,4
3942.0,7
3943.0,1
3944.0,5
3945.0,9
3946.0,11
3947.0,7
3948.0,9
3949.0,14
3950.0,12
3951.0,6
3952.0,3
3953.0,3
3954.0,91
3955.0,4
3956.0,1
3957.0,2
3958.0,5
3959.0,3
3960.0,20
3961.0,4
3962.0,2
3964.0,6
3965.0,2
3966.0,1
3967.0,316
3968.0,12
3969.0,10
3970.0,7
3971.0,4
3972.0,209
3973.0,5
3974.0,3
3975.0,14
3976.0,6
3977.0,8
3978.0,9
3979.0,13
3980.0,60
3981.0,62
3982.0,2
3983.0,11
3984.0,13
3985.0,3
3986.0,2
3987.0,27
3988.0,14
3989.0,12
3990.0,281
3991.0,8
3992.0,5
3993.0,2
3994.0,4
3995.0,5
3996.0,10
3997.0,39
3998.0,4
3999.0,1
4000.0,27
4001.0,25
4002.0,1
4003.0,2
4004.0,27
4005.0,26
4006.0,860
4007.0,2
4008.0,1
4009.0,18
4010.0,2
4011.0,1
4012.0,7
4013.0,23
4014.0,10
4016.0,6
4017.0,3
4018.0,2
4019.0,8
4020.0,7
4021.0,8
4022.0,506
4023.0,3
4024.0,22
4025.0,120
4026.0,3
4027.0,262
4028.0,25
4029.0,5
4030.0,18
4031.0,16
4032.0,6
4033.0,2
4034.0,8
4035.0,16
4036.0,21
4037.0,14
4038.0,1914
4039.0,2
4040.0,5
4041.0,15
4042.0,4
4043.0,2
4044.0,2
4045.0,421
4046.0,2
4047.0,4
4048.0,7
4049.0,8
4051.0,4
4052.0,52
4053.0,33
4054.0,11
4055.0,6
4056.0,11
4057.0,4
4058.0,28
4059.0,3
4060.0,3
4061.0,26
4062.0,10
4063.0,11
4064.0,11
4066.0,4
4067.0,8
4068.0,9
4069.0,2
4070.0,10
4071.0,2
4072.0,1
4073.0,81
4074.0,40
4075.0,47
4076.0,18
4077.0,2
4078.0,14
4079.0,22
4080.0,63
4081.0,2
4082.0,10
4083.0,3
4084.0,9
4085.0,10
4086.0,7
4087.0,67
4088.0,44
4089.0,8
4090.0,10
4091.0,1
4092.0,1
4093.0,6
4094.0,5
4095.0,8
4096.0,49
4097.0,41
4098.0,6
4099.0,109
4100.0,3
4101.0,43
4102.0,30
4103.0,13
4104.0,1
4105.0,8
4106.0,30
4107.0,1
4108.0,19
4109.0,45
4110.0,8
4111.0,9
4112.0,8
4113.0,10
4114.0,9
4115.0,27
4116.0,4
4117.0,12
4118.0,18
4119.0,22
4120.0,38
4121.0,10
4122.0,8
4123.0,12
4124.0,24
4125.0,51
4126.0,10
4127.0,3
4128.0,3
4129.0,8
4130.0,11
4131.0,2
4132.0,53
4133.0,9
4134.0,14
4135.0,85
4136.0,4
4137.0,7
4139.0,7
4140.0,1
4141.0,13
4142.0,4
4143.0,13
4144.0,18
4145.0,1
4146.0,35
4147.0,2
4148.0,1
4149.0,3
4150.0,42
4152.0,3
4153.0,2
4154.0,22
4155.0,1
4156.0,2
4157.0,21
4158.0,1
4160.0,28
4161.0,6
4163.0,2
4164.0,4
4165.0,3
4166.0,40
4167.0,4
4168.0,7
4169.0,9
4170.0,6
4171.0,6
4172.0,10
4173.0,10
4174.0,6
4177.0,4
4178.0,5
4179.0,9
4180.0,24
4181.0,52
4182.0,123
4183.0,2
4184.0,9
4185.0,1
4186.0,1
4187.0,59
4188.0,2
4189.0,2
4190.0,3
4191.0,497
4192.0,23
4193.0,1
4194.0,3
4195.0,12
4196.0,209
4197.0,10
4198.0,145
4199.0,222
4200.0,66
4201.0,58
4202.0,3
4203.0,9
4204.0,8
4205.0,8
4206.0,41
4207.0,2
4208.0,17
4209.0,59
4210.0,4
4211.0,3
4212.0,10
4213.0,28
4214.0,3
4215.0,4
4216.0,8
4217.0,4
4218.0,8
4219.0,64
4220.0,15
4221.0,3
4222.0,8
4223.0,14
4225.0,19
4226.0,9
4227.0,37
4228.0,121
4229.0,29
4230.0,7
4231.0,25
4232.0,2
4233.0,9
4234.0,1
4235.0,128
4236.0,72
4237.0,2
4238.0,22
4239.0,2
4240.0,54
4241.0,4
4242.0,10
4243.0,6
4244.0,2
4245.0,13
4246.0,1
4247.0,2
4248.0,4
4249.0,8
4251.0,3
4252.0,6
4253.0,4
4254.0,15
4255.0,9
4256.0,5
4257.0,5
4258.0,11
4259.0,9
4260.0,2
4261.0,6
4262.0,4
4263.0,94
4264.0,11
4265.0,8
4266.0,5
4267.0,14
4268.0,13
4269.0,1
4271.0,21
4272.0,16
4273.0,2
4274.0,1
4275.0,2
4276.0,13
4277.0,40
4278.0,2
4279.0,111
4280.0,15
4281.0,1
4284.0,6
4285.0,2
4286.0,2
4287.0,11
4288.0,18
4289.0,6
4290.0,7
4291.0,1
4293.0,80
4294.0,102
4295.0,10
4296.0,19
4298.0,1
4299.0,4
4300.0,15
4301.0,14
4302.0,7
4303.0,15
4305.0,7
4306.0,2
4307.0,4
4308.0,11
4309.0,1
4310.0,21
4312.0,3
4313.0,31
4314.0,5
4315.0,4
4316.0,16
4317.0,4
4318.0,8
4319.0,5
4320.0,15
4322.0,5
4323.0,7
4324.0,13
4325.0,5
4327.0,4
4329.0,4
4330.0,3
4331.0,91
4332.0,8
4333.0,2
4334.0,5
4335.0,22
4337.0,4
4338.0,1
4339.0,10
4340.0,4
4341.0,42
4342.0,4
4344.0,1
4345.0,12
4346.0,9
4347.0,17
4348.0,26
4349.0,5
4350.0,3
4351.0,3
4352.0,22
4353.0,10
4354.0,46
4355.0,6
4356.0,82
4357.0,7
4358.0,7
4359.0,50
4360.0,10
4361.0,6
4362.0,4
4363.0,6
4364.0,1
4365.0,4
4366.0,5
4367.0,4
4368.0,3
4369.0,4
4370.0,46
4371.0,30
4372.0,110
4373.0,1
4374.0,9
4375.0,1
4376.0,2
4377.0,2
4378.0,6
4379.0,4
4380.0,13
4381.0,2
4382.0,2
4383.0,13
4384.0,5
4385.0,3
4386.0,3
4387.0,4
4389.0,72
4390.0,23
4391.0,4
4392.0,212
4393.0,3
4394.0,8
4395.0,3
4396.0,2
4397.0,17
4398.0,9
4399.0,4
4400.0,11
4401.0,1
4402.0,4
4403.0,6
4404.0,4
4405.0,9
4406.0,7
4407.0,8
4408.0,12
4409.0,37
4410.0,11
4411.0,57
4412.0,144
4413.0,55
4414.0,7
4415.0,1
4416.0,4
4417.0,17
4418.0,86
4419.0,59
4420.0,17
4421.0,8
4422.0,33
4423.0,3
4424.0,15
4425.0,14
4426.0,3
4427.0,11
4428.0,6
4429.0,32
4430.0,1
4432.0,7
4433.0,5
4434.0,5
4435.0,2
4436.0,1
4437.0,5
4438.0,15
4439.0,1
4440.0,6
4441.0,52
4442.0,109
4443.0,100
4444.0,19
4445.0,5
4446.0,5
4447.0,4
4448.0,3
4449.0,20
4450.0,1
4451.0,1
4452.0,2
4453.0,9
4454.0,16
4455.0,11
4456.0,6
4457.0,38
4458.0,18
4459.0,4
4460.0,18
4463.0,22
4464.0,1
4466.0,4
4467.0,2
4468.0,18
4469.0,2
4470.0,13
4471.0,10
4472.0,20
4473.0,1
4474.0,5
4475.0,1
4477.0,17
4478.0,182
4479.0,12
4480.0,5
4481.0,10
4482.0,14
4483.0,10
4484.0,8
4485.0,1
4486.0,7
4487.0,12
4488.0,5
4489.0,1
4490.0,1
4491.0,12
4493.0,13
4494.0,12
4495.0,10
4496.0,8
4497.0,5
4498.0,6
4499.0,1
4500.0,10
4501.0,1
4502.0,13
4503.0,34
4504.0,56
4505.0,12
4506.0,5
4507.0,2
4508.0,2
4509.0,4
4510.0,12
4511.0,2
4512.0,57
4513.0,3
4514.0,2
4515.0,33
4516.0,4
4518.0,21
4519.0,5
4520.0,10
4521.0,3
4522.0,43
4523.0,15
4524.0,14
4525.0,14
4526.0,1
4527.0,2
4528.0,8
4529.0,3
4530.0,30
4531.0,11
4532.0,1
4533.0,34
4534.0,16
4535.0,2
4536.0,7
4537.0,238
4538.0,26
4539.0,13
4540.0,91
4541.0,4
4542.0,2
4543.0,4
4544.0,51
4545.0,5
4546.0,5
4547.0,10
4548.0,9
4549.0,1
4551.0,17
4553.0,8
4554.0,7
4556.0,3
4557.0,2
4558.0,1
4559.0,1
4560.0,1
4561.0,1
4562.0,3
4563.0,3
4564.0,6
4565.0,36
4566.0,255
4567.0,11
4568.0,13
4569.0,1
4570.0,7
4571.0,102
4572.0,14
4573.0,6
4574.0,12
4575.0,4
4576.0,26
4577.0,10
4578.0,1
4579.0,2
4580.0,9
4581.0,6
4582.0,14
4583.0,8
4584.0,3
4585.0,8
4586.0,9
4587.0,51
4588.0,140
4589.0,32
4590.0,1
4591.0,1
4592.0,1
4593.0,1
4594.0,1
4595.0,8
4596.0,5
4597.0,72
4598.0,142
4599.0,4
4600.0,4
4601.0,30
4602.0,4
4603.0,9
4604.0,9
4605.0,9
4606.0,3
4607.0,14
4608.0,17
4609.0,14
4610.0,14
4611.0,20
4612.0,3
4613.0,16
4615.0,2
4616.0,42
4617.0,65
4618.0,3
4619.0,8
4620.0,93
4621.0,28
4622.0,7
4623.0,2
4624.0,8
4625.0,4
4626.0,5
4627.0,3
4628.0,16
4629.0,1
4631.0,10
4632.0,18
4633.0,9
4634.0,2
4636.0,39
4637.0,3
4638.0,2
4639.0,1
4640.0,7
4641.0,5
4643.0,4
4644.0,31
4645.0,3
4646.0,5
4647.0,13
4648.0,22
4649.0,3
4650.0,44
4651.0,1
4653.0,6
4654.0,1
4656.0,5
4657.0,2
4658.0,6
4659.0,4
4661.0,2
4662.0,1
4663.0,1
4664.0,4
4665.0,2
4666.0,13
4668.0,2
4670.0,6
4671.0,9
4672.0,8
4673.0,1
4675.0,4
4676.0,25
4677.0,2
4678.0,10
4679.0,5
4680.0,1
4681.0,52
4682.0,2
4683.0,9
4684.0,7
4689.0,7
4690.0,2
4691.0,7
4692.0,1
4693.0,3
4695.0,4
4696.0,2
4697.0,2
4698.0,8
4699.0,4
4700.0,2
4701.0,2
4702.0,3
4703.0,5
4706.0,46
4707.0,2
4708.0,49
4709.0,1
4710.0,12
4711.0,6
4712.0,8
4713.0,1
4714.0,2
4715.0,3
4716.0,11
4717.0,7
4718.0,13
4719.0,3
4720.0,8
4721.0,3
4723.0,1
4725.0,1
4726.0,5
4727.0,1
4728.0,1
4729.0,5
4730.0,55
4732.0,2
4733.0,7
4734.0,1
4735.0,4
4736.0,1
4737.0,3
4738.0,1
4739.0,14
4740.0,2
4741.0,6
4742.0,9
4743.0,4
4744.0,6
4746.0,67
4747.0,3
4748.0,51
4749.0,5
4750.0,12
4751.0,59
4752.0,14
4753.0,3
4754.0,6
4755.0,6
4756.0,2
4757.0,3
4758.0,3
4759.0,5
4760.0,24
4761.0,7
4762.0,64
4763.0,3
4764.0,4
4765.0,17
4766.0,16
4767.0,8
4768.0,16
4769.0,15
4770.0,1
4771.0,10
4772.0,10
4773.0,14
4774.0,8
4775.0,55
4776.0,57
4777.0,7
4778.0,2
4779.0,2
4780.0,4
4781.0,53
4782.0,9
4783.0,1
4784.0,3
4785.0,58
4786.0,1626
4787.0,3
4788.0,17
4789.0,34
4790.0,9
4791.0,1
4792.0,42
4793.0,1
4794.0,1
4795.0,29
4796.0,6
4797.0,6
4798.0,15
4799.0,1
4800.0,7
4801.0,67
4802.0,1
4803.0,7
4804.0,9
4805.0,3
4806.0,1
4807.0,4
4808.0,3
4809.0,5
4810.0,3
4811.0,1
4812.0,155
4813.0,1
4814.0,1
4816.0,67
4817.0,1
4818.0,20
4819.0,6
4821.0,1
4822.0,66
4823.0,1
4824.0,13
4825.0,2
4826.0,67
4827.0,59
4828.0,71
4829.0,1285
4830.0,10
4831.0,122
4832.0,2
4833.0,12
4834.0,807
4835.0,1
4836.0,3
4837.0,4
4838.0,2
4839.0,26
4840.0,2
4841.0,3
4842.0,14
4843.0,5
4844.0,1
4845.0,1
4846.0,2
4847.0,21
4848.0,6
4849.0,2
4850.0,3
4852.0,74
4853.0,8
4854.0,1
4856.0,17
4857.0,137
4858.0,4
4859.0,239
4860.0,1
4861.0,1
4862.0,58
4863.0,2
4864.0,43
4865.0,106
4866.0,1
4867.0,2
4868.0,2
4869.0,3
4870.0,2
4871.0,2
4872.0,2
4873.0,5
4874.0,1
4875.0,5
4876.0,2
4877.0,62
4878.0,6
4879.0,4
4880.0,2
4881.0,3
4882.0,87
4883.0,17
4884.0,4
4885.0,1
4886.0,3
4887.0,49
4889.0,1
4890.0,2
4891.0,1
4892.0,1
4894.0,8
4897.0,3
4898.0,4
4902.0,4
4903.0,16
4904.0,12
4905.0,21
4906.0,4
4908.0,4
4909.0,1
4910.0,3
4911.0,2
4912.0,1
4915.0,1
4916.0,2
4918.0,1
4919.0,8
4923.0,3
4924.0,1
4926.0,28
4927.0,2
4929.0,4
4931.0,2
4932.0,1
4933.0,5
4934.0,3
4935.0,2
4936.0,3
4937.0,5
4938.0,1
4939.0,3
4941.0,3
4943.0,12
4944.0,1
4945.0,1
4946.0,1
4947.0,4
4949.0,3
4950.0,2
4951.0,2
4952.0,3
4953.0,1
4954.0,56
4955.0,3
4956.0,5
4957.0,8
4958.0,36
4959.0,4
4960.0,3
4961.0,3
4962.0,5
4963.0,1
4966.0,3
4967.0,14
4968.0,53
4969.0,2
4970.0,6
4971.0,104
4972.0,7
4973.0,4
4974.0,1
4976.0,1
4977.0,53
4978.0,5
4980.0,1
4981.0,1
4982.0,6
4983.0,2
4984.0,7
4985.0,2
4986.0,1
4987.0,1
4989.0,1
4990.0,2
4991.0,10
4992.0,6
4993.0,3
4994.0,4
4995.0,2
4996.0,37
4997.0,9
4998.0,6
4999.0,3
5000.0,19
5001.0,4
5002.0,7
5003.0,21
5004.0,50
5005.0,1
5006.0,52
5007.0,1
5008.0,57
5010.0,2
5012.0,3
5013.0,2
5014.0,3
5016.0,3
5017.0,58
5018.0,54
5020.0,3
5021.0,1
5022.0,1
5023.0,76
5024.0,13
5025.0,4
5026.0,3
5027.0,2
5028.0,4
5029.0,54
5030.0,2
5031.0,89
5032.0,10
5033.0,33
5034.0,3
5035.0,1
5036.0,4
5037.0,5
5039.0,52
5040.0,3
5041.0,9
5043.0,2
5045.0,1
5046.0,13
5047.0,5
5049.0,1
5051.0,4
5052.0,1
5053.0,2
5054.0,11
5055.0,108
5056.0,2
5057.0,7
5058.0,2
5059.0,5
5060.0,7
5061.0,4
5062.0,17
5063.0,16
5064.0,1
5065.0,1
5066.0,1
5068.0,27
5069.0,3
5070.0,153
5071.0,2
5072.0,1
5073.0,1
5074.0,4
5075.0,15
5076.0,2
5077.0,1
5078.0,1
5079.0,8
5080.0,4
5081.0,8
5082.0,1
5083.0,1
5084.0,1
5085.0,3
5086.0,72
5087.0,11
5088.0,3
5089.0,2
5090.0,6
5091.0,1
5092.0,2
5093.0,3
5094.0,4
5095.0,1
5096.0,3
5097.0,2
5099.0,2
5100.0,58
5101.0,28
5102.0,4
5103.0,12
5104.0,4
5105.0,9
5106.0,11
5107.0,3
5108.0,2
5109.0,1
5110.0,2
5111.0,8
5112.0,4
5113.0,10
5114.0,1
5115.0,2
5116.0,2
5117.0,833
5118.0,1
5119.0,2
5120.0,64
5121.0,1
5122.0,11
5123.0,6
5124.0,2
5126.0,2
5128.0,2
5129.0,10
5132.0,15
5135.0,18
5136.0,5
5138.0,2
5141.0,6
5143.0,5
5144.0,9
5145.0,10
5146.0,51
5147.0,8
5148.0,28
5149.0,2
5151.0,49
5152.0,1
5153.0,2
5154.0,3
5155.0,6
5156.0,2
5157.0,118
5158.0,9
5159.0,5
5160.0,55
5161.0,2
5162.0,3
5163.0,5
5165.0,3
5166.0,5
5169.0,64
5170.0,5
5171.0,56
5173.0,126
5174.0,6
5176.0,1
5177.0,1
5179.0,6
5180.0,1
5181.0,3
5183.0,2
5186.0,1
5188.0,1
5189.0,34
5190.0,1
5191.0,4
5192.0,6
5193.0,1
5195.0,3
5196.0,1
5198.0,2
5199.0,8
5200.0,3
5201.0,2
5202.0,3
5203.0,8
5204.0,4
5205.0,5
5206.0,1
5207.0,11
5208.0,2
5209.0,10
5210.0,2
5211.0,83
5212.0,1
5214.0,6
5215.0,52
5216.0,9
5218.0,3
5219.0,1
5220.0,8
5221.0,13
5222.0,3
5225.0,52
5226.0,67
5227.0,9
5228.0,1
5229.0,3
5230.0,5
5231.0,5
5232.0,3
5233.0,3
5234.0,2
5235.0,2
5236.0,53
5237.0,1
5239.0,99
5240.0,3
5241.0,3
5243.0,4
5244.0,6
5245.0,3
5246.0,140
5248.0,6
5250.0,11
5252.0,1
5254.0,201
5255.0,1
5256.0,7
5257.0,2
5258.0,1
5259.0,56
5260.0,76
5261.0,8
5262.0,23
5263.0,147
5264.0,69
5265.0,1
5266.0,139
5267.0,2
5268.0,67
5269.0,2
5271.0,1
5272.0,8
5273.0,54
5275.0,1
5277.0,4
5280.0,2
5282.0,1
5283.0,1
5284.0,2
5285.0,55
5287.0,16
5288.0,30
5289.0,2
5290.0,1
5291.0,3
5292.0,5
5293.0,9
5294.0,1
5295.0,6
5296.0,1
5297.0,2
5299.0,1
5300.0,1
5302.0,1
5303.0,3
5304.0,5
5306.0,1
5307.0,156
5309.0,7
5312.0,7
5314.0,3
5315.0,1
5316.0,3
5318.0,10
5319.0,5
5320.0,54
5322.0,2
5323.0,1
5324.0,100
5325.0,3
5326.0,8
5327.0,4
5328.0,1
5331.0,1
5335.0,5
5336.0,9
5337.0,5
5338.0,5
5339.0,2
5340.0,18
5341.0,7
5342.0,5
5343.0,3
5344.0,165
5345.0,5
5346.0,3
5347.0,4
5349.0,17
5350.0,13
5353.0,7
5354.0,2
5357.0,52
5358.0,5
5360.0,24
5361.0,9
5362.0,2
5363.0,1
5365.0,1
5367.0,1
5368.0,1
5369.0,2
5370.0,2
5371.0,2
5372.0,2
5373.0,5
5374.0,4
5375.0,1
5376.0,2
5378.0,29
5379.0,2
5380.0,3
5381.0,94
5382.0,13
5383.0,2
5384.0,5
5385.0,3
5386.0,1
5387.0,1
5388.0,10
5389.0,15
5390.0,13
5391.0,15
5393.0,3
5395.0,2
5396.0,3
5397.0,48
5398.0,24
5399.0,2
5400.0,3
5401.0,121
5402.0,8
5404.0,1
5409.0,10
5410.0,4
5411.0,3
5412.0,5
5413.0,1
5414.0,28
5415.0,30
5416.0,38
5417.0,3
5418.0,70
5419.0,99
5420.0,12
5421.0,67
5422.0,2
5424.0,1
5427.0,3
5428.0,12
5429.0,1
5430.0,1
5431.0,142
5432.0,153
5433.0,2
5434.0,5
5435.0,2
5436.0,1
5439.0,133
5440.0,6
5443.0,2
5444.0,14
5445.0,1
5446.0,19
5448.0,3
5449.0,1
5450.0,3
5451.0,1
5452.0,5
5453.0,4
5456.0,89
5457.0,1
5458.0,2
5459.0,1
5460.0,4
5462.0,1
5463.0,4
5464.0,6
5465.0,2
5466.0,4
5467.0,42
5469.0,1
5470.0,21
5471.0,1
5472.0,3
5474.0,1
5475.0,1
5476.0,5
5477.0,1
5478.0,1
5479.0,4
5480.0,9
5481.0,1
5482.0,2
5483.0,1
5484.0,1
5485.0,2
5486.0,6
5489.0,2
5491.0,1
5492.0,1
5493.0,31
5496.0,6
5497.0,3
5499.0,5
5500.0,7
5501.0,10
5502.0,6
5503.0,5
5504.0,1
5505.0,1
5506.0,4
5507.0,48
5508.0,5
5509.0,1
5510.0,1
5512.0,2
5516.0,3
5518.0,3
5522.0,2
5523.0,7
5524.0,1
5525.0,6
5527.0,13
5528.0,2
5529.0,1
5531.0,4
5532.0,2
5533.0,2
5534.0,8
5535.0,7
5536.0,5
5537.0,1
5538.0,1
5539.0,2
5541.0,4
5544.0,6
5545.0,10
5546.0,6
5547.0,3
5548.0,1
5549.0,1
5550.0,4
5551.0,5
5552.0,1
5554.0,1
5556.0,1
5557.0,1
5558.0,10
5559.0,7
5560.0,1
5561.0,10
5562.0,8
5564.0,14
5565.0,27
5566.0,15
5567.0,12
5568.0,6
5569.0,9
5570.0,1
5572.0,23
5573.0,2
5574.0,2
5575.0,1
5577.0,4
5578.0,2
5579.0,2
5580.0,2
5581.0,4
5583.0,17
5584.0,15
5585.0,30
5586.0,2
5587.0,1
5588.0,18
5589.0,1
5590.0,4
5592.0,5
5593.0,15
5594.0,1
5595.0,2
5596.0,2
5597.0,31
5598.0,1
5599.0,23
5600.0,2
5601.0,15
5602.0,1
5603.0,1
5604.0,2
5606.0,1
5607.0,6
5608.0,9
5609.0,5
5611.0,57
5612.0,212
5613.0,1
5614.0,113
5615.0,1
5616.0,1
5619.0,1
5620.0,6
5621.0,7
5622.0,5
5623.0,2
5624.0,3
5625.0,5
5626.0,16
5627.0,4
5629.0,12
5630.0,2
5632.0,1
5633.0,2
5634.0,2
5635.0,1
5636.0,1
5637.0,5
5638.0,1
5639.0,4
5640.0,5
5641.0,5
5642.0,1
5643.0,6
5644.0,3
5646.0,2
5648.0,2
5649.0,3
5650.0,4
5651.0,87
5652.0,16
5653.0,2
5654.0,3
5656.0,141
5657.0,2
5658.0,4
5659.0,1
5660.0,8
5661.0,8
5662.0,7
5663.0,1
5664.0,1
5665.0,23
5666.0,118
5668.0,9
5672.0,4
5673.0,4
5674.0,1
5675.0,1
5677.0,1
5678.0,1
5679.0,11
5681.0,4
5682.0,4
5683.0,1
5684.0,15
5685.0,1
5686.0,2
5687.0,5
5689.0,13
5690.0,1
5691.0,5
5692.0,18
5693.0,18
5694.0,9
5695.0,5
5699.0,4
5701.0,5
5702.0,2
5703.0,21
5706.0,8
5707.0,1
5708.0,3
5709.0,26
5710.0,37
5711.0,1
5714.0,21
5715.0,9
5716.0,14
5718.0,28
5719.0,1
5720.0,4
5721.0,4
5722.0,16
5724.0,9
5726.0,9
5727.0,1
5728.0,2
5729.0,2
5731.0,6
5732.0,2
5733.0,8
5734.0,3
5736.0,2
5738.0,1
5739.0,8
5740.0,20
5741.0,14
5742.0,10
5743.0,4
5744.0,4
5745.0,1
5746.0,2
5747.0,20
5749.0,62
5751.0,2
5752.0,1
5753.0,9
5754.0,1
5756.0,1
5757.0,1
5758.0,3
5759.0,1
5760.0,5
5761.0,1
5762.0,4
5763.0,1
5765.0,3
5766.0,1
5768.0,3
5769.0,2
5770.0,3
5771.0,1
5772.0,2
5773.0,10
5777.0,9
5779.0,1
5781.0,1
5782.0,10
5783.0,1
5786.0,4
5788.0,4
5790.0,2
5791.0,2
5793.0,6
5795.0,4
5798.0,24
5800.0,51
5801.0,2
5803.0,2
5804.0,1
5806.0,1
5807.0,17
5808.0,3
5810.0,17
5811.0,9
5813.0,1
5814.0,1
5816.0,1
5817.0,2
5819.0,4
5820.0,4
5821.0,1
5822.0,5
5823.0,2
5825.0,143
5826.0,1
5827.0,1
5828.0,1
5829.0,9
5830.0,5
5831.0,14
5832.0,21
5833.0,39
5834.0,9
5835.0,18
5836.0,19
5837.0,21
5838.0,4
5839.0,2
5840.0,24
5841.0,17
5842.0,18
5844.0,14
5845.0,4
5846.0,10
5847.0,13
5848.0,14
5849.0,6
5851.0,5
5852.0,2
5853.0,5
5854.0,2
5855.0,1
5856.0,5
5857.0,2
5858.0,3
5859.0,4
5860.0,2
5861.0,5
5863.0,1
5865.0,1
5867.0,1
5868.0,1
5869.0,3
5870.0,1
5873.0,1
5874.0,25
5876.0,5
5878.0,5
5879.0,10
5880.0,7
5881.0,1
5883.0,185
5884.0,1
5885.0,2
5886.0,1
5888.0,7
5889.0,7
5890.0,9
5891.0,6
5892.0,1
5894.0,2
5895.0,9
5896.0,8
5897.0,10
5898.0,8
5899.0,5
5900.0,2
5901.0,1
5902.0,1
5903.0,14
5906.0,7
5907.0,1
5908.0,2
5909.0,22
5910.0,2
5911.0,3
5912.0,4
5913.0,1
5916.0,1
5917.0,4
5918.0,1
5919.0,11
5920.0,11
5921.0,1
5923.0,15
5924.0,1
5925.0,8
5927.0,1
5928.0,2
5929.0,21
5930.0,4
5931.0,1
5934.0,2
5935.0,1
5936.0,5
5937.0,1
5938.0,1
5940.0,2
5942.0,10
5944.0,8
5946.0,2
5949.0,10
5950.0,1
5953.0,3
5956.0,1
5957.0,1
5958.0,3
5959.0,2
5960.0,1
5962.0,22
5963.0,2
5964.0,1
5965.0,18
5966.0,16
5967.0,2
5968.0,8
5969.0,8
5970.0,4
5971.0,1
5972.0,2
5973.0,1
5974.0,1
5975.0,5
5977.0,11
5980.0,5
5981.0,5
5985.0,5
5987.0,138
5988.0,4
5989.0,14
5991.0,6
5992.0,2
5993.0,1
5995.0,3
5997.0,2
6000.0,1
6002.0,2
6004.0,1
6005.0,7
6009.0,7
6011.0,1
6012.0,1
6014.0,2
6015.0,5
6016.0,1
6019.0,1
6020.0,1
6021.0,4
6022.0,4
6025.0,2
6029.0,4
6030.0,1
6031.0,1
6033.0,1
6035.0,1
6038.0,1
6039.0,7
6042.0,1
6043.0,3
6044.0,6
6046.0,3
6047.0,5
6049.0,2
6050.0,13
6051.0,1
6052.0,31
6056.0,370
6057.0,1
6058.0,1
6059.0,9
6060.0,3
6061.0,1
6062.0,5
6063.0,11
6064.0,2
6065.0,2
6066.0,1
6070.0,10
6073.0,1
6074.0,3
6076.0,32
6078.0,6
6079.0,19
6080.0,9
6081.0,13
6082.0,8
6083.0,283
6084.0,1
6085.0,3
6086.0,565
6087.0,291
6089.0,1
6090.0,1
6091.0,1
6092.0,5
6093.0,8
6094.0,16
6095.0,4
6096.0,2
6100.0,5
6101.0,1
6103.0,2
6104.0,14
6105.0,231
6106.0,1
6109.0,32
6110.0,3
6111.0,4
6112.0,1
6113.0,13
6115.0,1
6116.0,5
6117.0,2
6118.0,1
6120.0,2
6121.0,2
6123.0,1
6124.0,1
6125.0,2
6126.0,3
6127.0,1
6128.0,1
6129.0,1
6130.0,2
6131.0,1
6137.0,22
6138.0,2
6140.0,1
6141.0,1
6143.0,2
6144.0,8
6145.0,1
6146.0,2
6147.0,2
6148.0,3
6149.0,5
6151.0,1
6154.0,2
6156.0,7
6157.0,9
6158.0,1
6159.0,7
6160.0,1
6161.0,22
6163.0,1
6164.0,8
6168.0,1228
6169.0,1
6170.0,2
6171.0,5
6172.0,1
6174.0,4
6175.0,131
6176.0,1
6177.0,2
6178.0,1
6179.0,1
6180.0,1
6183.0,5
6184.0,1
6185.0,2
6187.0,1
6192.0,3
6193.0,9
6195.0,61
6197.0,5
6199.0,1
6200.0,96
6201.0,1
6202.0,4
6203.0,5
6204.0,2
6208.0,3
6210.0,12
6211.0,2
6212.0,4
6213.0,4
6215.0,2
6217.0,4
6218.0,17
6221.0,34
6222.0,1
6223.0,1258
6224.0,1211
6225.0,6
6226.0,1
6228.0,1
6229.0,3
6232.0,2
6233.0,1
6234.0,5
6238.0,1
6239.0,1
6242.0,1
6245.0,1
6246.0,1
6247.0,1
6248.0,1
6251.0,1
6253.0,158
6254.0,1
6255.0,1
6256.0,7
6258.0,1
6259.0,1
6260.0,4
6261.0,2
6262.0,86
6263.0,1
6264.0,2
6265.0,25
6269.0,2
6270.0,1
6271.0,1
6272.0,16
6273.0,1
6276.0,5
6279.0,1
6280.0,1208
6281.0,40
6282.0,2
6283.0,2
6285.0,6
6286.0,1
6287.0,6
6289.0,3
6290.0,4
6291.0,1
6292.0,1
6295.0,1
6296.0,5
6297.0,1
6300.0,1
6303.0,2
6304.0,3
6305.0,3
6306.0,7
6307.0,2
6308.0,10
6309.0,22
6310.0,54
6311.0,7
6312.0,2
6316.0,1
6321.0,3
6323.0,2
6324.0,39
6326.0,1
6327.0,8
6328.0,4
6329.0,7
6331.0,1
6332.0,1
6334.0,4
6336.0,17
6337.0,4
6340.0,38
6341.0,11
6342.0,3
6343.0,3
6344.0,6
6345.0,1
6346.0,1
6349.0,1
6350.0,1
6354.0,3
6355.0,2
6356.0,1
6357.0,1
6360.0,3
6361.0,4
6362.0,23
6363.0,23
6364.0,3
6365.0,1
6366.0,13
6368.0,14
6369.0,1
6370.0,1
6371.0,1
6374.0,3
6375.0,97
6376.0,6
6377.0,4
6379.0,39
6381.0,13
6382.0,2
6383.0,1
6386.0,4
6387.0,14
6388.0,2
6391.0,1
6395.0,9
6396.0,5
6400.0,1
6402.0,1
6406.0,2
6407.0,5
6408.0,4
6411.0,4
6412.0,4
6415.0,1
6416.0,1
6417.0,8
6418.0,5
6421.0,2
6422.0,1
6424.0,3
6428.0,2
6429.0,1
6431.0,7
6433.0,1
6434.0,9
6435.0,17
6436.0,1
6437.0,4
6438.0,11
6440.0,14
6441.0,1
6442.0,22
6447.0,3
6448.0,4
6449.0,2
6450.0,3
6451.0,3
6452.0,8
6453.0,2
6454.0,15
6456.0,4
6457.0,19
6458.0,1
6460.0,2
6462.0,3
6467.0,1
6469.0,10
6470.0,1
6472.0,1
6473.0,1
6474.0,1
6477.0,4
6478.0,1
6479.0,9
6481.0,3
6483.0,16
6484.0,11
6485.0,50
6490.0,12
6491.0,3
6493.0,1
6494.0,2
6498.0,5
6499.0,7
6500.0,4
6501.0,9
6503.0,4
6504.0,2
6505.0,1
6506.0,8
6509.0,4
6512.0,1
6513.0,3
6514.0,1
6516.0,1
6519.0,2
6521.0,1
6523.0,2
6524.0,1
6527.0,1
6528.0,3
6530.0,1
6531.0,1
6534.0,10
6536.0,10
6537.0,1
6538.0,7
6547.0,2
6548.0,1
6549.0,1
6550.0,2
6551.0,1
6552.0,4
6557.0,1
6559.0,8
6560.0,1
6563.0,2
6565.0,4
6566.0,5
6567.0,8
6568.0,3
6569.0,1
6570.0,4
6572.0,12
6574.0,1
6576.0,2
6577.0,6
6580.0,6
6581.0,2
6582.0,2
6583.0,2
6586.0,15
6587.0,1
6589.0,5
6592.0,1
6593.0,5
6594.0,2
6596.0,1
6601.0,10
6602.0,1
6606.0,1
6611.0,8
6614.0,3
6615.0,1
6616.0,1
6618.0,4
6619.0,3
6621.0,2
6623.0,2
6624.0,4
6625.0,5
6626.0,1
6628.0,2
6629.0,6
6630.0,1
6631.0,7
6634.0,6
6635.0,2
6636.0,28
6637.0,1
6638.0,2
6640.0,1
6641.0,1
6642.0,1
6643.0,4
6644.0,2
6645.0,1
6647.0,3
6649.0,1
6653.0,2
6654.0,1
6655.0,2
6657.0,2
6658.0,1
6659.0,1
6663.0,1
6665.0,1
6666.0,2
6668.0,5
6669.0,2
6671.0,1
6674.0,1
6679.0,13
6685.0,1
6687.0,1
6688.0,1
6689.0,1
6690.0,17
6692.0,7
6693.0,4
6695.0,4
6696.0,4
6698.0,2
6699.0,8
6700.0,26
6701.0,2
6702.0,4
6703.0,2
6705.0,1
6708.0,6
6709.0,2
6710.0,2
6712.0,1
6713.0,1
6714.0,3
6715.0,2
6716.0,2
6717.0,5
6720.0,6
6721.0,2
6723.0,1
6724.0,10
6725.0,3
6726.0,2
6729.0,1
6731.0,4
6732.0,9
6733.0,3
6737.0,1
6738.0,12
6742.0,1
6744.0,1
6745.0,48
6746.0,9
6747.0,19
6750.0,4
6751.0,1
6752.0,3
6753.0,51
6755.0,1
6763.0,1
6764.0,1
6767.0,2
6771.0,2
6775.0,2
6776.0,20
6778.0,1
6779.0,1
6780.0,1
6781.0,1
6783.0,1
6784.0,49
6785.0,42
6786.0,5
6787.0,1
6788.0,2
6790.0,3
6791.0,69
6792.0,13
6795.0,1
6796.0,133
6798.0,4
6799.0,5
6801.0,2
6802.0,6
6804.0,1
6805.0,9
6808.0,1
6810.0,2
6811.0,8
6814.0,20
6816.0,1
6817.0,4
6818.0,4
6819.0,4
6822.0,1
6824.0,1
6825.0,27
6826.0,6
6827.0,3
6828.0,11
6829.0,60
6830.0,171
6831.0,1
6832.0,4
6834.0,7
6835.0,5
6840.0,2
6842.0,13
6843.0,64
6844.0,1
6845.0,54
6848.0,5
6850.0,20
6852.0,1
6853.0,1
6857.0,4
6858.0,23
6859.0,20
6860.0,1
6861.0,17
6862.0,1
6863.0,3
6864.0,13
6865.0,11
6866.0,3
6867.0,4
6869.0,5
6870.0,16
6871.0,17
6872.0,3
6874.0,6
6879.0,2
6881.0,6
6883.0,6
6884.0,2
6885.0,6
6888.0,23
6890.0,1
6892.0,2
6893.0,1
6894.0,5
6895.0,2
6896.0,1
6898.0,1
6899.0,1
6900.0,1
6902.0,1
6903.0,9
6904.0,1
6907.0,1
6908.0,5
6909.0,2
6910.0,1
6911.0,107
6912.0,16
6913.0,9
6914.0,8
6915.0,5
6916.0,2
6917.0,1
6919.0,2
6920.0,1
6925.0,2
6926.0,4
6927.0,5
6929.0,2
6930.0,2
6931.0,3
6932.0,1
6933.0,4
6934.0,9
6935.0,8
6936.0,31
6937.0,4
6938.0,21
6939.0,1
6941.0,5
6944.0,3
6945.0,6
6946.0,5
6947.0,7
6948.0,7
6950.0,1
6952.0,1
6953.0,1
6954.0,1
6955.0,4
6956.0,13
6958.0,4
6959.0,3
6960.0,3
6961.0,7
6962.0,2
6963.0,18
6964.0,4
6965.0,2
6966.0,16
6967.0,13
6968.0,3
6969.0,5
6972.0,18
6973.0,2
6976.0,8
6979.0,3
6980.0,1
6984.0,10
6985.0,2
6989.0,1
6991.0,4
6992.0,7
6993.0,2
6994.0,1
6996.0,1
6997.0,1
6999.0,6
7000.0,9
7002.0,2
7003.0,1
7006.0,3
7007.0,60
7009.0,5
7010.0,9
7012.0,4
7013.0,2
7014.0,5
7016.0,56
7018.0,1
7019.0,2
7020.0,2
7021.0,2
7024.0,2
7025.0,1
7026.0,1
7027.0,1
7028.0,1
7029.0,9
7030.0,2
7031.0,2
7032.0,4
7034.0,1
7035.0,3
7036.0,1
7042.0,1
7044.0,2
7046.0,4
7047.0,7
7048.0,14
7049.0,124
7050.0,1
7051.0,17
7052.0,6
7056.0,10
7057.0,2
7058.0,33
7062.0,5
7066.0,1
7070.0,8
7071.0,1
7072.0,1
7075.0,1
7078.0,1
7080.0,3
7083.0,1
7084.0,17
7086.0,1
7090.0,42
7094.0,4
7099.0,1
7101.0,1
7103.0,4
7106.0,1
7107.0,1
7108.0,1
7109.0,2
7110.0,4
7111.0,1
7114.0,1
7122.0,3
7123.0,14
7125.0,2
7126.0,1
7128.0,1
7132.0,1
7133.0,1
7134.0,2
7137.0,48
7138.0,13
7140.0,1
7143.0,1
7144.0,1
7145.0,6
7146.0,2
7147.0,2
7148.0,24
7151.0,1
7155.0,1
7156.0,1
7159.0,3
7162.0,52
7163.0,4
7164.0,2
7165.0,5
7169.0,1
7171.0,22
7172.0,1
7174.0,19
7175.0,1
7178.0,3
7179.0,1
7183.0,4
7184.0,14
7185.0,1
7186.0,1
7187.0,2
7188.0,3
7189.0,4
7190.0,4
7192.0,5
7194.0,1
7195.0,2
7196.0,8
7197.0,2
7199.0,1
7200.0,3
7201.0,1
7202.0,1
7205.0,2
7207.0,3
7208.0,2
7209.0,2
7210.0,1
7211.0,1
7212.0,2
7213.0,1
7214.0,5
7215.0,1
7218.0,10
7219.0,1
7220.0,3
7223.0,5
7224.0,1
7227.0,1
7232.0,2
7237.0,30
7239.0,1
7243.0,3
7244.0,1
7245.0,1
7247.0,1
7248.0,2
7250.0,9
7251.0,4
7253.0,1
7256.0,1
7258.0,3
7259.0,1
7260.0,1
7261.0,3
7263.0,4
7264.0,4
7265.0,8
7268.0,2
7269.0,1
7270.0,10
7271.0,9
7273.0,1
7274.0,1
7275.0,1
7281.0,2
7283.0,2
7285.0,1
7286.0,5
7288.0,2
7290.0,17
7292.0,2
7294.0,1
7295.0,6
7297.0,1
7298.0,1
7299.0,2
7300.0,1
7301.0,19
7303.0,1
7307.0,8
7308.0,4
7309.0,1
7311.0,5
7313.0,1
7314.0,1
7318.0,1
7319.0,23
7324.0,2
7325.0,1
7326.0,1
7327.0,1
7328.0,2
7331.0,4
7333.0,1
7334.0,17
7340.0,5
7342.0,2
7343.0,2
7344.0,1
7345.0,1
7346.0,1
7350.0,3
7354.0,1
7355.0,1
7359.0,1
7360.0,2
7361.0,1
7363.0,1
7365.0,4
7366.0,1
7368.0,1
7376.0,3
7377.0,4
7379.0,2
7381.0,4
7382.0,1
7384.0,6
7385.0,8
7386.0,7
7387.0,2
7392.0,2
7393.0,1
7395.0,4
7396.0,1
7397.0,9
7399.0,1
7401.0,1
7403.0,21
7404.0,11
7406.0,1
7409.0,1
7413.0,1
7414.0,2
7415.0,2
7420.0,1
7422.0,3
7423.0,5
7424.0,4
7426.0,3
7427.0,13
7428.0,1
7429.0,1
7430.0,2
7432.0,1
7434.0,1
7435.0,4
7436.0,4
7437.0,2
7438.0,2
7439.0,3
7440.0,1
7442.0,1
7443.0,3
7444.0,2
7445.0,1
7446.0,2
7447.0,1
7449.0,3
7451.0,3
7452.0,2
7453.0,6
7454.0,4
7455.0,4
7456.0,1
7457.0,1
7458.0,8
7459.0,2
7460.0,2
7461.0,3
7463.0,6
7464.0,1
7465.0,5
7466.0,3
7467.0,4
7469.0,1
7470.0,2
7472.0,1
7473.0,1
7475.0,1
7476.0,4
7477.0,3
7478.0,2
7480.0,3
7481.0,1
7482.0,18
7484.0,1
7485.0,2
7486.0,1
7487.0,9
7488.0,2
7489.0,3
7490.0,1
7492.0,4
7493.0,1
7494.0,1
7505.0,2
7509.0,1
7510.0,5
7511.0,1
7512.0,1
7514.0,1
7517.0,1
7518.0,7
7519.0,2
7523.0,1
7524.0,7
7525.0,1
7526.0,3
7527.0,2
7529.0,2
7530.0,10
7531.0,1
7535.0,1
7536.0,5
7537.0,1
7539.0,5
7540.0,9
7541.0,1
7542.0,3
7544.0,1
7545.0,4
7547.0,3
7549.0,4
7550.0,6
7551.0,4
7552.0,24
7553.0,1
7554.0,1
7558.0,2
7560.0,1
7561.0,4
7562.0,10
7563.0,5
7564.0,1
7565.0,6
7566.0,4
7568.0,1
7570.0,1
7572.0,4
7575.0,2
7576.0,2
7578.0,1
7580.0,2
7581.0,2
7582.0,2
7583.0,1
7586.0,2
7588.0,11
7591.0,1
7593.0,57
7594.0,1
7596.0,2
7599.0,2
7601.0,1
7602.0,3
7607.0,2
7608.0,4
7610.0,1
7611.0,2
7615.0,1
7617.0,1
7618.0,1
7619.0,6
7623.0,1
7625.0,1
7626.0,6
7628.0,1
7629.0,2
7633.0,3
7636.0,2
7638.0,3
7640.0,9
7641.0,3
7642.0,1
7643.0,2
7645.0,1
7649.0,1
7652.0,1
7653.0,3
7654.0,1
7655.0,8
7656.0,1
7663.0,1
7664.0,1
7666.0,1
7669.0,2
7670.0,1
7672.0,1
7674.0,4
7677.0,1
7678.0,2
7679.0,3
7680.0,15
7681.0,10
7682.0,1
7683.0,7
7685.0,2
7686.0,2
7687.0,3
7688.0,2
7691.0,2
7693.0,1
7695.0,1
7696.0,2
7697.0,1
7700.0,1
7702.0,1
7704.0,2
7705.0,2
7707.0,1
7709.0,2
7710.0,1
7712.0,7
7713.0,1
7714.0,25
7715.0,2
7716.0,1
7720.0,1
7722.0,2
7725.0,13
7727.0,2
7729.0,1
7731.0,2
7734.0,2
7736.0,2
7737.0,22
7740.0,7
7743.0,1
7744.0,1
7745.0,1
7749.0,1
7754.0,1
7757.0,1
7758.0,2
7759.0,2
7760.0,4
7761.0,13
7762.0,118
7763.0,2
7764.0,6
7767.0,3
7771.0,3
7772.0,92
7773.0,1
7774.0,2
7775.0,3
7777.0,2
7778.0,5
7781.0,1
7782.0,6
7783.0,11
7785.0,1
7786.0,3
7787.0,10
7788.0,1
7791.0,20
7792.0,1
7794.0,1
7795.0,2
7796.0,1
7797.0,3
7798.0,3
7799.0,1
7801.0,5
7802.0,1
7803.0,1
7806.0,1
7807.0,1
7808.0,8
7809.0,114
7810.0,58
7811.0,1
7813.0,2
7814.0,1
7815.0,1
7816.0,1
7817.0,6
7820.0,1
7821.0,5
7823.0,1
7827.0,4
7828.0,5
7829.0,1
7833.0,1
7834.0,5
7835.0,4
7836.0,5
7837.0,1
7838.0,2
7839.0,1
7840.0,1
7841.0,2
7842.0,1
7843.0,3
7844.0,1
7847.0,1
7848.0,2
7849.0,3
7850.0,4
7851.0,12
7854.0,4
7855.0,4
7860.0,1
7868.0,3
7869.0,1
7871.0,1
7874.0,3
7875.0,1
7878.0,10
7879.0,2
7884.0,3
7888.0,1
7890.0,3
7891.0,288
7892.0,6
7894.0,1
7895.0,2
7897.0,1
7899.0,1
7900.0,4
7902.0,2
7903.0,1
7904.0,1
7905.0,4
7909.0,3
7910.0,2
7912.0,4
7917.0,2
7918.0,1
7919.0,1
7923.0,2
7925.0,1
7926.0,1
7929.0,4
7931.0,1
7932.0,2
7935.0,1
7938.0,2
7940.0,4
7941.0,2
7944.0,1
7945.0,4
7948.0,1
7954.0,4
7957.0,1
7960.0,4
7961.0,1
7963.0,1
7966.0,2
7967.0,1
7969.0,1
7970.0,2
7971.0,2
7975.0,1
7978.0,1
7980.0,1
7981.0,1
7984.0,1
7985.0,5
7986.0,1
7989.0,6
7994.0,3
7995.0,1
7998.0,2
7999.0,12
8005.0,1
8007.0,1
8009.0,5
8010.0,1
8014.0,4
8015.0,4
8017.0,23
8020.0,1
8021.0,1
8022.0,4
8023.0,4
8032.0,4
8034.0,12
8036.0,3
8039.0,1
8044.0,2
8045.0,8
8048.0,5
8049.0,1
8050.0,4
8052.0,2
8053.0,5
8054.0,1
8058.0,1
8059.0,1
8062.0,1
8063.0,3
8068.0,3
8069.0,7
8071.0,12
8073.0,2
8075.0,1
8076.0,1
8078.0,1
8079.0,4
8080.0,4
8082.0,4
8084.0,6
8087.0,18
8092.0,2
8095.0,1
8098.0,1
8101.0,1
8102.0,3
8104.0,1
8106.0,1
8108.0,3
8109.0,4
8110.0,4
8112.0,1
8113.0,2
8114.0,1
8115.0,8
8116.0,7
8117.0,3
8118.0,2
8119.0,1
8120.0,3
8121.0,8
8122.0,1
8123.0,3
8124.0,2
8125.0,2
8128.0,2
8129.0,3
8130.0,1
8132.0,1
8134.0,4
8135.0,1
8137.0,1
8140.0,3
8143.0,1
8144.0,3
8145.0,1
8146.0,1
8147.0,1
8148.0,1
8149.0,9
8150.0,5
8151.0,7
8152.0,2
8154.0,84
8158.0,3
8168.0,2
8169.0,1
8172.0,2
8174.0,2
8177.0,1
8178.0,3
8179.0,6
8180.0,1
8181.0,28
8183.0,7
8184.0,1
8185.0,1
8186.0,1
8188.0,1
8189.0,3
8190.0,4
8191.0,2
8199.0,3
8202.0,1
8206.0,2
8211.0,1
8213.0,2
8214.0,1
8219.0,1
8220.0,10
8222.0,2
8223.0,3
8224.0,3
8226.0,4
8227.0,2
8228.0,1
8229.0,7
8230.0,1
8231.0,2
8232.0,4
8233.0,4
8236.0,1
8238.0,1
8240.0,2
8241.0,4
8243.0,1
8246.0,2
8247.0,9
8248.0,2
8250.0,2
8253.0,1
8254.0,4
8256.0,1
8257.0,1
8258.0,1
8260.0,1
8263.0,1
8265.0,4
8268.0,1
8269.0,1
8272.0,2
8275.0,9
8277.0,1
8282.0,1
8283.0,2
8285.0,2
8289.0,2
8290.0,3
8292.0,1
8293.0,9
8294.0,1
8295.0,2
8296.0,3
8298.0,9
8301.0,1
8303.0,1
8307.0,1
8308.0,3
8309.0,1
8313.0,4
8314.0,3
8316.0,5
8317.0,3
8318.0,3
8319.0,1
8323.0,1
8325.0,1
8326.0,1
8327.0,3
8330.0,1
8332.0,40
8333.0,1
8336.0,1
8338.0,1
8344.0,1
8345.0,2
8348.0,1
8349.0,1
8350.0,7
8352.0,2
8354.0,1
8361.0,1
8362.0,1
8366.0,5
8368.0,3
8370.0,2
8371.0,3
8373.0,2
8375.0,10
8376.0,2
8380.0,14
8382.0,5
8384.0,1
8385.0,3
8386.0,1
8391.0,1
8392.0,2
8395.0,1
8399.0,7
8401.0,1
8402.0,3
8407.0,471
8408.0,125
8410.0,1
8411.0,3
8412.0,191
8414.0,2
8416.0,1
8417.0,2
8418.0,2
8420.0,2
8421.0,1
8422.0,4
8424.0,16
8425.0,1
8426.0,57
8433.0,6
8436.0,3
8437.0,2
8439.0,3
8446.0,1
8447.0,1
8449.0,1
8451.0,4
8452.0,3
8454.0,1
8457.0,1
8458.0,3
8460.0,2
8461.0,1
8463.0,1
8464.0,1
8465.0,9
8466.0,2
8468.0,1
8472.0,2
8504.0,2
8505.0,1
8508.0,1
8510.0,2
8511.0,12
8512.0,1
8513.0,1
8518.0,2
8520.0,1
8521.0,39
8522.0,2
8525.0,1
8529.0,2
8530.0,1
8533.0,1
8537.0,1
8543.0,5
8544.0,1
8548.0,5
8549.0,1
8551.0,1
8556.0,1
8557.0,1
8558.0,1
8560.0,4
8565.0,1
8568.0,1
8571.0,3
8572.0,5
8573.0,1
8574.0,1
8577.0,5
8580.0,3
8583.0,1
8587.0,1
8588.0,1
8590.0,1
8592.0,1
8593.0,1
8594.0,1
8595.0,1
8601.0,4
8602.0,2
8612.0,2
8615.0,1
8631.0,1
8634.0,1
8636.0,2
8645.0,10
8649.0,1
8650.0,3
8655.0,1
8657.0,2
8662.0,3
8664.0,1
8665.0,3
8666.0,4
8671.0,2
8676.0,1
8677.0,1
8683.0,1
8684.0,2
8685.0,3
8686.0,1
8688.0,2
8692.0,1
8693.0,1
8696.0,3
8697.0,2
8699.0,8
8701.0,3
8704.0,1
8713.0,1
8715.0,1
8718.0,4
8719.0,1
8720.0,1
8721.0,1
8723.0,1
8725.0,3
8726.0,1
8728.0,20
8732.0,1
8740.0,1
8743.0,5
8744.0,2
8746.0,2
8748.0,1
8750.0,1
8753.0,2
8756.0,1
8757.0,1
8761.0,1
8766.0,1
8769.0,3
8770.0,5
8771.0,1
8778.0,3
8781.0,1
8784.0,4
8786.0,1
8788.0,1
8789.0,2
8790.0,1
8791.0,44
8794.0,28
8795.0,4
8797.0,1
8798.0,1
8800.0,1
8802.0,1
8804.0,5
8805.0,1
8808.0,3
8809.0,5
8816.0,3
8819.0,1
8820.0,2
8821.0,1
8829.0,2
8830.0,1
8836.0,26
8837.0,2
8842.0,2
8843.0,1
8849.0,3
8850.0,2
8853.0,1
8855.0,1
8861.0,1
8864.0,1
8866.0,1
8868.0,1
8869.0,1
8870.0,1
8871.0,3
8872.0,2
8873.0,4
8874.0,2
8875.0,1
8876.0,1
8878.0,1
8880.0,2
8882.0,5
8884.0,1
8885.0,1
8887.0,1
8888.0,1
8890.0,2
8894.0,17
8897.0,2
8899.0,2
8902.0,2
8905.0,5
8906.0,1
8908.0,1
8921.0,2
8927.0,1
8929.0,1
8930.0,2
8931.0,1
8934.0,8
8937.0,1
8946.0,1
8950.0,10
8953.0,5
8954.0,4
8957.0,6
8958.0,1
8961.0,1
8973.0,8
8974.0,4
8978.0,1
8981.0,1
8983.0,1
8984.0,8
8991.0,283
8994.0,4
8996.0,1
8998.0,1
8999.0,1
9002.0,1
9004.0,1
9007.0,1
9010.0,3
9011.0,1
9015.0,1
9016.0,1
9022.0,1
9025.0,2
9028.0,1
9029.0,1
9030.0,1
9034.0,1
9038.0,1
9039.0,2
9042.0,7
9044.0,1
9045.0,4
9046.0,1
9047.0,6
9049.0,137
9050.0,137
9052.0,1
9053.0,1
9057.0,2
9058.0,1
9060.0,4
9062.0,4
9076.0,1
9078.0,5
9079.0,1
9085.0,2
9089.0,2
9091.0,1
9098.0,1
9101.0,1
9102.0,3
9103.0,3
9106.0,1
9107.0,2
9108.0,1
9116.0,2
9117.0,1
9119.0,3
9120.0,1
9124.0,1
9126.0,4
9128.0,2
9129.0,1
9131.0,1
9134.0,1
9136.0,3
9137.0,12
9140.0,8
9141.0,109
9145.0,9
9146.0,2
9148.0,3
9150.0,1
9151.0,1
9152.0,2
9154.0,1
9159.0,1
9160.0,1
9161.0,1
9168.0,4
9169.0,2
9171.0,9
9178.0,2
9183.0,1
9189.0,1
9190.0,1
9191.0,1
9197.0,11
9200.0,114
9203.0,1
9206.0,3
9209.0,1
9216.0,1
9222.0,1
9225.0,13
9229.0,1
9233.0,2
9237.0,1
9242.0,1
9244.0,2
9248.0,3
9256.0,1
9258.0,2
9261.0,1
9270.0,1
9271.0,1
9272.0,1
9275.0,3
9276.0,1
9280.0,1
9286.0,1
9288.0,1
9291.0,1
9296.0,2
9302.0,1
9308.0,9
9316.0,1
9318.0,2
9320.0,1
9321.0,1
9324.0,1
9327.0,1
9331.0,1
9333.0,1
9334.0,2
9337.0,1
9345.0,2
9347.0,2
9349.0,1
9351.0,2
9354.0,1
9356.0,1
9358.0,1
9359.0,1
9365.0,1
9368.0,1
9370.0,2
9374.0,1
9375.0,5
9376.0,2
9378.0,15
9380.0,1
9386.0,1
9389.0,2
9403.0,2
9404.0,1
9409.0,1
9410.0,9
9413.0,1
9415.0,1
9417.0,2
9425.0,6
9427.0,1
9429.0,2
9433.0,1
9435.0,1
9436.0,1
9447.0,1
9454.0,2
9455.0,2
9457.0,4
9461.0,1
9463.0,2
9464.0,1
9465.0,2
9466.0,1
9469.0,1
9472.0,6
9476.0,1
9477.0,1
9478.0,1
9484.0,1
9485.0,1
9491.0,1
9495.0,1
9497.0,1
9498.0,2
9514.0,2
9518.0,2
9519.0,1
9521.0,1
9530.0,1
9534.0,1
9535.0,1
9537.0,1
9538.0,1
9540.0,1
9549.0,1
9551.0,1
9555.0,1
9557.0,1
9558.0,1
9566.0,2
9573.0,1
9576.0,6
9577.0,2
9579.0,1
9583.0,1
9592.0,3
9599.0,2
9600.0,1
9602.0,4
9605.0,1
9606.0,2
9609.0,1
9620.0,1
9633.0,7
9642.0,1
9645.0,1
9648.0,1
9649.0,1
9655.0,2
9657.0,1
9658.0,1
9660.0,1
9661.0,114
9666.0,1
9671.0,11
9672.0,3
9673.0,120
9674.0,1
9683.0,1
9684.0,1
9692.0,1
9696.0,2
9698.0,2
9700.0,1
9701.0,1
9702.0,3
9703.0,1
9709.0,2
9712.0,1
9716.0,54
9717.0,52
9721.0,3
9734.0,3
9736.0,1
9744.0,1
9747.0,1
9752.0,2
9753.0,2
9756.0,4
9759.0,1
9760.0,3
9766.0,2
9769.0,1
9770.0,1
9772.0,1
9779.0,117
9783.0,2
9789.0,2
9790.0,2
9793.0,3
9808.0,3
9822.0,2
9824.0,4
9828.0,1
9831.0,1
9833.0,1
9834.0,1
9837.0,2
9856.0,1
9857.0,1
9859.0,3
9861.0,1
9862.0,1
9866.0,1
9869.0,1
9874.0,1
9883.0,1
9885.0,1
9886.0,3
9887.0,2
9888.0,2
9894.0,6
9899.0,1
9901.0,1
9908.0,2
9912.0,4
9916.0,1
9917.0,1
9919.0,1
9920.0,1
9923.0,2
9924.0,1
9930.0,1
9931.0,1
9934.0,1
9935.0,4
9938.0,1
9941.0,1
9947.0,1
9949.0,1
9950.0,1
9954.0,2
9959.0,1
9960.0,1
9963.0,1
9964.0,1
9971.0,1
9972.0,1
9974.0,1
9976.0,2
9977.0,2
9978.0,2
9979.0,1
9982.0,2
9984.0,1
9988.0,6
9989.0,6
9992.0,2
9995.0,1
9996.0,1
10000.0,3
10001.0,1
10004.0,2
10006.0,1
10008.0,2
10017.0,1
10023.0,1
10031.0,2
10032.0,1
10035.0,1
10037.0,4
10041.0,3
10050.0,1
10052.0,12
10053.0,1
10062.0,1
10088.0,3
10089.0,1
10090.0,1
10095.0,2
10096.0,1
10097.0,1
10105.0,1
10107.0,8
10124.0,1
10133.0,1
10143.0,1
10157.0,3
10161.0,1
10164.0,1
10165.0,1
10166.0,1
10167.0,1
10170.0,1
10171.0,2
10175.0,2
10176.0,1
10178.0,1
10180.0,1
10183.0,1
10188.0,1
10194.0,1
10195.0,1
10197.0,2
10208.0,1
10211.0,3
10212.0,1
10218.0,2
10221.0,1
10222.0,1
10228.0,1
10229.0,1
10231.0,1
10232.0,1
10237.0,4
10246.0,2
10248.0,2
10249.0,1
10252.0,1
10254.0,2
10256.0,4
10269.0,3
10271.0,1
10280.0,1
10282.0,1
10284.0,1
10289.0,1
10294.0,1
10296.0,1
10311.0,3
10321.0,10
10323.0,1
10325.0,2
10326.0,1
10327.0,1
10330.0,1
10345.0,1
10346.0,1
10358.0,2
10360.0,1
10361.0,1
10362.0,1
10364.0,1
10365.0,1
10378.0,1
10379.0,9
10383.0,1
10386.0,1
10387.0,2
10392.0,4
10398.0,1
10399.0,1
10404.0,2
10407.0,1
10410.0,3
10412.0,2
10413.0,1
10415.0,1
10421.0,117
10422.0,118
10427.0,1
10429.0,1
10434.0,1
10446.0,1
10460.0,10
10462.0,2
10467.0,1
10471.0,1
10472.0,1
10473.0,2
10477.0,1
10478.0,2
10487.0,1
10488.0,2
10490.0,1
10491.0,1
10495.0,1
10503.0,1
10505.0,7
10506.0,4
10519.0,1
10522.0,5
10526.0,1
10537.0,2
10539.0,1
10540.0,1
10545.0,1
10547.0,1
10549.0,1
10552.0,1
10554.0,1
10555.0,1
10558.0,1
10571.0,1
10573.0,1
10575.0,1
10582.0,1
10593.0,3
10599.0,3
10601.0,2
10604.0,2
10607.0,1
10608.0,5
10609.0,2
10619.0,6
10629.0,1
10632.0,1
10634.0,3
10638.0,2
10647.0,1
10653.0,1
10660.0,1
10663.0,1
10666.0,2
10669.0,3
10674.0,1
10683.0,4
10687.0,2
10702.0,1
10705.0,1
10708.0,1
10709.0,2
10721.0,1
10732.0,1
10736.0,2
10739.0,1
10745.0,3
10748.0,1
10751.0,1
10757.0,2
10763.0,2
10764.0,1
10765.0,4
10774.0,1
10776.0,1
10780.0,9
10783.0,1
10788.0,4
10790.0,1
10792.0,1
10805.0,1
10806.0,1
10809.0,1
10810.0,3
10811.0,1
10813.0,2
10814.0,2
10819.0,1
10820.0,3
10824.0,2
10826.0,1
10827.0,1
10828.0,1
10833.0,3
10837.0,1
10851.0,1
10852.0,3
10855.0,1
10859.0,1
10865.0,1
10876.0,17
10877.0,12
10886.0,1
10894.0,4
10895.0,1
10897.0,4
10898.0,1
10916.0,1
10917.0,1
10922.0,2
10924.0,1
10927.0,3
10929.0,7
10930.0,3
10932.0,1
10936.0,1
10938.0,3
10939.0,1
10941.0,2
10946.0,1
10948.0,1
10949.0,1
10966.0,1
10967.0,1
10969.0,3
10973.0,1
10974.0,1
10981.0,1
10986.0,2
10987.0,1
10989.0,2
10990.0,1
10993.0,1
11000.0,1
11004.0,1
11009.0,1
11010.0,2
11016.0,1
11022.0,1
11027.0,1
11029.0,2
11036.0,1
11039.0,1
11042.0,1
11043.0,10
11046.0,1
11049.0,2
11050.0,31
11053.0,11
11060.0,1
11063.0,2
11068.0,1
11069.0,1
11075.0,1
11089.0,2
11098.0,1
11099.0,1
11102.0,1
11103.0,1
11108.0,1
11112.0,1
11115.0,1
11125.0,1
11131.0,1
11140.0,1
11155.0,2
11156.0,1
11157.0,1
11170.0,1
11173.0,1
11179.0,1
11195.0,1
11207.0,2
11215.0,2
11224.0,1
11238.0,1
11247.0,1
11252.0,1
11258.0,2
11267.0,1
11269.0,4
11277.0,2
11285.0,2
11293.0,1
11302.0,1
11306.0,3
11316.0,1
11324.0,1
11328.0,1
11332.0,1
11336.0,1
11339.0,1
11340.0,3
11357.0,2
11360.0,6
11362.0,1
11366.0,1
11367.0,1
11378.0,1
11383.0,2
11392.0,4
11397.0,1
11409.0,1
11449.0,1
11454.0,1
11462.0,2
11463.0,3
11464.0,2
11465.0,7
11470.0,1
11472.0,1
11473.0,2
11487.0,1
11488.0,27
11499.0,1
11506.0,2
11514.0,1
11522.0,1
11535.0,1
11544.0,1
11547.0,2
11559.0,1
11569.0,2
11587.0,1
11588.0,1
11609.0,2
11610.0,1
11614.0,1
11617.0,2
11624.0,4
11625.0,1
11635.0,1
11651.0,1
11660.0,1
11661.0,2
11666.0,1
11669.0,2
11677.0,1
11681.0,1
11682.0,2
11690.0,1
11691.0,2
11695.0,1
11704.0,1
11716.0,1
11717.0,1
11728.0,1
11731.0,1
11740.0,2
11764.0,2
11767.0,1
11776.0,3
11801.0,1
11805.0,1
11806.0,2
11807.0,1
11813.0,2
11815.0,2
11818.0,2
11825.0,1
11828.0,2
11843.0,1
11847.0,5
11848.0,1
11849.0,1
11860.0,2
11861.0,2
11867.0,1
11880.0,2
11884.0,2
11896.0,1
11908.0,23
11913.0,1
11918.0,1
11927.0,1
11932.0,1
11936.0,2
11939.0,1
11949.0,1
11960.0,1
11969.0,1
11977.0,1
11987.0,1
11990.0,1
11993.0,1
12006.0,3
12009.0,1
12015.0,3
12016.0,1
12017.0,1
12018.0,1
12030.0,1
12033.0,1
12034.0,12
12044.0,1
12047.0,1
12049.0,1
12050.0,1
12052.0,1
12053.0,1
12055.0,1
12056.0,1
12062.0,1
12076.0,1
12077.0,1
12079.0,1
12081.0,1
12084.0,2
12087.0,1
12089.0,2
12090.0,1
12092.0,3
12100.0,1
12101.0,1
12104.0,2
12105.0,1
12106.0,4
12108.0,1
12122.0,2
12126.0,9
12127.0,1
12135.0,17
12151.0,1
12155.0,2
12163.0,1
12168.0,1
12171.0,1
12174.0,1
12185.0,1
12188.0,1
12190.0,2
12194.0,1
12201.0,1
12204.0,1
12215.0,1
12217.0,1
12222.0,6
12234.0,3
12235.0,1
12237.0,1
12240.0,1
12241.0,1
12243.0,1
12253.0,1
12254.0,1
12258.0,1
12272.0,1
12276.0,2
12289.0,1
12291.0,1
12292.0,1
12295.0,4
12296.0,2
12297.0,1
12298.0,1
12300.0,3
12302.0,2
12304.0,1
12311.0,1
12314.0,1
12318.0,1
12320.0,1
12326.0,1
12332.0,2
12338.0,2
12345.0,2
12347.0,1
12351.0,5
12358.0,1
12359.0,1
12365.0,1
12366.0,1
12388.0,1
12391.0,1
12399.0,2
12401.0,1
12403.0,1
12404.0,1
12411.0,1
12420.0,1
12430.0,1
12432.0,1
12449.0,1
12452.0,1
12454.0,1
12456.0,1
12457.0,2
12460.0,3
12479.0,1
12480.0,2
12481.0,1
12488.0,1
12501.0,1
12508.0,2
12509.0,1
12513.0,1
12518.0,1
12519.0,1
12526.0,2
12528.0,1
12532.0,2
12533.0,2
12535.0,1
12536.0,1
12537.0,3
12539.0,3
12540.0,1
12541.0,1
12543.0,1
12544.0,1
12552.0,1
12553.0,2
12558.0,4
12564.0,2
12565.0,4
12567.0,1
12569.0,8
12570.0,1
12575.0,2
12580.0,3
12593.0,1
12599.0,1
12601.0,1
12602.0,1
12609.0,3
12610.0,7
12616.0,1
12617.0,2
12619.0,2
12623.0,1
12624.0,3
12640.0,1
12648.0,5
12651.0,1
12656.0,1
12659.0,2
12661.0,1
12671.0,4
12674.0,2
12686.0,2
12690.0,1
12696.0,2
12699.0,1
12712.0,1
12741.0,1
12746.0,1
12757.0,1
12766.0,1
12796.0,2
12805.0,1
12814.0,1
12821.0,1
12843.0,1
12848.0,1
12859.0,1
12860.0,3
12861.0,1
12867.0,1
12876.0,1
12888.0,1
12907.0,2
12910.0,1
12912.0,1
12913.0,2
12915.0,1
12917.0,1
12918.0,1
12919.0,1
12923.0,1
12927.0,1
12932.0,1
12937.0,1
12946.0,2
12952.0,11
12954.0,1
12960.0,1
12967.0,1
12968.0,1
12975.0,1
12982.0,1
12987.0,2
12988.0,3
12990.0,1
12991.0,2
13000.0,1
13006.0,1
13008.0,1
13009.0,1
13013.0,1
13018.0,2
13022.0,1
13024.0,2
13033.0,1
13035.0,1
13038.0,13
13039.0,1
13052.0,2
13054.0,3
13055.0,1
13056.0,1
13060.0,1
13062.0,1
13074.0,1
13080.0,3
13084.0,1
13086.0,1
13087.0,2
13088.0,2
13096.0,1
13097.0,1
13105.0,1
13106.0,4
13108.0,1
13116.0,2
13122.0,2
13129.0,1
13142.0,1
13162.0,3
13174.0,2
13177.0,1
13187.0,1
13190.0,1
13207.0,1
13227.0,2
13230.0,1
13238.0,1
13245.0,1
13249.0,1
13251.0,1
13258.0,1
13284.0,1
13291.0,2
13292.0,1
13308.0,1
13311.0,4
13313.0,1
13323.0,2
13327.0,2
13329.0,1
13337.0,1
13346.0,2
13347.0,1
13349.0,3
13350.0,11
13359.0,1
13369.0,1
13371.0,1
13394.0,1
13401.0,2
13402.0,1
13409.0,1
13415.0,2
13432.0,1
13454.0,1
13455.0,1
13457.0,1
13466.0,1
13470.0,1
13497.0,2
13505.0,1
13509.0,1
13511.0,3
13514.0,1
13515.0,1
13521.0,1
13526.0,1
13530.0,1
13585.0,3
13592.0,1
13595.0,1
13598.0,1
13599.0,1
13617.0,1
13644.0,1
13676.0,3
13681.0,1
13682.0,1
13685.0,1
13692.0,1
13697.0,1
13699.0,1
13700.0,1
13704.0,1
13710.0,3
13711.0,1
13714.0,3
13723.0,1
13724.0,21
13727.0,11
13731.0,1
13735.0,1
13737.0,8
13742.0,1
13748.0,1
13749.0,1
13764.0,2
13805.0,1
13833.0,1
13837.0,1
13858.0,1
13861.0,1
13867.0,1
13871.0,1
13876.0,1
13877.0,1
13880.0,1
13882.0,1
13895.0,1
13898.0,3
13899.0,1
13918.0,1
13922.0,1
13939.0,1
13941.0,4
13946.0,1
13952.0,1
13954.0,1
13962.0,2
13964.0,2
13970.0,2
13987.0,1
13995.0,1
14001.0,1
14014.0,1
14027.0,1
14032.0,1
14033.0,1
14035.0,1
14040.0,2
14044.0,1
14046.0,3
14055.0,1
14057.0,1
14062.0,1
14065.0,2
14072.0,2
14073.0,6
14076.0,1
14077.0,2
14082.0,1
14090.0,2
14095.0,1
14097.0,1
14106.0,1
14107.0,2
14110.0,1
14114.0,1
14118.0,1
14129.0,1
14134.0,1
14137.0,1
14144.0,2
14164.0,1
14174.0,1
14175.0,1
14180.0,1
14183.0,1
14217.0,1
14238.0,1
14251.0,2
14256.0,3
14257.0,2
14258.0,1
14262.0,1
14281.0,2
14282.0,2
14292.0,3
14300.0,2
14316.0,1
14326.0,3
14327.0,2
14328.0,1
14337.0,3
14348.0,1
14368.0,1
14382.0,1
14388.0,1
14394.0,1
14395.0,1
14417.0,1
14429.0,1
14440.0,1
14454.0,1
14455.0,3
14457.0,2
14458.0,1
14459.0,2
14482.0,1
14486.0,1
14490.0,3
14493.0,14
14494.0,4
14495.0,1
14497.0,1
14499.0,2
14506.0,1
14510.0,6
14512.0,1
14526.0,1
14541.0,1
14544.0,1
14547.0,1
14551.0,1
14552.0,1
14559.0,1
14562.0,1
14563.0,1
14569.0,2
14588.0,1
14596.0,2
14599.0,3
14603.0,1
14611.0,1
14629.0,1
14630.0,1
14631.0,1
14632.0,1
14633.0,1
14638.0,2
14639.0,1
14645.0,5
14647.0,1
14648.0,1
14669.0,1
14674.0,1
14681.0,1
14698.0,1
14705.0,1
14708.0,1
14710.0,1
14718.0,2
14719.0,1
14720.0,5
14723.0,1
14727.0,2
14741.0,1
14757.0,2
14771.0,1
14773.0,1
14776.0,1
14794.0,1
14802.0,1
14816.0,5
14831.0,1
14846.0,1
14851.0,1
14852.0,1
14863.0,1
14874.0,1
14910.0,1
14917.0,1
14926.0,1
14937.0,2
14969.0,1
15020.0,1
15043.0,1
15048.0,1
15066.0,1
15071.0,1
15077.0,1
15082.0,3
15088.0,5
15106.0,1
15117.0,1
15120.0,1
15135.0,1
15139.0,2
15151.0,2
15175.0,1
15196.0,1
15199.0,1
15207.0,1
15219.0,1
15229.0,1
15235.0,1
15242.0,1
15264.0,2
15266.0,1
15273.0,1
15280.0,1
15291.0,1
15313.0,3
15316.0,1
15330.0,1
15344.0,1
15347.0,1
15357.0,1
15359.0,3
15364.0,1
15392.0,1
15399.0,1
15413.0,1
15418.0,1
15430.0,1
15432.0,2
15440.0,1
15451.0,7
15455.0,1
15498.0,2
15512.0,1
15541.0,1
15555.0,33
15559.0,2
15571.0,1
15603.0,1
15607.0,2
15617.0,1
15619.0,1
15644.0,1
15652.0,2
15657.0,1
15660.0,1
15718.0,1
15727.0,1
15732.0,1
15748.0,22
15754.0,1
15773.0,1
15778.0,1
15784.0,1
15814.0,1
15816.0,1
15830.0,1
15854.0,1
15880.0,1
15888.0,1
15908.0,4
15919.0,1
15921.0,1
15922.0,2
15928.0,1
15935.0,5
15946.0,1
15952.0,1
15953.0,1
15958.0,1
15977.0,1
15993.0,1
16034.0,1
16040.0,1
16055.0,1
16061.0,1
16090.0,1
16091.0,1
16096.0,1
16111.0,1
16118.0,1
16152.0,1
16169.0,1
16173.0,1
16179.0,5
16204.0,1
16222.0,1
16247.0,1
16282.0,2
16310.0,1
16314.0,3
16320.0,2
16326.0,1
16338.0,1
16339.0,4
16370.0,1
16373.0,1
16379.0,1
16387.0,1
16416.0,1
16425.0,6
16431.0,1
16434.0,1
16461.0,1
16472.0,1
16485.0,1
16492.0,1
16516.0,2
16518.0,1
16519.0,3
16540.0,1
16543.0,1
16549.0,2
16555.0,1
16556.0,1
16560.0,1
16561.0,1
16584.0,1
16590.0,1
16600.0,1
16603.0,1
16606.0,3
16618.0,1
16634.0,20
16649.0,2
16650.0,63
16651.0,1
16654.0,1
16673.0,1
16686.0,1
16687.0,1
16733.0,1
16734.0,1
16756.0,1
16767.0,1
16770.0,1
16773.0,1
16775.0,1
16796.0,1
16811.0,2
16828.0,1
16883.0,1
16885.0,1
16911.0,1
16949.0,1
16951.0,2
16987.0,1
16999.0,1
17010.0,1
17015.0,1
17032.0,1
17075.0,1
17101.0,1
17121.0,4
17123.0,1
17143.0,2
17215.0,2
17242.0,1
17243.0,2
17257.0,1
17278.0,2
17323.0,1
17328.0,1
17330.0,1
17342.0,1
17362.0,1
17366.0,6
17375.0,1
17388.0,1
17394.0,1
17408.0,1
17434.0,2
17455.0,1
17456.0,1
17507.0,1
17509.0,2
17514.0,1
17517.0,2
17577.0,1
17584.0,1
17603.0,2
17657.0,2
17676.0,1
17682.0,1
17687.0,5
17694.0,2
17747.0,1
17816.0,2
17872.0,1
17923.0,1
17956.0,1
17971.0,1
18008.0,156
18035.0,3
18036.0,1
18070.0,1
18082.0,1
18086.0,1
18111.0,219
18113.0,5
18132.0,1
18147.0,1
18170.0,1
18182.0,1
18183.0,1
18185.0,2
18207.0,1
18216.0,1
18227.0,2
18257.0,2
18272.0,1
18284.0,1
18298.0,1
18323.0,1
18336.0,1
18355.0,2
18427.0,2
18430.0,1
18456.0,1
18472.0,1
18482.0,1
18504.0,4
18506.0,1
18550.0,3
18565.0,1
18580.0,1
18596.0,1
18600.0,1
18605.0,1
18623.0,1
18628.0,1
18680.0,1
18695.0,3
18722.0,8
18725.0,9
18727.0,1
18735.0,1
18737.0,1
18738.0,1
18743.0,2
18775.0,1
18784.0,1
18792.0,1
18807.0,1
18819.0,1
18824.0,1
18837.0,1
18867.0,1
18883.0,1
18896.0,1
18923.0,1
18950.0,1
18965.0,1
18969.0,1
18984.0,1
19054.0,2
19074.0,1
19108.0,2
19117.0,1
19119.0,1
19140.0,1
19166.0,1
19187.0,1
19199.0,2
19209.0,1
19211.0,1
19213.0,3
19266.0,1
19285.0,2
19301.0,1
19316.0,2
19327.0,1
19349.0,1
19353.0,27
19373.0,1
19406.0,1
19441.0,1
19442.0,3
19469.0,1
19484.0,1
19487.0,9
19558.0,1
19608.0,2
19644.0,1
19654.0,3
19659.0,1
19686.0,1
19714.0,1
19718.0,4
19720.0,3
19745.0,20
19756.0,4
19796.0,1
19816.0,1
19817.0,1
19857.0,1
19898.0,1
19900.0,2
19958.0,10
20000.0,1
20019.0,2
20030.0,1
20036.0,1
20086.0,1
20138.0,2
20151.0,1
20162.0,1
20166.0,1
20172.0,2
20227.0,1
20230.0,486
20236.0,1
20277.0,1
20283.0,1
20290.0,2
20298.0,1
20316.0,1
20322.0,2
20343.0,1
20364.0,1
20366.0,2
20367.0,2
20368.0,1
20399.0,1
20469.0,1
20478.0,1
20483.0,5
20518.0,1
20521.0,1
20527.0,1
20565.0,1
20573.0,1
20584.0,2
20593.0,1
20603.0,1
20662.0,2
20713.0,1
20719.0,1
20738.0,1
20739.0,14
20748.0,2
20757.0,1
20768.0,2
20786.0,1
20806.0,4
20808.0,2
20828.0,1
20830.0,1
20871.0,1
20890.0,1
20892.0,29
20954.0,2
20956.0,1
20999.0,1
21012.0,2
21017.0,1
21036.0,1
21055.0,1
21120.0,1
21121.0,1
21124.0,1
21126.0,1
21130.0,1
21167.0,1
21198.0,1
21219.0,1
21230.0,3
21234.0,3
21261.0,1
21281.0,1
21323.0,1
21337.0,1
21352.0,1
21380.0,1
21393.0,1
21403.0,1
21426.0,1
21465.0,1
21504.0,1
21524.0,1
21530.0,1
21566.0,1
21573.0,4
21578.0,4
21579.0,1
21585.0,1
21621.0,1
21625.0,4
21646.0,1
21709.0,2
21720.0,1
21725.0,1
21726.0,1
21748.0,1
21760.0,1
21772.0,1
21810.0,2
21829.0,1
21830.0,1
21913.0,1
21916.0,1
21957.0,1
21977.0,1
21986.0,1
21994.0,1
22051.0,1
22092.0,3
22098.0,1
22099.0,5
22131.0,1
22135.0,1
22137.0,1
22176.0,1
22184.0,1
22197.0,1
22225.0,1
22298.0,1
22332.0,1
22349.0,1
22393.0,1
22412.0,1
22437.0,6
22471.0,1
22479.0,3
22511.0,3
22514.0,1
22576.0,4
22594.0,2
22616.0,1
22622.0,2
22624.0,1
22665.0,1
22679.0,1
22695.0,1
22706.0,1
22718.0,1
22719.0,1
22733.0,1
22749.0,1
22768.0,1
22769.0,1
22779.0,2
22786.0,1
22789.0,1
22811.0,4
22821.0,4
22840.0,1
22848.0,1
22911.0,1
22934.0,1
23016.0,3
23017.0,1
23019.0,2
23032.0,2
23091.0,1
23122.0,1
23138.0,2
23173.0,1
23193.0,1
23205.0,1
23212.0,1
23233.0,1
23250.0,1
23295.0,1
23298.0,2
23318.0,7
23332.0,2
23340.0,1
23356.0,5
23376.0,4
23378.0,1
23379.0,1
23390.0,1
23418.0,1
23439.0,1
23444.0,1
23468.0,2
23557.0,117
23576.0,1
23589.0,3
23659.0,2
23717.0,1
23773.0,1
23854.0,4
23932.0,1
23937.0,1
23985.0,2
24010.0,1
24018.0,1
24036.0,1
24089.0,1
24108.0,1
24253.0,3
24273.0,2
24287.0,2
24386.0,1
24400.0,2
24416.0,3
24426.0,1
24428.0,1
24439.0,1
24453.0,2
24454.0,2
24471.0,7
24474.0,34
24479.0,1
24481.0,1
24504.0,1
24537.0,1
24578.0,1
24589.0,1
24612.0,1
24638.0,1
24647.0,1
24658.0,1
24665.0,1
24689.0,1
24702.0,1
24719.0,1
24726.0,1
24733.0,2
24751.0,2
24752.0,2
24755.0,1
24764.0,2
24776.0,1
24805.0,1
24808.0,3
24819.0,6
24821.0,1
24839.0,1
24929.0,1
24940.0,2
24997.0,1
25012.0,1
25027.0,3
25040.0,1
25060.0,2
25087.0,1
25098.0,1
25134.0,2
25149.0,2
25246.0,1
25331.0,1
25347.0,1
25366.0,1
25434.0,3
25458.0,1
25475.0,1
25487.0,1
25539.0,5
25545.0,1
25637.0,1
25724.0,1
25737.0,1
25739.0,1
25781.0,2
25901.0,2
25944.0,1
25963.0,1
25975.0,1
26010.0,1
26036.0,1
26111.0,1
26140.0,1
26149.0,1
26312.0,1
26372.0,1
26395.0,1
26441.0,2
26449.0,1
26474.0,1
26479.0,13
26480.0,1
26491.0,1
26564.0,2
26571.0,2
26668.0,2
26680.0,1
26687.0,1
26707.0,1
26742.0,1
26746.0,1
26766.0,3
26786.0,29
26793.0,1
26803.0,1
26805.0,1
26808.0,3
26842.0,1
26864.0,1
26902.0,8
26906.0,3
27004.0,1
27063.0,1
27066.0,1
27077.0,1
27165.0,1
27166.0,33
27267.0,1
27283.0,1
27292.0,2
27368.0,1
27441.0,1
27465.0,1
27524.0,1
27579.0,1
27654.0,1
27773.0,1
27958.0,1
28045.0,2
28074.0,2
28224.0,1
28326.0,7
28334.0,1
28392.0,1
28398.0,1
28442.0,1
28464.0,1
28506.0,2
28553.0,2
28637.0,1
28844.0,1
28850.0,1
28866.0,1
28882.0,1
28914.0,3
28928.0,1
28965.0,1
28978.0,1
28986.0,1
29007.0,1
29068.0,1
29117.0,1
29123.0,1
29139.0,1
29142.0,1
29144.0,1
29178.0,1
29180.0,1
29193.0,1
29258.0,1
29272.0,1
29294.0,2
29352.0,1
29407.0,1
29412.0,1
29730.0,1
29828.0,10
29871.0,1
30047.0,2
30167.0,1
30184.0,1
30199.0,1
30220.0,2
30343.0,1
30549.0,2
30550.0,1
30561.0,1
30569.0,2
30572.0,1
30707.0,1
30764.0,1
30766.0,2
30775.0,3
30858.0,1
30860.0,1
31011.0,1
31020.0,1
31026.0,1
31043.0,1
31067.0,1
31088.0,1
31173.0,1
31194.0,1
31229.0,1
31234.0,1
31246.0,1
31255.0,1
31263.0,1
31275.0,1
31286.0,1
31287.0,2
31309.0,1
31325.0,1
31349.0,1
31353.0,1
31390.0,2
31416.0,1
31430.0,2
31456.0,3
31482.0,1
31501.0,1
31502.0,1
31579.0,3
31584.0,1
31614.0,1
31732.0,1
31779.0,9
31791.0,5
31792.0,5
31804.0,1
31858.0,1
31887.0,1
31981.0,1
32162.0,2
32294.0,1
32296.0,3
32300.0,1
32359.0,1
32371.0,1
32469.0,1
32582.0,2
32623.0,1
32732.0,1
32797.0,1
32939.0,1
32956.0,2
32957.0,2
32960.0,4
33014.0,1
33042.0,2
33072.0,1
33088.0,1
33096.0,1
33111.0,2
33186.0,1
33197.0,1
33446.0,1
33486.0,1
33571.0,1
33609.0,2
33710.0,1
33781.0,1
33811.0,1
33933.0,1
33992.0,1
34011.0,3
34032.0,1
34127.0,1
34232.0,1
34253.0,2
34264.0,1
34330.0,1
34691.0,2
34750.0,3
34751.0,4
34845.0,1
34858.0,1
34987.0,1
35068.0,7
35072.0,15
35241.0,1
35288.0,1
35337.0,1
35360.0,1
35394.0,1
35409.0,2
35448.0,1
35533.0,1
35557.0,1
35790.0,1
35973.0,1
36132.0,2
36139.0,2
36185.0,4
36221.0,1
36366.0,1
36385.0,2
36561.0,1
36606.0,1
36722.0,1
37214.0,1
37451.0,1
37503.0,1
37544.0,1
37552.0,1
37560.0,1
37623.0,1
38012.0,1
38183.0,2
38249.0,1
38266.0,1
38490.0,2
38510.0,1
39029.0,1
39128.0,1
39444.0,1
39486.0,2
40126.0,1
40331.0,1
40424.0,1
40551.0,4
40620.0,1
40693.0,1
40698.0,1
40700.0,1
40793.0,1
40932.0,1
40948.0,1
41026.0,1
41241.0,2
41245.0,1
41257.0,1
41258.0,4
41405.0,1
41474.0,1
41516.0,1
41853.0,33
42015.0,1
42252.0,1
42341.0,1
42690.0,2
42720.0,1
42913.0,1
43478.0,1
43503.0,10
43606.0,2
43662.0,1
43707.0,1
43772.0,1
43841.0,2
43850.0,4
43896.0,1
43942.0,3
43946.0,2
44650.0,1
45543.0,1
45606.0,1
45894.0,2
46080.0,1
46338.0,1
46385.0,2
46975.0,9
47228.0,1
47258.0,1
47326.0,1
47583.0,1
47634.0,1
47991.0,1
48027.0,1
48460.0,2
48567.0,1
48623.0,1
48678.0,1
49053.0,1
49219.0,1
50047.0,1
50274.0,1
50350.0,1
50555.0,1
50980.0,1
51314.0,1
52643.0,2
52836.0,1
53037.0,1
53095.0,1
53141.0,1
53168.0,1
53174.0,1
53179.0,1
53187.0,1
53197.0,1
53206.0,1
53212.0,1
53213.0,1
53230.0,2
53236.0,1
53260.0,1
53285.0,1
53304.0,1
53314.0,1
53333.0,1
53366.0,1
53386.0,1
53780.0,1
54150.0,1
55106.0,1
55264.0,1
55355.0,1
55568.0,2
56467.0,2
57654.0,2
57850.0,1
58135.0,1
58258.0,3
58507.0,1
59299.0,1
59796.0,1
60972.0,4
61017.0,1
61047.0,8
61340.0,1
61440.0,2
61659.0,1
62460.0,1
62491.0,1
62778.0,1
62982.0,1
63036.0,1
63118.0,1
63169.0,1
64917.0,1
65068.0,2
65500.0,2
66619.0,1
67558.0,1
67705.0,1
68190.0,1
68206.0,1
68543.0,1
69261.0,1
69860.0,1
69948.0,1
70471.0,1
70480.0,1
70512.0,1
70786.0,1
71351.0,1
71545.0,1
71653.0,1
71750.0,1
71837.0,1
72831.0,1
72873.0,2
72877.0,1
73126.0,1
73303.0,1
73653.0,2
75914.0,1
75954.0,2
75997.0,1
76785.0,1
78294.0,1
79762.0,1
79849.0,1
80431.0,1
81010.0,1
81342.0,2
81812.0,1
81930.0,1
82997.0,1
84542.0,1
84772.0,1
85424.0,1
86791.0,1
87239.0,1
87937.0,1
88109.0,1
88841.0,1
89166.0,1
89172.0,1
89779.0,1
90522.0,1
90953.0,1
91045.0,1
91491.0,1
91555.0,1
91932.0,1
92011.0,1
92649.0,1
92811.0,2
94058.0,9
97519.0,2
97957.0,1
98156.0,2
98169.0,2
100332.0,1
101397.0,1
101984.0,1
102081.0,1
120826.0,1
127505.0,1
