files,commits
0,255109
1,17725537
2,6499278
3,3241758
4,1910737
5,1362755
6,1009940
7,762345
8,518860
9,404483
10,347173
11,280432
12,234351
13,202956
14,181544
15,155221
16,140537
17,124813
18,109747
19,96282
20,82744
21,80771
22,68636
23,63449
24,58880
25,54211
26,48160
27,44669
28,49212
29,38330
30,38742
31,34749
32,32513
33,30145
34,28302
35,26928
36,25354
37,24419
38,23555
39,21310
40,21945
41,22234
42,20117
43,17039
44,16875
45,16132
46,15286
47,14257
48,14340
49,13847
50,13314
51,12329
52,12590
53,11564
54,11312
55,10657
56,10398
57,9771
58,9889
59,9394
60,9148
61,8684
62,8665
63,8828
64,8106
65,7666
66,7855
67,7378
68,7133
69,7083
70,6764
71,6329
72,6530
73,6808
74,6090
75,5916
76,5947
77,6021
78,6121
79,6255
80,6412
81,5535
82,5667
83,6321
84,5480
85,4779
86,4775
87,4451
88,4512
89,4478
90,4492
91,4413
92,4436
93,4645
94,4437
95,3893
96,3771
97,3558
98,3481
99,3567
100,4060
101,3593
102,3388
103,3291
104,3267
105,3107
106,3431
107,2978
108,2942
109,2935
110,2987
111,2960
112,3581
113,2680
114,2707
115,2526
116,2487
117,2612
118,2483
119,2606
120,2673
121,2600
122,2445
123,2466
124,2697
125,2256
126,2509
127,2118
128,2354
129,2137
130,2056
131,2070
132,2209
133,2107
134,2080
135,2094
136,2075
137,1956
138,2009
139,1921
140,2005
141,1941
142,1734
143,1754
144,1924
145,1835
146,2694
147,1787
148,1699
149,1723
150,2151
151,2093
152,1694
153,1675
154,1642
155,1743
156,2054
157,1498
158,1492
159,1469
160,1615
161,1471
162,1444
163,1333
164,1443
165,1378
166,1428
167,1328
168,1351
169,1303
170,1338
171,1195
172,1308
173,1244
174,1155
175,1451
176,1349
177,1478
178,1258
179,1804
180,1278
181,1236
182,1102
183,1040
184,1096
185,1091
186,1116
187,1016
188,966
189,942
190,1010
191,937
192,1072
193,970
194,975
195,972
196,1100
197,921
198,948
199,946
200,956
201,896
202,912
203,883
204,886
205,887
206,888
207,902
208,1096
209,788
210,835
211,892
212,1020
213,807
214,826
215,797
216,777
217,826
218,767
219,755
220,749
221,833
222,772
223,714
224,803
225,709
226,697
227,723
228,676
229,710
230,751
231,707
232,694
233,665
234,707
235,584
236,645
237,638
238,689
239,618
240,708
241,649
242,612
243,653
244,632
245,600
246,590
247,565
248,635
249,578
250,615
251,544
252,626
253,525
254,539
255,591
256,542
257,520
258,557
259,522
260,553
261,533
262,573
263,499
264,491
265,531
266,531
267,549
268,520
269,493
270,487
271,499
272,514
273,488
274,523
275,495
276,513
277,481
278,445
279,487
280,484
281,474
282,499
283,437
284,470
285,481
286,440
287,502
288,535
289,470
290,485
291,446
292,512
293,471
294,429
295,393
296,437
297,461
298,436
299,361
300,443
301,388
302,418
303,444
304,507
305,436
306,442
307,405
308,424
309,458
310,397
311,434
312,383
313,383
314,380
315,359
316,373
317,393
318,415
319,368
320,377
321,455
322,410
323,371
324,385
325,345
326,367
327,334
328,378
329,374
330,382
331,373
332,346
333,341
334,361
335,346
336,343
337,337
338,337
339,346
340,316
341,335
342,384
343,345
344,327
345,327
346,376
347,373
348,355
349,326
350,356
351,310
352,337
353,326
354,299
355,282
356,338
357,267
358,328
359,264
360,322
361,269
362,331
363,346
364,346
365,295
366,269
367,270
368,259
369,289
370,271
371,252
372,292
373,257
374,286
375,259
376,283
377,263
378,276
379,244
380,264
381,263
382,291
383,263
384,285
385,248
386,265
387,278
388,237
389,249
390,294
391,283
392,300
393,269
394,241
395,258
396,291
397,256
398,284
399,241
400,272
401,233
402,231
403,245
404,270
405,233
406,234
407,258
408,208
409,226
410,249
411,217
412,331
413,229
414,221
415,255
416,241
417,235
418,215
419,222
420,237
421,206
422,227
423,233
424,217
425,196
426,253
427,212
428,210
429,200
430,229
431,187
432,221
433,209
434,194
435,224
436,213
437,249
438,210
439,183
440,201
441,181
442,210
443,184
444,195
445,184
446,198
447,198
448,176
449,202
450,208
451,169
452,194
453,196
454,167
455,184
456,181
457,165
458,180
459,169
460,195
461,164
462,177
463,164
464,190
465,182
466,172
467,185
468,190
469,174
470,186
471,176
472,186
473,208
474,203
475,183
476,173
477,190
478,178
479,159
480,190
481,175
482,200
483,161
484,179
485,164
486,172
487,146
488,133
489,173
490,181
491,175
492,154
493,134
494,164
495,149
496,167
497,171
498,160
499,140
500,168
501,175
502,168
503,113
504,152
505,146
506,148
507,145
508,140
509,153
510,164
511,172
512,160
513,146
514,178
515,148
516,140
517,158
518,141
519,113
520,161
521,124
522,128
523,136
524,130
525,136
526,134
527,133
528,142
529,138
530,133
531,136
532,110
533,156
534,129
535,127
536,113
537,114
538,106
539,152
540,138
541,121
542,151
543,100
544,132
545,119
546,119
547,149
548,113
549,146
550,127
551,117
552,127
553,131
554,112
555,121
556,129
557,110
558,96
559,125
560,134
561,118
562,109
563,110
564,97
565,92
566,132
567,138
568,113
569,112
570,124
571,99
572,129
573,117
574,126
575,110
576,140
577,125
578,95
579,111
580,97
581,104
582,116
583,118
584,103
585,100
586,141
587,119
588,118
589,118
590,133
591,111
592,133
593,654
594,130
595,118
596,126
597,130
598,103
599,142
600,143
601,102
602,101
603,105
604,109
605,114
606,111
607,103
608,91
609,97
610,108
611,99
612,94
613,101
614,110
615,110
616,105
617,108
618,126
619,103
620,94
621,159
622,151
623,163
624,750
625,110
626,96
627,112
628,101
629,83
630,97
631,87
632,93
633,107
634,118
635,112
636,95
637,112
638,76
639,100
640,96
641,115
642,119
643,89
644,94
645,87
646,113
647,101
648,117
649,95
650,107
651,109
652,99
653,97
654,96
655,74
656,115
657,80
658,83
659,110
660,149
661,101
662,78
663,161
664,194
665,92
666,100
667,89
668,89
669,86
670,83
671,137
672,97
673,88
674,102
675,85
676,101
677,88
678,74
679,81
680,76
681,75
682,91
683,79
684,93
685,87
686,440
687,81
688,81
689,84
690,88
691,82
692,83
693,91
694,88
695,72
696,68
697,94
698,69
699,75
700,100
701,81
702,90
703,90
704,93
705,81
706,78
707,59
708,76
709,88
710,95
711,71
712,90
713,67
714,64
715,78
716,83
717,76
718,81
719,65
720,76
721,89
722,76
723,98
724,85
725,95
726,73
727,70
728,85
729,86
730,70
731,103
732,97
733,79
734,70
735,88
736,80
737,93
738,53
739,98
740,70
741,72
742,64
743,63
744,75
745,72
746,81
747,64
748,80
749,59
750,76
751,73
752,82
753,66
754,82
755,67
756,74
757,80
758,61
759,76
760,74
761,67
762,67
763,72
764,74
765,79
766,65
767,65
768,57
769,74
770,71
771,69
772,71
773,76
774,58
775,74
776,71
777,67
778,56
779,65
780,74
781,59
782,64
783,114
784,58
785,54
786,77
787,58
788,77
789,62
790,73
791,57
792,76
793,66
794,56
795,52
796,72
797,65
798,66
799,53
800,65
801,54
802,61
803,77
804,55
805,69
806,59
807,63
808,69
809,51
810,48
811,71
812,56
813,68
814,65
815,51
816,63
817,55
818,71
819,51
820,55
821,55
822,62
823,39
824,62
825,59
826,54
827,65
828,59
829,44
830,67
831,61
832,67
833,40
834,54
835,48
836,64
837,42
838,59
839,72
840,63
841,50
842,48
843,45
844,76
845,56
846,75
847,72
848,55
849,63
850,56
851,60
852,56
853,58
854,59
855,50
856,62
857,51
858,59
859,47
860,50
861,56
862,67
863,60
864,60
865,58
866,63
867,66
868,61
869,64
870,88
871,55
872,61
873,58
874,60
875,55
876,40
877,67
878,54
879,69
880,51
881,56
882,69
883,87
884,60
885,61
886,60
887,57
888,51
889,52
890,42
891,56
892,74
893,52
894,38
895,53
896,44
897,53
898,50
899,55
900,48
901,59
902,55
903,51
904,103
905,41
906,51
907,46
908,64
909,60
910,43
911,55
912,54
913,46
914,41
915,58
916,48
917,48
918,45
919,54
920,56
921,37
922,57
923,50
924,53
925,64
926,50
927,46
928,41
929,35
930,45
931,46
932,54
933,36
934,59
935,41
936,43
937,38
938,50
939,44
940,49
941,31
942,51
943,50
944,43
945,65
946,50
947,38
948,46
949,45
950,67
951,42
952,57
953,43
954,47
955,53
956,44
957,46
958,38
959,30
960,50
961,26
962,43
963,31
964,47
965,52
966,59
967,52
968,39
969,42
970,40
971,54
972,38
973,43
974,33
975,36
976,40
977,34
978,44
979,36
980,29
981,35
982,35
983,36
984,33
985,39
986,41
987,33
988,35
989,38
990,38
991,45
992,38
993,25
994,53
995,55
996,39
997,33
998,41
999,44
1000,45
1001,34
1002,46
1003,24
1004,39
1005,51
1006,29
1007,43
1008,44
1009,41
1010,45
1011,29
1012,36
1013,31
1014,37
1015,68
1016,38
1017,33
1018,55
1019,48
1020,63
1021,47
1022,43
1023,54
1024,42
1025,65
1026,57
1027,76
1028,40
1029,132
1030,48
1031,33
1032,60
1033,74
1034,36
1035,38
1036,41
1037,25
1038,38
1039,38
1040,40
1041,28
1042,36
1043,40
1044,31
1045,34
1046,30
1047,59
1048,46
1049,52
1050,46
1051,50
1052,37
1053,42
1054,35
1055,32
1056,39
1057,30
1058,56
1059,41
1060,38
1061,26
1062,35
1063,33
1064,40
1065,46
1066,39
1067,37
1068,34
1069,57
1070,34
1071,44
1072,46
1073,64
1074,42
1075,52
1076,25
1077,36
1078,52
1079,32
1080,63
1081,44
1082,25
1083,46
1084,33
1085,39
1086,54
1087,50
1088,50
1089,40
1090,34
1091,29
1092,29
1093,45
1094,48
1095,50
1096,48
1097,48
1098,43
1099,33
1100,55
1101,32
1102,36
1103,31
1104,49
1105,19
1106,38
1107,45
1108,42
1109,35
1110,17
1111,38
1112,31
1113,26
1114,28
1115,38
1116,30
1117,21
1118,30
1119,35
1120,32
1121,22
1122,28
1123,34
1124,37
1125,28
1126,30
1127,30
1128,46
1129,37
1130,30
1131,38
1132,38
1133,30
1134,50
1135,24
1136,35
1137,24
1138,53
1139,30
1140,48
1141,26
1142,21
1143,32
1144,28
1145,34
1146,59
1147,21
1148,33
1149,43
1150,41
1151,45
1152,40
1153,44
1154,54
1155,21
1156,34
1157,29
1158,22
1159,39
1160,34
1161,29
1162,20
1163,43
1164,54
1165,28
1166,22
1167,42
1168,29
1169,24
1170,34
1171,31
1172,26
1173,21
1174,37
1175,24
1176,32
1177,28
1178,32
1179,34
1180,37
1181,35
1182,31
1183,31
1184,28
1185,37
1186,24
1187,29
1188,33
1189,26
1190,24
1191,23
1192,30
1193,24
1194,31
1195,30
1196,47
1197,51
1198,34
1199,43
1200,39
1201,28
1202,27
1203,28
1204,34
1205,26
1206,22
1207,37
1208,19
1209,30
1210,27
1211,41
1212,38
1213,48
1214,35
1215,33
1216,34
1217,30
1218,26
1219,49
1220,49
1221,27
1222,43
1223,33
1224,35
1225,27
1226,28
1227,33
1228,28
1229,18
1230,20
1231,23
1232,11
1233,34
1234,34
1235,32
1236,28
1237,21
1238,20
1239,27
1240,29
1241,29
1242,31
1243,27
1244,28
1245,33
1246,21
1247,32
1248,22
1249,24
1250,28
1251,30
1252,20
1253,34
1254,20
1255,22
1256,23
1257,19
1258,16
1259,27
1260,39
1261,24
1262,23
1263,15
1264,29
1265,31
1266,31
1267,33
1268,38
1269,21
1270,32
1271,27
1272,28
1273,45
1274,65
1275,28
1276,42
1277,29
1278,28
1279,17
1280,29
1281,26
1282,26
1283,16
1284,35
1285,23
1286,23
1287,30
1288,25
1289,35
1290,20
1291,31
1292,29
1293,22
1294,23
1295,28
1296,15
1297,19
1298,25
1299,22
1300,20
1301,27
1302,19
1303,22
1304,35
1305,23
1306,28
1307,26
1308,19
1309,27
1310,23
1311,23
1312,27
1313,19
1314,24
1315,26
1316,29
1317,19
1318,32
1319,14
1320,22
1321,18
1322,16
1323,20
1324,27
1325,14
1326,28
1327,19
1328,29
1329,20
1330,24
1331,17
1332,27
1333,19
1334,21
1335,19
1336,24
1337,24
1338,24
1339,24
1340,26
1341,23
1342,19
1343,24
1344,24
1345,22
1346,30
1347,17
1348,15
1349,24
1350,22
1351,19
1352,25
1353,17
1354,16
1355,23
1356,28
1357,31
1358,32
1359,28
1360,21
1361,20
1362,30
1363,19
1364,20
1365,15
1366,29
1367,18
1368,17
1369,32
1370,22
1371,23
1372,26
1373,24
1374,23
1375,17
1376,30
1377,15
1378,20
1379,24
1380,22
1381,21
1382,15
1383,26
1384,23
1385,24
1386,18
1387,20
1388,30
1389,47
1390,29
1391,71
1392,20
1393,22
1394,25
1395,26
1396,17
1397,15
1398,35
1399,31
1400,14
1401,33
1402,17
1403,26
1404,23
1405,20
1406,12
1407,20
1408,30
1409,25
1410,25
1411,15
1412,28
1413,23
1414,36
1415,16
1416,14
1417,19
1418,19
1419,17
1420,20
1421,20
1422,19
1423,19
1424,20
1425,16
1426,21
1427,16
1428,22
1429,22
1430,24
1431,17
1432,32
1433,31
1434,29
1435,21
1436,25
1437,22
1438,26
1439,16
1440,15
1441,16
1442,14
1443,13
1444,19
1445,20
1446,31
1447,13
1448,20
1449,14
1450,19
1451,25
1452,25
1453,14
1454,16
1455,32
1456,17
1457,19
1458,12
1459,12
1460,11
1461,19
1462,16
1463,24
1464,16
1465,23
1466,24
1467,19
1468,12
1469,21
1470,15
1471,16
1472,19
1473,20
1474,16
1475,24
1476,28
1477,13
1478,18
1479,18
1480,16
1481,14
1482,23
1483,21
1484,16
1485,13
1486,22
1487,18
1488,27
1489,30
1490,12
1491,13
1492,19
1493,16
1494,18
1495,15
1496,15
1497,15
1498,22
1499,19
1500,10
1501,22
1502,16
1503,20
1504,21
1505,14
1506,21
1507,13
1508,17
1509,21
1510,18
1511,12
1512,25
1513,11
1514,20
1515,18
1516,14
1517,16
1518,21
1519,10
1520,13
1521,28
1522,18
1523,25
1524,30
1525,19
1526,13
1527,24
1528,22
1529,18
1530,20
1531,18
1532,24
1533,14
1534,30
1535,14
1536,24
1537,23
1538,21
1539,23
1540,19
1541,22
1542,16
1543,13
1544,21
1545,16
1546,17
1547,12
1548,12
1549,7
1550,16
1551,20
1552,18
1553,27
1554,25
1555,23
1556,16
1557,19
1558,17
1559,15
1560,17
1561,18
1562,20
1563,12
1564,19
1565,18
1566,21
1567,16
1568,13
1569,17
1570,17
1571,14
1572,23
1573,7
1574,19
1575,8
1576,10
1577,20
1578,10
1579,11
1580,17
1581,11
1582,15
1583,12
1584,14
1585,9
1586,15
1587,11
1588,13
1589,16
1590,22
1591,11
1592,17
1593,17
1594,15
1595,21
1596,17
1597,23
1598,15
1599,27
1600,10
1601,17
1602,15
1603,14
1604,13
1605,16
1606,24
1607,16
1608,20
1609,18
1610,9
1611,13
1612,15
1613,8
1614,9
1615,12
1616,15
1617,18
1618,7
1619,10
1620,16
1621,23
1622,17
1623,17
1624,16
1625,14
1626,16
1627,20
1628,15
1629,19
1630,18
1631,14
1632,22
1633,12
1634,20
1635,12
1636,19
1637,17
1638,12
1639,12
1640,14
1641,13
1642,5
1643,4
1644,17
1645,7
1646,16
1647,20
1648,11
1649,12
1650,17
1651,10
1652,24
1653,7
1654,17
1655,20
1656,11
1657,16
1658,15
1659,13
1660,14
1661,12
1662,16
1663,11
1664,11
1665,11
1666,20
1667,16
1668,19
1669,17
1670,17
1671,10
1672,16
1673,15
1674,16
1675,15
1676,16
1677,10
1678,9
1679,16
1680,12
1681,15
1682,14
1683,13
1684,12
1685,15
1686,15
1687,16
1688,10
1689,11
1690,16
1691,19
1692,10
1693,13
1694,16
1695,20
1696,15
1697,11
1698,15
1699,17
1700,15
1701,10
1702,14
1703,11
1704,22
1705,9
1706,11
1707,11
1708,10
1709,13
1710,12
1711,11
1712,22
1713,17
1714,16
1715,15
1716,10
1717,12
1718,9
1719,15
1720,14
1721,12
1722,12
1723,11
1724,17
1725,19
1726,14
1727,14
1728,6
1729,14
1730,6
1731,20
1732,14
1733,17
1734,12
1735,12
1736,14
1737,12
1738,14
1739,9
1740,13
1741,16
1742,10
1743,18
1744,17
1745,17
1746,9
1747,10
1748,9
1749,16
1750,7
1751,18
1752,16
1753,11
1754,13
1755,14
1756,18
1757,13
1758,26
1759,12
1760,14
1761,7
1762,14
1763,16
1764,10
1765,10
1766,14
1767,19
1768,18
1769,18
1770,13
1771,17
1772,20
1773,18
1774,14
1775,8
1776,13
1777,16
1778,14
1779,12
1780,7
1781,17
1782,18
1783,14
1784,18
1785,13
1786,10
1787,15
1788,6
1789,8
1790,10
1791,24
1792,9
1793,12
1794,12
1795,4
1796,18
1797,16
1798,14
1799,24
1800,14
1801,14
1802,15
1803,19
1804,21
1805,15
1806,18
1807,12
1808,17
1809,16
1810,18
1811,14
1812,14
1813,14
1814,11
1815,8
1816,9
1817,11
1818,15
1819,15
1820,14
1821,11
1822,9
1823,16
1824,19
1825,22
1826,12
1827,7
1828,11
1829,13
1830,18
1831,11
1832,13
1833,9
1834,11
1835,10
1836,21
1837,8
1838,11
1839,8
1840,17
1841,10
1842,11
1843,6
1844,11
1845,7
1846,15
1847,8
1848,13
1849,12
1850,14
1851,16
1852,14
1853,12
1854,16
1855,8
1856,8
1857,10
1858,7
1859,10
1860,8
1861,9
1862,11
1863,9
1864,8
1865,10
1866,10
1867,9
1868,15
1869,7
1870,10
1871,12
1872,11
1873,12
1874,15
1875,14
1876,6
1877,13
1878,13
1879,14
1880,9
1881,10
1882,12
1883,9
1884,9
1885,21
1886,11
1887,19
1888,9
1889,5
1890,9
1891,17
1892,8
1893,12
1894,7
1895,16
1896,12
1897,13
1898,6
1899,14
1900,18
1901,18
1902,14
1903,5
1904,12
1905,12
1906,10
1907,7
1908,13
1909,13
1910,18
1911,13
1912,22
1913,10
1914,13
1915,8
1916,13
1917,8
1918,28
1919,10
1920,12
1921,17
1922,8
1923,8
1924,6
1925,9
1926,13
1927,19
1928,7
1929,14
1930,14
1931,13
1932,14
1933,8
1934,11
1935,12
1936,11
1937,16
1938,6
1939,13
1940,11
1941,18
1942,6
1943,9
1944,8
1945,7
1946,10
1947,7
1948,7
1949,13
1950,10
1951,5
1952,5
1953,4
1954,9
1955,14
1956,9
1957,11
1958,14
1959,13
1960,7
1961,17
1962,6
1963,6
1964,7
1965,11
1966,11
1967,5
1968,18
1969,11
1970,12
1971,10
1972,12
1973,11
1974,16
1975,9
1976,8
1977,11
1978,14
1979,11
1980,11
1981,12
1982,18
1983,6
1984,9
1985,8
1986,9
1987,10
1988,7
1989,13
1990,7
1991,5
1992,8
1993,8
1994,9
1995,14
1996,6
1997,11
1998,9
1999,7
2000,20
2001,9
2002,12
2003,10
2004,12
2005,8
2006,11
2007,10
2008,19
2009,4
2010,10
2011,9
2012,9
2013,7
2014,7
2015,11
2016,11
2017,11
2018,6
2019,6
2020,6
2021,10
2022,11
2023,12
2024,9
2025,7
2026,10
2027,14
2028,10
2029,9
2030,5
2031,13
2032,19
2033,14
2034,12
2035,17
2036,10
2037,6
2038,12
2039,12
2040,16
2041,9
2042,13
2043,11
2044,5
2045,8
2046,10
2047,12
2048,13
2049,15
2050,16
2051,16
2052,9
2053,12
2054,7
2055,10
2056,14
2057,15
2058,4
2059,7
2060,5
2061,7
2062,10
2063,8
2064,6
2065,11
2066,10
2067,14
2068,8
2069,6
2070,17
2071,9
2072,7
2073,14
2074,4
2075,12
2076,7
2077,4
2078,10
2079,13
2080,7
2081,15
2082,11
2083,18
2084,7
2085,4
2086,5
2087,3
2088,3
2089,15
2090,10
2091,13
2092,15
2093,10
2094,10
2095,7
2096,14
2097,8
2098,12
2099,3
2100,7
2101,8
2102,9
2103,13
2104,7
2105,10
2106,6
2107,18
2108,8
2109,13
2110,6
2111,7
2112,10
2113,6
2114,9
2115,13
2116,15
2117,12
2118,8
2119,6
2120,13
2121,15
2122,9
2123,6
2124,10
2125,10
2126,8
2127,15
2128,17
2129,12
2130,9
2131,10
2132,8
2133,13
2134,2
2135,15
2136,9
2137,9
2138,9
2139,8
2140,5
2141,3
2142,6
2143,11
2144,9
2145,15
2146,5
2147,13
2148,3
2149,10
2150,7
2151,5
2152,10
2153,7
2154,10
2155,5
2156,8
2157,5
2158,9
2159,9
2160,3
2161,6
2162,9
2163,11
2164,11
2165,9
2166,6
2167,7
2168,4
2169,11
2170,7
2171,6
2172,7
2173,10
2174,10
2175,5
2176,5
2177,12
2178,10
2179,9
2180,8
2181,9
2182,11
2183,15
2184,11
2185,7
2186,7
2187,10
2188,20
2189,6
2190,11
2191,7
2192,15
2193,6
2194,15
2195,10
2196,13
2197,12
2198,12
2199,7
2200,5
2201,7
2202,7
2203,10
2204,6
2205,6
2206,6
2207,4
2208,7
2209,5
2210,9
2211,5
2212,11
2213,6
2214,7
2215,22
2216,6
2217,10
2218,10
2219,8
2220,10
2221,7
2222,6
2223,6
2224,8
2225,4
2226,7
2227,7
2228,5
2229,9
2230,3
2231,12
2232,7
2233,13
2234,8
2235,7
2236,6
2237,11
2238,9
2239,4
2240,6
2241,5
2242,8
2243,4
2244,5
2245,8
2246,10
2247,11
2248,10
2249,7
2250,5
2251,6
2252,7
2253,6
2254,4
2255,7
2256,4
2257,5
2258,6
2259,11
2260,7
2261,7
2262,8
2263,4
2264,12
2265,6
2266,9
2267,14
2268,7
2269,8
2270,4
2271,8
2272,4
2273,4
2274,8
2275,6
2276,4
2277,8
2278,8
2279,12
2280,11
2281,6
2282,8
2283,13
2284,12
2285,6
2286,11
2287,10
2288,5
2289,6
2290,3
2291,4
2292,5
2293,8
2294,9
2295,7
2296,14
2297,5
2298,4
2299,8
2300,5
2301,5
2302,7
2303,13
2304,1
2305,5
2306,5
2307,3
2308,8
2309,4
2310,11
2311,3
2312,4
2313,6
2314,5
2315,7
2316,4
2317,6
2318,12
2319,11
2320,9
2321,4
2322,2
2323,5
2324,4
2325,4
2326,13
2327,9
2328,7
2329,7
2330,4
2331,5
2332,7
2333,7
2334,13
2335,9
2336,6
2337,5
2338,8
2339,5
2340,5
2341,5
2342,4
2343,5
2344,7
2345,8
2346,6
2347,9
2348,6
2349,2
2350,4
2351,7
2352,12
2353,9
2354,9
2355,5
2356,7
2357,7
2358,3
2359,5
2360,4
2361,7
2362,8
2363,6
2364,10
2365,6
2366,6
2367,6
2368,8
2369,5
2370,9
2371,8
2372,4
2373,4
2374,4
2375,6
2376,10
2377,8
2378,6
2379,5
2380,5
2381,4
2382,3
2383,5
2384,3
2385,7
2386,6
2387,4
2388,2
2389,6
2390,6
2391,2
2392,7
2393,9
2394,3
2395,10
2396,13
2397,6
2398,8
2399,13
2400,6
2401,7
2402,10
2403,8
2404,5
2405,5
2406,4
2407,7
2408,11
2409,7
2410,9
2411,3
2412,5
2413,3
2414,6
2415,5
2416,4
2417,12
2418,6
2419,3
2420,1
2421,8
2422,7
2423,8
2424,6
2425,4
2426,5
2427,8
2428,6
2429,7
2430,5
2431,2
2432,6
2433,9
2434,7
2435,8
2436,7
2437,5
2438,8
2439,4
2440,7
2441,5
2442,9
2443,11
2444,4
2445,10
2446,5
2447,6
2448,9
2449,6
2450,10
2451,5
2452,5
2453,4
2454,4
2455,5
2456,3
2457,4
2458,5
2459,5
2460,6
2461,3
2462,7
2463,6
2464,3
2465,4
2466,5
2467,6
2468,5
2469,5
2470,4
2471,6
2472,6
2473,5
2474,7
2475,4
2476,6
2477,15
2478,4
2479,7
2480,4
2481,8
2482,4
2483,4
2484,5
2485,8
2486,6
2487,5
2488,9
2489,9
2490,4
2491,8
2492,6
2493,5
2494,11
2495,8
2496,4
2497,2
2498,5
2499,8
2500,7
2501,6
2502,4
2503,5
2504,10
2505,5
2506,6
2507,11
2508,6
2509,3
2510,5
2511,8
2512,7
2513,5
2514,7
2515,2
2516,9
2517,4
2518,10
2519,6
2520,13
2521,3
2522,9
2523,7
2524,2
2525,4
2526,6
2527,4
2528,10
2529,3
2530,8
2531,4
2532,13
2533,5
2534,5
2535,2
2536,7
2537,1
2538,3
2539,4
2540,5
2541,5
2542,8
2543,3
2544,6
2545,5
2546,16
2547,9
2548,6
2549,3
2550,2
2551,3
2552,3
2553,1
2554,8
2555,8
2556,10
2557,6
2558,7
2560,5
2561,2
2562,2
2563,4
2564,6
2565,6
2566,4
2567,3
2568,12
2569,7
2570,4
2571,11
2572,10
2573,9
2574,3
2575,6
2576,11
2577,8
2578,5
2579,9
2580,3
2581,6
2582,8
2583,6
2584,6
2585,10
2586,11
2587,8
2588,1
2589,6
2590,6
2591,3
2592,1
2593,4
2594,8
2595,1
2596,8
2597,4
2598,7
2599,5
2600,7
2601,7
2602,6
2603,3
2604,9
2605,13
2606,3
2607,4
2608,2
2609,3
2610,5
2611,3
2612,4
2613,2
2614,2
2615,3
2616,3
2617,7
2618,5
2619,7
2620,4
2621,4
2622,7
2623,8
2624,6
2625,7
2626,12
2627,4
2628,3
2629,3
2630,9
2631,12
2632,5
2633,4
2634,4
2635,5
2636,3
2637,5
2638,4
2639,5
2640,4
2641,5
2642,4
2643,5
2644,4
2645,4
2646,14
2647,7
2648,5
2649,9
2650,8
2651,8
2652,6
2653,2
2654,6
2655,6
2656,5
2657,3
2658,8
2659,5
2660,4
2661,5
2662,9
2663,6
2664,9
2665,2
2666,8
2667,9
2668,7
2669,3
2670,4
2671,12
2672,3
2673,4
2674,6
2675,8
2676,4
2677,4
2678,13
2679,10
2680,2
2681,4
2682,7
2683,10
2684,3
2685,5
2686,2
2687,5
2688,6
2689,7
2690,4
2691,8
2692,7
2693,7
2694,8
2695,9
2696,4
2697,2
2698,7
2699,5
2700,2
2701,7
2702,5
2703,4
2704,4
2706,1
2707,5
2708,1
2709,7
2710,3
2711,2
2712,7
2713,6
2714,2
2715,5
2716,9
2717,3
2718,9
2719,4
2720,5
2721,4
2723,3
2724,4
2725,4
2726,10
2728,4
2729,3
2730,2
2731,4
2732,2
2733,5
2734,9
2735,5
2736,9
2737,7
2738,3
2739,8
2740,2
2741,2
2742,4
2743,4
2744,2
2745,4
2746,3
2747,2
2748,2
2749,6
2750,3
2751,4
2752,2
2753,6
2754,2
2755,13
2756,7
2757,3
2758,8
2759,1
2760,5
2761,8
2762,7
2763,3
2764,7
2765,3
2766,2
2767,12
2768,4
2769,3
2770,5
2771,4
2772,4
2773,6
2774,10
2775,3
2776,2
2777,4
2778,7
2779,1
2780,6
2781,12
2782,4
2783,3
2784,17
2785,7
2786,13
2787,6
2788,12
2789,1
2790,6
2791,7
2792,6
2793,6
2794,9
2795,4
2796,3
2797,3
2798,6
2799,2
2800,6
2801,3
2802,7
2803,4
2804,4
2805,4
2806,2
2807,3
2808,8
2809,10
2810,3
2811,9
2812,7
2813,6
2814,4
2815,6
2816,5
2817,4
2818,3
2819,8
2820,4
2821,3
2822,5
2823,9
2824,9
2825,4
2826,5
2827,6
2828,5
2829,10
2830,4
2831,4
2832,10
2833,12
2834,2
2835,6
2836,9
2837,5
2838,7
2839,7
2840,5
2841,9
2842,10
2843,2
2844,6
2845,3
2846,3
2847,3
2848,2
2849,4
2850,3
2851,8
2852,5
2853,4
2854,1
2855,11
2856,6
2857,6
2858,2
2859,4
2860,5
2861,7
2862,3
2863,8
2864,4
2865,2
2866,11
2867,7
2868,4
2869,7
2870,5
2871,3
2872,14
2873,6
2874,2
2875,7
2876,4
2877,8
2878,4
2879,4
2880,7
2881,2
2882,6
2883,2
2884,13
2885,3
2886,2
2887,3
2888,3
2889,6
2890,9
2891,5
2892,5
2893,11
2894,11
2895,12
2896,10
2897,4
2898,8
2899,5
2900,5
2901,4
2902,7
2903,2
2904,1
2905,2
2906,5
2907,1
2908,2
2909,1
2910,1
2911,12
2912,5
2913,3
2914,5
2915,9
2916,4
2917,8
2918,6
2919,2
2920,2
2921,2
2922,7
2923,5
2924,1
2925,3
2926,1
2927,3
2928,12
2929,5
2930,4
2931,1
2932,6
2933,2
2934,7
2935,1
2936,5
2937,6
2938,4
2939,1
2940,4
2941,1
2942,5
2943,4
2944,4
2945,2
2946,4
2947,4
2948,5
2949,5
2950,3
2951,4
2952,7
2953,13
2954,5
2955,1
2956,4
2957,4
2958,1
2959,5
2960,4
2961,3
2962,4
2963,1
2964,3
2965,4
2966,8
2967,5
2969,2
2970,3
2971,6
2972,7
2973,8
2974,7
2975,2
2976,5
2977,5
2978,4
2979,6
2980,4
2981,4
2982,2
2983,3
2984,4
2985,3
2986,7
2987,3
2988,4
2989,11
2990,13
2991,2
2992,7
2993,2
2994,5
2995,4
2997,3
2998,1
2999,5
3000,5
3001,4
3002,8
3003,3
3004,7
3005,5
3006,2
3007,5
3008,2
3009,2
3010,5
3011,8
3012,10
3013,2
3014,7
3015,4
3016,7
3017,5
3018,11
3019,6
3020,6
3021,1
3022,5
3023,5
3024,3
3025,3
3026,1
3027,5
3028,3
3029,3
3030,4
3031,5
3032,4
3033,5
3034,5
3035,6
3036,5
3037,6
3038,7
3039,6
3040,10
3041,6
3042,7
3043,2
3044,2
3045,7
3046,10
3047,2
3048,4
3049,7
3050,4
3051,5
3052,4
3053,3
3054,6
3055,3
3056,1
3057,5
3058,3
3059,1
3060,3
3061,3
3062,5
3063,4
3064,4
3065,4
3066,4
3067,1
3068,2
3069,1
3070,2
3071,5
3072,2
3074,1
3075,2
3076,4
3077,1
3078,3
3079,5
3080,4
3081,3
3082,2
3083,3
3084,4
3085,1
3086,4
3087,4
3088,2
3089,5
3090,3
3091,4
3092,3
3093,6
3094,2
3095,4
3096,5
3097,5
3098,5
3099,3
3100,2
3101,2
3102,2
3103,2
3104,2
3106,4
3107,2
3108,5
3109,2
3110,3
3111,4
3112,9
3113,5
3114,4
3115,2
3116,2
3117,3
3118,7
3119,3
3120,4
3121,5
3122,11
3123,4
3124,3
3125,3
3126,3
3127,5
3128,6
3129,2
3130,3
3131,7
3132,1
3133,2
3134,2
3135,5
3136,1
3137,2
3138,5
3139,4
3140,1
3141,2
3142,6
3143,5
3144,7
3145,6
3146,5
3147,4
3148,7
3149,3
3150,4
3151,2
3152,3
3153,3
3154,6
3155,2
3156,6
3157,8
3158,8
3159,6
3160,7
3161,4
3162,7
3163,4
3164,5
3165,5
3166,7
3167,2
3168,1
3169,2
3170,3
3171,2
3173,4
3174,3
3175,9
3176,4
3177,7
3178,4
3179,4
3180,2
3181,14
3182,4
3183,5
3184,3
3185,7
3186,5
3187,4
3188,4
3189,2
3190,6
3191,2
3192,6
3193,1
3194,3
3195,1
3196,2
3197,5
3198,5
3199,2
3200,2
3201,3
3202,7
3203,3
3204,5
3205,3
3206,4
3207,3
3208,1
3209,1
3210,4
3211,4
3212,3
3213,2
3214,6
3215,4
3216,2
3217,5
3218,3
3219,1
3220,3
3221,3
3222,8
3223,5
3224,1
3225,1
3226,3
3227,3
3228,2
3229,4
3230,5
3231,3
3232,4
3233,2
3234,5
3235,3
3236,3
3237,2
3238,1
3239,3
3240,7
3241,4
3242,2
3243,1
3244,7
3245,1
3246,4
3247,7
3249,2
3250,3
3251,2
3252,1
3253,2
3254,12
3255,1
3256,3
3257,4
3258,2
3259,3
3260,2
3261,7
3262,1
3263,2
3264,3
3265,8
3266,3
3267,7
3269,4
3270,2
3271,3
3272,6
3273,6
3274,3
3275,5
3276,2
3277,8
3278,5
3279,1
3280,2
3281,5
3282,5
3283,2
3284,3
3285,4
3286,1
3287,5
3288,4
3289,6
3290,5
3292,4
3294,2
3295,5
3296,5
3298,2
3299,2
3300,2
3301,8
3302,6
3303,3
3305,3
3306,7
3307,4
3308,3
3309,7
3310,2
3311,3
3312,3
3313,2
3314,1
3316,1
3317,2
3318,3
3319,3
3320,2
3321,5
3322,4
3323,3
3324,5
3325,8
3326,4
3327,2
3328,5
3329,3
3330,1
3331,4
3333,9
3334,2
3335,3
3336,3
3337,2
3338,2
3339,2
3340,3
3341,4
3342,2
3343,6
3344,5
3345,2
3346,3
3347,5
3348,2
3349,6
3350,3
3351,5
3352,6
3353,1
3354,9
3355,2
3356,4
3357,2
3358,2
3359,3
3360,2
3361,1
3362,3
3363,1
3364,4
3365,4
3366,3
3367,6
3368,3
3369,6
3370,5
3371,3
3372,6
3373,8
3374,5
3375,2
3376,4
3377,4
3378,4
3379,3
3380,3
3382,1
3383,2
3384,4
3385,13
3386,2
3387,4
3388,2
3389,1
3390,5
3391,4
3392,4
3393,7
3394,1
3395,2
3396,3
3397,2
3399,1
3400,4
3401,3
3402,4
3403,4
3404,2
3406,2
3407,2
3408,1
3409,2
3410,6
3412,3
3413,3
3414,1
3415,3
3416,3
3417,2
3418,2
3419,5
3420,7
3421,3
3422,2
3423,6
3424,4
3425,7
3426,7
3427,5
3429,3
3430,3
3431,2
3432,7
3433,6
3434,3
3435,3
3436,6
3437,5
3439,4
3440,2
3441,2
3442,3
3443,1
3444,2
3446,5
3447,3
3448,6
3449,2
3450,6
3451,5
3452,1
3453,4
3454,4
3455,3
3456,1
3457,3
3458,2
3459,3
3460,5
3461,1
3463,4
3464,4
3465,5
3466,5
3467,5
3468,4
3469,1
3470,3
3471,2
3472,3
3473,1
3474,2
3475,2
3476,2
3477,6
3478,3
3479,1
3480,4
3481,2
3482,3
3483,4
3484,3
3485,2
3487,2
3488,2
3489,4
3490,7
3491,3
3492,8
3493,7
3494,1
3495,2
3496,4
3497,1
3499,2
3500,5
3501,2
3502,4
3503,6
3504,3
3505,3
3506,3
3507,5
3508,3
3509,6
3510,6
3511,3
3512,6
3513,2
3514,4
3515,1
3516,7
3517,4
3518,3
3519,4
3520,4
3521,2
3522,4
3523,6
3524,4
3525,3
3526,4
3527,5
3528,1
3529,1
3530,4
3531,4
3532,5
3533,2
3534,3
3535,1
3536,3
3537,1
3538,2
3539,1
3540,4
3541,4
3542,2
3543,5
3544,3
3545,5
3546,4
3547,3
3548,3
3549,3
3550,1
3551,4
3552,1
3553,5
3554,3
3555,2
3556,7
3557,3
3558,1
3559,5
3560,2
3561,4
3562,6
3563,8
3564,4
3565,3
3566,4
3567,6
3568,2
3569,3
3570,2
3571,1
3572,3
3573,2
3574,1
3575,5
3576,3
3577,3
3578,2
3579,3
3580,2
3581,6
3582,1
3583,3
3584,3
3585,5
3586,5
3588,3
3589,5
3590,2
3591,3
3593,5
3594,2
3597,4
3598,3
3599,4
3600,5
3601,2
3602,5
3603,11
3604,6
3605,6
3606,1
3607,2
3608,1
3609,2
3610,6
3611,1
3612,3
3613,6
3614,4
3615,3
3616,4
3617,2
3618,4
3619,6
3620,1
3621,4
3622,2
3623,5
3624,4
3625,4
3626,1
3627,3
3628,1
3629,3
3630,6
3631,1
3632,1
3633,1
3634,4
3635,1
3636,2
3637,2
3638,4
3639,1
3640,2
3641,1
3642,1
3643,1
3644,2
3645,2
3646,3
3647,6
3648,6
3650,2
3652,5
3653,4
3654,4
3655,7
3656,1
3657,1
3659,1
3660,3
3661,2
3662,1
3664,1
3665,1
3666,2
3667,4
3668,5
3669,2
3670,7
3671,1
3672,2
3675,1
3676,2
3677,3
3678,4
3679,1
3680,2
3681,4
3682,3
3683,7
3684,3
3685,2
3686,7
3687,2
3689,4
3691,2
3692,1
3693,2
3694,10
3695,2
3696,1
3698,3
3699,4
3700,2
3701,2
3702,5
3703,4
3704,5
3705,2
3706,2
3707,4
3708,1
3709,5
3710,4
3711,6
3712,2
3713,5
3714,3
3715,2
3716,3
3717,3
3718,7
3719,4
3720,7
3721,2
3722,2
3724,4
3725,2
3726,4
3727,2
3728,4
3729,7
3730,3
3731,2
3732,1
3733,4
3734,1
3736,5
3737,2
3738,3
3739,1
3740,3
3741,3
3742,1
3744,1
3745,6
3746,7
3747,9
3748,4
3749,1
3750,4
3751,2
3752,1
3753,1
3754,7
3755,3
3756,1
3757,3
3758,3
3759,1
3760,2
3761,8
3762,2
3763,6
3764,2
3765,3
3766,3
3767,2
3768,2
3769,2
3770,4
3771,6
3772,2
3773,2
3774,6
3775,1
3776,3
3777,2
3778,4
3779,2
3780,5
3781,1
3782,2
3783,1
3784,1
3785,3
3786,2
3787,1
3788,5
3789,4
3790,2
3791,4
3792,3
3793,5
3794,1
3795,1
3796,5
3797,2
3798,3
3799,3
3800,5
3801,3
3802,1
3803,3
3804,5
3805,2
3806,3
3807,2
3808,2
3809,6
3810,5
3811,7
3812,3
3813,3
3814,8
3815,1
3816,3
3817,2
3818,2
3819,3
3820,4
3821,3
3822,2
3823,4
3824,3
3825,2
3826,2
3827,2
3828,5
3829,2
3831,1
3832,1
3833,4
3834,2
3835,2
3836,2
3837,3
3838,3
3839,6
3840,2
3841,3
3842,2
3843,3
3844,4
3845,4
3846,2
3847,3
3848,8
3849,8
3850,2
3851,5
3852,4
3853,2
3854,1
3855,3
3856,3
3857,2
3858,4
3859,4
3860,2
3861,3
3862,3
3863,1
3864,1
3865,2
3866,2
3867,5
3868,1
3869,3
3870,3
3871,2
3872,2
3873,2
3874,2
3875,3
3876,3
3877,5
3878,3
3879,5
3880,1
3881,3
3882,2
3883,2
3884,2
3886,2
3887,1
3888,1
3889,2
3890,2
3891,1
3892,5
3893,5
3894,3
3895,1
3896,3
3897,3
3898,2
3899,5
3900,1
3901,1
3902,5
3903,3
3905,4
3906,4
3907,2
3909,3
3910,2
3911,4
3912,2
3913,4
3914,3
3915,1
3916,5
3917,1
3918,6
3919,2
3920,6
3921,2
3922,5
3923,3
3924,2
3925,6
3926,5
3927,3
3928,1
3929,1
3930,1
3931,5
3932,4
3933,2
3934,2
3935,5
3936,3
3937,4
3938,3
3939,1
3940,3
3941,4
3942,3
3943,2
3944,3
3945,3
3946,2
3947,2
3948,2
3949,2
3950,3
3951,8
3952,2
3953,2
3954,1
3955,1
3956,3
3957,2
3958,2
3959,1
3960,3
3961,3
3962,4
3964,2
3965,1
3967,4
3968,3
3969,3
3970,2
3971,2
3972,5
3973,6
3974,3
3975,1
3976,4
3977,3
3978,4
3979,1
3981,1
3982,3
3983,1
3986,2
3987,1
3988,2
3989,1
3990,1
3991,2
3992,3
3993,5
3995,1
3996,1
3997,1
3998,1
3999,2
4000,3
4001,5
4002,2
4003,1
4004,2
4005,2
4006,8
4007,5
4008,2
4009,1
4010,4
4011,3
4012,1
4013,2
4014,1
4015,4
4016,2
4017,1
4018,2
4019,4
4020,4
4021,4
4022,6
4023,8
4024,3
4025,3
4026,2
4027,4
4028,5
4029,2
4030,2
4031,3
4032,5
4033,1
4034,6
4035,5
4036,5
4037,1
4038,1
4040,3
4041,2
4042,2
4043,3
4044,1
4047,2
4048,3
4049,2
4050,1
4051,5
4052,3
4053,2
4054,5
4056,3
4057,8
4058,4
4059,3
4060,4
4061,1
4062,11
4063,3
4066,2
4067,4
4068,4
4069,2
4070,2
4071,5
4072,3
4073,4
4074,2
4075,2
4077,1
4078,2
4079,5
4080,1
4081,1
4082,2
4083,2
4084,3
4085,2
4086,3
4087,4
4088,2
4090,2
4091,8
4092,1
4093,2
4094,4
4095,3
4096,1
4097,1
4098,3
4099,1
4100,2
4101,4
4102,5
4103,1
4104,2
4105,4
4106,3
4107,1
4108,2
4109,5
4110,1
4111,2
4113,1
4114,2
4115,4
4116,1
4117,4
4118,1
4119,3
4120,3
4121,2
4124,1
4125,2
4126,2
4127,3
4128,2
4129,8
4130,3
4132,3
4133,3
4134,4
4135,3
4137,2
4139,2
4140,3
4141,6
4144,7
4145,1
4146,3
4147,3
4148,1
4149,1
4150,2
4151,6
4152,4
4153,1
4154,1
4155,2
4156,1
4157,1
4158,2
4160,5
4161,1
4162,2
4163,2
4164,3
4165,2
4166,6
4167,2
4168,2
4169,1
4170,2
4171,3
4172,1
4173,3
4174,2
4175,2
4176,1
4177,3
4178,2
4180,5
4183,1
4184,2
4186,1
4187,1
4190,2
4191,1
4192,1
4194,1
4195,1
4196,2
4197,2
4198,2
4199,1
4200,6
4201,3
4202,2
4203,1
4204,2
4207,1
4208,2
4209,1
4210,3
4211,3
4212,1
4213,2
4215,2
4216,3
4217,2
4218,1
4219,5
4220,1
4221,3
4222,3
4223,2
4224,1
4225,8
4227,1
4228,1
4229,1
4230,1
4231,1
4232,2
4233,1
4236,1
4239,1
4240,1
4242,2
4243,1
4244,3
4245,5
4246,6
4247,5
4248,5
4249,3
4250,2
4251,1
4252,3
4253,2
4254,2
4255,2
4256,1
4257,1
4258,2
4259,3
4261,3
4262,1
4263,1
4264,1
4265,2
4268,1
4269,2
4270,2
4271,3
4272,1
4274,3
4275,3
4277,3
4278,2
4279,2
4280,1
4281,2
4282,1
4284,3
4285,3
4286,2
4287,3
4288,2
4289,3
4290,4
4291,4
4292,1
4293,2
4294,2
4295,2
4296,4
4298,4
4301,1
4302,3
4303,2
4304,2
4305,1
4307,4
4308,1
4309,2
4310,2
4311,4
4312,2
4313,3
4314,1
4315,1
4316,1
4317,2
4318,8
4319,2
4320,1
4321,2
4323,2
4324,1
4325,1
4326,2
4327,2
4328,2
4329,4
4331,2
4333,3
4334,3
4335,2
4336,2
4338,2
4339,1
4340,3
4341,1
4342,3
4343,2
4345,1
4346,9
4347,2
4348,1
4349,3
4350,1
4351,4
4352,1
4353,6
4354,2
4355,3
4356,1
4357,1
4358,1
4360,2
4362,2
4363,3
4364,1
4365,5
4369,6
4370,1
4371,2
4373,1
4374,2
4375,1
4376,3
4377,1
4378,3
4379,2
4380,1
4381,2
4382,6
4383,3
4385,1
4386,1
4387,4
4388,1
4391,1
4394,6
4395,3
4396,4
4397,2
4398,2
4399,2
4401,2
4402,2
4404,1
4405,1
4407,1
4409,1
4410,4
4411,1
4412,4
4413,2
4414,1
4415,2
4416,4
4417,1
4418,1
4419,4
4420,5
4421,2
4422,1
4423,1
4424,2
4425,2
4426,1
4428,4
4429,2
4431,2
4432,1
4434,3
4435,1
4436,1
4438,1
4439,4
4440,5
4441,1
4444,1
4445,3
4446,5
4447,1
4448,3
4450,1
4451,1
4452,1
4454,1
4456,1
4457,2
4458,1
4459,3
4460,1
4461,3
4462,2
4463,2
4465,2
4466,5
4469,4
4471,2
4472,3
4473,1
4474,2
4475,1
4476,1
4477,1
4478,1
4479,1
4480,4
4482,3
4483,1
4484,2
4485,4
4486,5
4487,4
4488,1
4490,1
4491,1
4494,1
4496,2
4497,1
4498,1
4499,2
4500,2
4501,1
4502,2
4503,5
4504,5
4505,4
4506,3
4507,2
4508,8
4509,3
4510,1
4511,1
4512,2
4513,1
4514,3
4518,1
4519,1
4520,3
4521,3
4522,1
4523,2
4525,1
4526,5
4527,2
4528,4
4529,3
4530,4
4531,2
4532,1
4533,1
4534,1
4535,1
4537,3
4538,2
4539,2
4540,2
4542,1
4543,3
4544,2
4545,1
4546,5
4547,2
4548,3
4549,1
4551,1
4552,5
4553,4
4555,2
4556,1
4557,2
4558,1
4559,2
4560,4
4561,1
4562,1
4563,2
4564,3
4566,2
4567,1
4568,1
4570,2
4571,1
4572,2
4573,1
4574,3
4576,5
4577,2
4578,2
4579,4
4580,4
4582,4
4583,4
4585,4
4586,2
4587,3
4588,2
4589,3
4590,2
4591,2
4593,4
4595,2
4596,2
4597,4
4599,3
4600,1
4601,1
4603,2
4604,2
4605,1
4606,2
4607,1
4608,3
4609,2
4611,1
4612,3
4613,1
4614,3
4616,2
4617,2
4618,4
4619,1
4620,2
4622,4
4623,1
4624,2
4625,3
4626,2
4627,4
4628,3
4629,2
4630,4
4631,1
4632,1
4633,2
4634,3
4635,1
4636,1
4637,1
4638,1
4639,2
4640,4
4641,4
4643,1
4644,2
4646,4
4647,5
4648,5
4649,5
4650,1
4651,2
4652,2
4653,2
4654,1
4655,4
4656,2
4657,3
4658,3
4660,3
4661,2
4662,1
4663,3
4664,1
4665,1
4666,3
4667,1
4669,2
4670,2
4671,2
4672,3
4674,1
4676,3
4677,1
4678,5
4679,2
4680,2
4682,1
4683,2
4684,4
4685,1
4686,5
4687,8
4688,2
4689,2
4690,5
4692,4
4693,3
4694,1
4695,1
4696,2
4697,3
4698,1
4699,1
4700,5
4701,2
4702,3
4703,2
4704,1
4705,2
4708,2
4709,4
4710,3
4711,2
4712,1
4713,2
4714,1
4715,3
4716,2
4717,7
4718,2
4720,2
4721,1
4722,1
4723,2
4724,2
4725,1
4727,1
4730,3
4732,4
4734,1
4735,2
4737,2
4738,1
4741,1
4742,1
4744,2
4745,2
4746,3
4747,6
4748,5
4749,2
4750,2
4751,4
4752,4
4754,3
4755,3
4757,2
4758,1
4760,3
4761,4
4762,2
4763,5
4764,1
4765,2
4766,4
4767,3
4768,1
4770,1
4772,2
4773,2
4776,7
4777,2
4778,1
4779,2
4780,2
4781,3
4782,2
4785,4
4786,1
4787,3
4789,1
4790,2
4791,1
4792,4
4793,1
4794,1
4796,5
4797,1
4798,1
4801,1
4802,3
4803,1
4804,2
4805,3
4806,2
4808,1
4809,2
4811,1
4812,3
4814,5
4815,2
4816,3
4822,2
4824,2
4825,1
4827,1
4829,3
4830,1
4831,1
4832,2
4833,3
4834,1
4836,2
4837,2
4838,7
4839,3
4843,1
4844,2
4845,2
4846,2
4847,3
4849,1
4850,1
4851,1
4852,3
4853,2
4854,1
4856,1
4857,3
4858,2
4859,1
4860,4
4862,2
4863,2
4864,3
4865,1
4866,1
4868,6
4869,4
4872,2
4873,1
4874,2
4878,2
4880,1
4881,1
4882,2
4885,3
4886,4
4887,2
4889,3
4890,1
4891,3
4892,2
4893,1
4894,4
4895,2
4896,3
4898,1
4900,2
4901,2
4904,1
4905,1
4906,1
4907,2
4908,3
4910,2
4911,3
4912,2
4913,1
4914,2
4916,2
4917,2
4918,2
4920,3
4921,2
4922,1
4923,1
4924,2
4925,2
4926,2
4927,1
4928,2
4929,1
4931,1
4933,1
4934,1
4935,2
4936,1
4937,4
4940,2
4941,1
4942,5
4944,2
4946,1
4948,1
4950,2
4951,1
4952,1
4954,3
4955,1
4956,1
4958,2
4959,2
4960,1
4961,1
4963,1
4964,1
4966,1
4968,1
4970,2
4971,2
4973,1
4974,3
4975,1
4976,2
4977,2
4978,3
4979,1
4981,3
4982,3
4983,1
4984,4
4985,3
4986,2
4987,2
4988,1
4989,3
4990,1
4991,2
4992,1
4993,3
4994,1
4995,2
4996,1
4998,2
4999,4
5000,3
5001,3
5002,2
5003,1
5005,2
5006,1
5008,3
5009,3
5010,1
5011,3
5013,1
5014,1
5016,4
5017,1
5019,4
5020,2
5021,1
5022,1
5025,1
5026,1
5027,1
5028,1
5029,1
5030,3
5031,2
5033,2
5034,1
5035,3
5036,2
5037,1
5038,2
5039,2
5041,2
5044,3
5045,1
5046,1
5047,1
5048,3
5051,3
5052,1
5054,1
5056,1
5059,2
5063,2
5064,7
5065,3
5066,4
5067,1
5068,1
5069,1
5070,2
5071,1
5072,1
5073,1
5074,1
5076,1
5077,2
5078,1
5080,1
5082,3
5086,1
5087,2
5089,1
5090,2
5091,1
5092,1
5094,2
5096,2
5098,3
5099,1
5100,3
5101,2
5103,1
5104,1
5106,1
5107,2
5109,2
5110,1
5111,1
5113,1
5116,1
5117,2
5120,3
5121,1
5122,2
5123,1
5124,1
5127,1
5128,1
5129,2
5131,1
5132,3
5133,1
5134,2
5135,2
5138,3
5141,1
5142,1
5143,2
5144,1
5145,1
5148,1
5149,1
5150,3
5152,6
5153,1
5156,2
5157,1
5158,3
5159,1
5160,1
5161,1
5163,1
5164,3
5165,1
5166,2
5167,1
5168,1
5169,1
5172,1
5173,1
5174,1
5175,1
5176,2
5177,2
5178,2
5179,1
5181,4
5182,3
5183,4
5185,3
5187,1
5188,2
5189,3
5190,1
5191,1
5193,4
5194,1
5196,4
5197,2
5198,1
5199,4
5200,4
5201,1
5202,1
5203,3
5204,2
5205,2
5206,2
5207,1
5208,2
5209,1
5210,1
5211,3
5212,2
5213,1
5214,1
5215,3
5216,2
5218,1
5220,7
5222,2
5223,1
5228,1
5230,2
5233,3
5236,1
5237,2
5240,1
5241,1
5242,2
5243,4
5244,1
5247,3
5248,2
5249,1
5251,1
5252,1
5253,3
5254,1
5255,1
5258,1
5264,1
5265,1
5267,1
5268,2
5270,1
5271,1
5272,1
5275,3
5276,2
5277,1
5280,3
5281,3
5282,1
5283,3
5284,2
5285,2
5286,1
5289,2
5292,1
5293,1
5294,4
5295,1
5296,3
5298,2
5302,1
5303,1
5304,1
5306,1
5307,4
5308,4
5309,4
5311,1
5312,2
5313,2
5314,1
5315,1
5317,1
5318,2
5320,3
5321,1
5323,3
5324,1
5325,2
5328,1
5329,2
5330,1
5331,2
5333,1
5337,3
5338,1
5340,2
5342,2
5343,4
5347,1
5349,1
5350,2
5351,1
5352,1
5353,4
5354,2
5356,1
5357,2
5362,2
5363,1
5367,2
5369,1
5370,2
5372,2
5373,2
5375,2
5376,1
5379,3
5382,1
5383,4
5384,2
5387,2
5388,2
5389,1
5390,1
5391,1
5392,2
5393,1
5394,2
5397,1
5398,2
5400,4
5401,3
5402,2
5403,1
5406,1
5407,1
5410,1
5411,1
5414,1
5415,2
5416,3
5417,1
5418,1
5419,2
5421,2
5423,3
5424,2
5425,4
5426,2
5427,2
5428,1
5430,1
5431,1
5432,3
5433,2
5434,1
5435,2
5436,1
5437,2
5438,2
5439,2
5441,3
5442,2
5443,1
5444,2
5446,1
5448,1
5449,1
5450,3
5451,1
5453,2
5454,1
5456,4
5457,1
5459,2
5460,3
5462,1
5463,3
5464,4
5465,2
5469,1
5470,1
5471,1
5473,2
5474,1
5475,2
5476,1
5477,3
5479,1
5480,3
5481,1
5482,1
5483,1
5484,2
5485,2
5487,2
5488,1
5489,1
5490,1
5491,1
5492,1
5493,1
5494,1
5495,3
5497,2
5498,1
5502,1
5505,3
5507,1
5508,1
5509,2
5510,1
5514,1
5515,2
5517,3
5519,1
5520,1
5521,1
5522,2
5523,1
5524,1
5525,2
5526,1
5529,2
5531,1
5532,4
5533,1
5536,1
5538,2
5539,4
5541,2
5542,1
5544,2
5547,1
5549,2
5550,3
5551,1
5554,2
5556,2
5557,1
5558,1
5561,1
5562,2
5563,1
5564,3
5565,2
5566,3
5568,1
5569,3
5570,3
5572,2
5574,1
5575,1
5576,1
5577,1
5578,1
5580,1
5581,1
5584,2
5585,4
5586,1
5588,1
5589,3
5590,2
5591,2
5594,2
5596,1
5597,1
5600,1
5601,3
5603,2
5604,1
5605,1
5607,1
5609,1
5610,2
5611,1
5612,2
5614,1
5615,2
5616,2
5617,1
5618,1
5620,1
5621,3
5623,1
5625,2
5626,3
5628,2
5629,3
5633,1
5634,3
5636,1
5637,1
5638,3
5639,1
5642,2
5644,3
5646,1
5647,2
5648,1
5649,1
5651,1
5652,2
5656,2
5658,3
5661,2
5663,1
5664,3
5668,1
5669,3
5671,2
5673,1
5674,3
5675,2
5677,1
5678,4
5679,2
5680,2
5682,1
5685,4
5686,1
5687,1
5689,1
5691,2
5693,2
5695,1
5696,1
5697,2
5699,1
5700,1
5701,1
5703,1
5704,1
5705,1
5710,2
5711,1
5712,5
5713,3
5714,3
5716,1
5717,1
5718,1
5719,2
5720,1
5722,1
5724,4
5725,1
5726,1
5727,1
5728,2
5729,2
5730,3
5731,3
5736,3
5737,3
5738,1
5739,3
5740,1
5743,1
5745,1
5746,1
5747,2
5748,2
5749,1
5751,1
5752,2
5755,3
5757,3
5758,2
5760,1
5762,1
5763,1
5764,1
5765,1
5768,4
5771,2
5772,1
5773,1
5775,1
5776,1
5777,1
5779,2
5780,2
5784,4
5785,1
5790,2
5793,2
5795,1
5796,3
5799,1
5800,1
5801,1
5803,1
5804,1
5805,1
5806,2
5808,2
5809,1
5810,1
5812,1
5813,2
5815,1
5816,1
5818,1
5819,1
5821,2
5823,1
5824,3
5825,1
5826,1
5829,1
5830,2
5831,1
5834,1
5835,2
5837,1
5838,1
5841,1
5843,2
5844,2
5845,1
5847,2
5849,1
5850,3
5851,1
5856,1
5857,1
5858,1
5859,4
5861,3
5863,3
5864,1
5866,1
5867,4
5868,1
5870,2
5872,1
5875,1
5877,1
5878,1
5879,3
5880,1
5881,1
5883,1
5884,1
5886,2
5888,1
5889,3
5890,1
5891,2
5892,1
5893,2
5897,2
5898,1
5902,1
5903,2
5904,1
5906,1
5909,1
5912,2
5913,1
5918,1
5919,3
5920,1
5922,1
5923,1
5924,1
5926,1
5927,1
5928,2
5931,2
5934,1
5935,2
5938,1
5940,2
5946,1
5949,2
5952,3
5953,3
5954,1
5955,2
5956,1
5957,1
5958,1
5959,1
5961,1
5962,3
5964,1
5966,3
5968,3
5969,1
5970,1
5973,1
5974,1
5975,1
5977,1
5979,1
5983,1
5987,4
5989,2
5992,2
5993,3
5995,1
5996,1
5998,1
5999,3
6002,2
6005,2
6007,1
6008,1
6009,1
6011,1
6012,1
6013,6
6020,3
6025,1
6027,3
6028,1
6029,3
6031,1
6034,1
6035,2
6036,1
6037,1
6041,1
6042,2
6046,5
6047,4
6051,1
6052,1
6056,1
6058,3
6059,1
6060,2
6063,1
6068,1
6070,2
6071,1
6078,2
6079,1
6080,2
6081,3
6084,1
6085,1
6088,1
6089,1
6090,2
6095,1
6096,1
6097,2
6098,2
6100,3
6101,1
6102,2
6103,2
6104,1
6106,1
6107,1
6108,1
6109,1
6111,1
6115,1
6117,1
6119,2
6120,1
6121,2
6122,1
6123,2
6124,3
6127,1
6129,2
6130,2
6132,1
6133,2
6140,1
6141,1
6142,2
6143,1
6146,2
6148,1
6153,1
6154,1
6156,1
6159,1
6160,2
6164,2
6165,3
6167,2
6170,2
6171,2
6174,2
6175,1
6176,2
6177,1
6179,1
6180,2
6182,1
6183,1
6184,1
6185,1
6186,1
6187,1
6188,1
6192,1
6193,2
6197,2
6198,1
6199,1
6200,1
6203,1
6207,2
6208,1
6214,1
6215,3
6216,2
6220,1
6221,2
6222,2
6223,1
6225,1
6226,3
6227,1
6228,1
6235,1
6236,1
6238,2
6240,1
6241,1
6244,1
6245,1
6246,1
6247,1
6248,1
6249,2
6250,1
6254,2
6255,1
6256,1
6257,1
6258,1
6260,1
6262,1
6265,1
6269,1
6272,1
6273,2
6274,2
6277,1
6278,1
6280,3
6281,3
6283,1
6284,1
6285,2
6292,3
6295,1
6296,2
6297,2
6299,2
6303,1
6304,2
6305,2
6308,1
6309,1
6311,3
6314,1
6315,1
6316,2
6317,3
6318,1
6319,1
6320,1
6326,1
6329,1
6331,3
6332,3
6333,2
6334,2
6335,3
6336,1
6337,2
6338,2
6339,1
6341,1
6343,2
6345,3
6346,2
6353,2
6354,1
6355,1
6357,1
6358,1
6363,1
6370,1
6373,1
6374,1
6375,3
6377,1
6381,1
6382,1
6383,2
6384,2
6385,3
6389,1
6394,1
6395,1
6398,2
6400,1
6408,1
6413,4
6414,1
6415,1
6416,2
6418,1
6419,1
6421,1
6422,1
6423,5
6424,1
6426,2
6428,2
6429,1
6431,1
6434,1
6435,1
6440,1
6443,1
6445,1
6446,2
6447,1
6450,2
6453,1
6454,2
6455,2
6457,1
6460,2
6461,1
6463,1
6464,3
6468,1
6469,1
6471,1
6472,1
6473,1
6475,1
6477,2
6478,2
6479,2
6481,2
6482,1
6484,1
6485,2
6488,1
6490,1
6491,1
6492,2
6493,1
6494,1
6496,1
6499,1
6501,2
6504,1
6506,1
6509,1
6511,1
6515,2
6516,3
6517,2
6519,1
6520,1
6521,1
6522,1
6523,1
6525,1
6527,1
6528,1
6529,2
6531,1
6533,1
6536,1
6538,3
6539,2
6540,1
6541,1
6543,1
6545,1
6546,1
6547,1
6548,1
6551,1
6552,2
6553,1
6554,1
6556,2
6557,1
6558,1
6560,1
6561,1
6562,3
6563,2
6566,3
6567,1
6572,3
6576,2
6582,1
6583,1
6584,1
6585,1
6586,3
6587,1
6589,3
6590,1
6594,1
6595,1
6597,2
6598,1
6599,1
6603,2
6604,1
6605,2
6606,1
6609,1
6611,1
6616,2
6617,1
6618,2
6619,1
6620,1
6621,1
6622,1
6624,2
6625,1
6628,1
6629,2
6631,1
6633,1
6634,1
6635,2
6636,1
6637,1
6641,4
6643,1
6644,2
6649,2
6650,4
6652,2
6653,1
6657,5
6659,1
6663,2
6664,4
6667,2
6668,1
6671,1
6672,1
6675,1
6677,1
6679,1
6680,1
6681,3
6682,5
6684,1
6685,1
6686,2
6687,2
6689,1
6690,2
6692,1
6693,2
6694,1
6696,3
6697,1
6700,2
6702,1
6703,1
6706,2
6707,2
6708,7
6710,1
6714,1
6717,1
6720,2
6726,2
6728,2
6729,1
6731,1
6733,1
6736,1
6740,2
6741,3
6742,3
6744,2
6745,1
6747,3
6748,1
6752,2
6754,1
6756,1
6761,1
6762,1
6766,1
6768,1
6769,2
6772,1
6773,1
6774,1
6778,1
6779,1
6782,3
6784,1
6788,3
6789,1
6793,1
6796,1
6798,2
6800,1
6802,1
6803,2
6804,2
6806,2
6807,2
6808,2
6811,1
6812,1
6813,1
6815,1
6825,1
6826,1
6830,1
6832,1
6834,1
6835,1
6837,3
6838,2
6839,1
6840,2
6846,1
6847,1
6851,2
6852,1
6854,1
6855,1
6860,3
6861,1
6862,2
6864,1
6866,1
6872,2
6874,1
6879,1
6883,1
6885,3
6887,1
6888,1
6891,1
6893,1
6894,1
6899,1
6900,3
6901,3
6905,1
6907,4
6909,1
6911,1
6912,1
6916,2
6920,1
6921,1
6922,1
6928,2
6933,1
6934,1
6941,1
6947,1
6948,1
6951,1
6953,3
6954,1
6958,1
6962,1
6965,1
6967,1
6968,1
6969,2
6971,1
6973,1
6974,1
6977,1
6979,1
6980,1
6982,1
6985,1
6987,1
6989,2
6993,1
6994,2
6998,1
7001,1
7002,1
7004,2
7006,5
7008,1
7009,1
7010,1
7013,2
7014,2
7015,1
7016,1
7023,2
7027,1
7030,3
7031,1
7032,1
7034,1
7038,3
7042,1
7043,1
7044,1
7045,1
7046,3
7048,2
7050,1
7053,1
7054,1
7055,1
7060,1
7061,2
7063,1
7066,1
7067,1
7068,1
7072,2
7079,1
7080,1
7089,1
7091,1
7093,1
7097,2
7098,1
7099,1
7100,1
7101,4
7102,1
7104,2
7108,2
7113,2
7115,1
7118,4
7122,2
7124,1
7125,1
7127,1
7128,1
7129,1
7134,1
7137,2
7138,1
7141,2
7144,1
7149,1
7151,1
7152,2
7153,4
7156,1
7159,1
7162,2
7163,1
7165,1
7166,3
7171,3
7173,1
7174,1
7176,1
7177,1
7178,2
7182,1
7184,1
7190,1
7192,2
7195,1
7196,1
7200,1
7201,1
7202,3
7204,4
7205,2
7206,3
7207,3
7208,1
7209,2
7211,1
7212,3
7213,2
7214,3
7216,1
7218,2
7223,1
7229,1
7233,1
7234,1
7235,1
7236,3
7238,1
7240,2
7243,3
7244,1
7247,1
7249,1
7254,1
7260,1
7261,1
7262,1
7264,1
7266,1
7267,1
7270,1
7272,1
7273,1
7275,4
7278,1
7282,1
7284,2
7285,1
7286,1
7287,1
7293,2
7294,1
7295,1
7296,1
7299,2
7301,1
7304,1
7305,1
7308,2
7318,4
7322,1
7323,1
7324,2
7325,1
7326,1
7327,1
7330,1
7331,1
7338,1
7339,1
7341,1
7345,2
7347,2
7352,1
7354,1
7359,1
7365,1
7368,1
7374,1
7375,2
7377,1
7379,1
7383,1
7384,1
7387,1
7392,1
7396,1
7397,1
7401,1
7403,1
7404,1
7405,1
7407,1
7408,3
7413,2
7414,2
7416,2
7418,1
7422,3
7427,1
7429,1
7430,1
7431,1
7432,1
7435,3
7436,1
7440,1
7441,1
7443,3
7444,1
7446,1
7447,1
7449,2
7457,1
7461,2
7463,1
7464,1
7468,1
7470,1
7471,1
7476,3
7478,5
7481,1
7482,1
7483,1
7485,1
7487,1
7495,1
7496,1
7498,1
7500,1
7501,3
7504,1
7506,1
7509,1
7510,1
7511,1
7512,1
7514,1
7518,2
7521,2
7523,1
7524,1
7530,1
7532,1
7533,1
7534,1
7536,1
7539,1
7542,2
7543,2
7544,1
7552,1
7553,1
7555,1
7561,1
7571,1
7582,1
7584,1
7588,1
7589,1
7598,1
7600,1
7605,1
7610,1
7611,2
7612,1
7616,1
7618,3
7621,2
7622,4
7624,1
7635,1
7636,2
7642,2
7645,1
7650,3
7652,1
7653,4
7657,1
7658,1
7659,1
7662,1
7663,3
7665,1
7666,2
7668,1
7671,1
7680,3
7683,1
7684,2
7688,1
7690,2
7694,2
7695,1
7697,1
7698,1
7699,1
7700,2
7702,1
7704,1
7708,1
7713,2
7719,1
7721,1
7722,1
7724,3
7727,3
7732,1
7733,1
7734,1
7735,2
7737,1
7739,1
7740,2
7741,2
7742,1
7743,1
7746,1
7747,1
7748,2
7749,1
7751,2
7756,1
7757,1
7758,1
7760,2
7765,1
7772,1
7778,1
7785,1
7790,1
7795,1
7799,3
7800,2
7802,2
7807,1
7810,1
7811,1
7813,2
7815,1
7817,1
7819,2
7820,1
7824,1
7829,1
7833,1
7834,1
7838,1
7839,1
7841,1
7844,2
7854,2
7858,2
7859,1
7865,1
7872,1
7878,1
7880,1
7882,1
7884,1
7897,1
7898,1
7900,2
7901,1
7903,2
7904,1
7910,2
7911,1
7916,1
7919,1
7920,1
7923,1
7925,1
7926,2
7932,1
7933,2
7935,1
7936,1
7937,4
7939,5
7940,2
7945,2
7947,2
7948,2
7949,1
7952,1
7954,1
7956,2
7963,1
7965,1
7966,2
7969,1
7970,1
7973,1
7977,1
7978,1
7984,1
7987,1
7996,3
7998,1
8000,1
8001,1
8003,1
8004,1
8006,1
8007,1
8009,1
8012,1
8016,1
8021,2
8024,2
8030,1
8031,4
8034,1
8036,1
8037,1
8045,1
8046,3
8048,1
8049,3
8050,2
8053,1
8055,2
8058,1
8061,1
8064,2
8065,1
8068,1
8069,1
8070,1
8075,1
8076,2
8078,3
8079,3
8081,2
8082,1
8085,1
8086,1
8088,1
8089,2
8091,1
8093,2
8094,3
8095,2
8097,1
8100,2
8101,1
8102,2
8103,1
8104,1
8107,1
8112,1
8113,3
8114,2
8115,1
8116,2
8121,1
8123,2
8124,1
8125,1
8126,3
8127,1
8128,1
8129,1
8130,1
8132,1
8136,1
8137,1
8138,2
8141,1
8142,2
8143,2
8145,5
8149,1
8150,1
8152,1
8157,1
8158,2
8161,2
8170,1
8171,1
8172,1
8174,2
8176,1
8178,1
8184,2
8185,1
8186,1
8187,1
8189,1
8190,1
8191,1
8192,2
8194,1
8195,2
8197,1
8200,1
8201,1
8203,1
8207,1
8211,1
8213,2
8214,1
8216,2
8217,2
8218,1
8223,1
8224,1
8228,1
8229,1
8230,1
8233,1
8235,5
8236,1
8238,1
8240,1
8248,2
8255,3
8256,1
8258,2
8263,1
8265,3
8268,1
8270,1
8279,1
8280,1
8283,1
8288,2
8291,1
8294,1
8297,1
8305,2
8307,1
8308,1
8309,2
8317,2
8318,1
8322,1
8324,4
8325,2
8329,2
8330,4
8332,1
8333,1
8334,1
8337,5
8338,4
8339,2
8341,1
8343,1
8344,3
8350,2
8351,1
8353,1
8355,1
8357,1
8360,1
8373,1
8374,2
8376,2
8378,1
8379,1
8380,1
8384,1
8385,1
8386,1
8388,1
8389,1
8398,1
8406,1
8411,1
8413,1
8414,1
8417,1
8418,1
8419,1
8421,2
8423,1
8425,2
8427,1
8430,1
8433,1
8435,2
8436,1
8439,1
8440,1
8442,2
8444,1
8447,2
8448,1
8449,1
8450,1
8451,2
8455,1
8456,1
8465,1
8470,2
8473,1
8474,1
8477,1
8484,2
8485,3
8493,1
8497,1
8499,1
8501,1
8506,1
8509,1
8510,2
8515,1
8516,1
8522,2
8523,3
8527,1
8534,2
8536,1
8539,1
8540,1
8545,2
8549,1
8553,1
8555,1
8556,1
8561,1
8562,2
8566,1
8567,1
8568,3
8569,2
8573,1
8574,1
8578,1
8583,1
8584,3
8586,1
8587,2
8591,1
8593,2
8597,2
8599,1
8600,1
8603,2
8605,1
8607,1
8610,1
8612,1
8613,2
8618,1
8620,1
8622,2
8626,1
8631,1
8633,1
8634,3
8636,4
8638,1
8639,1
8640,1
8652,1
8655,1
8661,1
8663,1
8666,1
8668,1
8671,1
8675,1
8682,1
8684,2
8686,2
8695,1
8700,1
8701,1
8702,1
8703,1
8706,2
8710,1
8713,2
8714,1
8716,1
8720,1
8723,1
8729,1
8731,1
8732,1
8733,2
8734,1
8736,1
8738,1
8739,1
8742,1
8748,1
8749,2
8750,1
8754,1
8764,1
8766,1
8769,2
8770,1
8771,2
8774,1
8775,1
8776,1
8778,2
8779,3
8781,1
8782,1
8783,2
8789,1
8790,1
8791,1
8792,1
8793,1
8794,1
8797,1
8798,1
8802,1
8807,1
8814,2
8815,3
8831,2
8834,2
8835,1
8837,1
8840,1
8843,1
8852,2
8856,1
8857,2
8859,1
8860,1
8862,1
8863,2
8867,1
8868,1
8872,1
8873,2
8878,1
8880,1
8883,1
8884,1
8886,1
8889,1
8891,1
8894,1
8895,2
8898,1
8899,1
8904,2
8905,1
8907,1
8909,1
8911,1
8912,1
8917,2
8918,1
8928,2
8929,1
8930,3
8933,2
8934,1
8935,2
8937,1
8938,1
8944,1
8946,1
8949,2
8951,1
8952,1
8957,2
8960,1
8961,1
8962,1
8963,1
8965,1
8969,1
8970,1
8972,1
8977,2
8981,1
8985,1
8986,1
8987,1
8990,1
8991,1
8994,1
8998,1
8999,1
9000,1
9002,2
9003,2
9006,2
9007,1
9011,2
9017,1
9023,1
9026,1
9028,1
9029,1
9030,2
9035,1
9036,3
9037,1
9038,2
9039,1
9040,1
9045,2
9046,2
9059,1
9061,3
9072,1
9077,1
9078,1
9083,2
9084,4
9085,1
9088,1
9090,1
9091,1
9093,1
9094,2
9096,1
9097,1
9099,3
9100,1
9103,1
9104,1
9109,1
9119,1
9122,1
9123,3
9128,1
9132,1
9135,2
9136,1
9139,1
9141,1
9142,1
9148,1
9150,2
9154,1
9155,1
9158,1
9160,1
9161,1
9162,1
9163,1
9164,1
9166,1
9169,1
9172,1
9175,6
9176,1
9177,1
9178,3
9184,1
9186,2
9189,2
9191,1
9194,1
9197,2
9199,2
9200,2
9202,1
9207,1
9208,2
9218,1
9220,1
9222,1
9224,1
9227,1
9228,1
9230,1
9231,2
9232,1
9233,2
9234,1
9236,3
9237,1
9240,1
9241,1
9242,1
9246,1
9251,1
9257,2
9264,1
9266,1
9268,1
9269,2
9270,2
9283,1
9284,1
9285,1
9290,1
9300,1
9301,1
9302,1
9303,1
9305,2
9308,1
9310,2
9314,1
9316,1
9320,1
9326,1
9328,1
9330,1
9331,2
9341,2
9350,1
9355,1
9357,2
9360,3
9364,1
9366,1
9367,2
9371,3
9375,1
9376,1
9377,1
9378,2
9380,1
9382,1
9385,1
9386,1
9387,1
9392,1
9393,1
9394,1
9398,1
9399,3
9400,1
9402,1
9403,1
9410,1
9411,1
9412,1
9414,1
9418,1
9420,1
9421,1
9432,1
9436,1
9437,1
9439,2
9444,1
9449,1
9457,1
9465,1
9468,1
9470,1
9474,1
9478,2
9480,1
9481,2
9487,1
9489,1
9494,1
9503,2
9506,1
9512,2
9513,1
9514,1
9515,1
9517,2
9521,1
9524,1
9525,1
9527,1
9528,2
9529,1
9532,2
9546,1
9550,1
9556,2
9557,1
9558,1
9560,1
9563,1
9566,3
9567,1
9570,1
9575,1
9576,1
9577,2
9581,1
9582,1
9587,1
9588,1
9591,1
9592,3
9593,1
9594,1
9598,3
9616,2
9617,1
9621,1
9622,1
9626,1
9627,1
9632,1
9633,2
9635,2
9639,1
9641,1
9643,5
9645,1
9647,1
9653,1
9659,1
9660,1
9662,1
9663,1
9668,1
9670,1
9671,1
9672,1
9674,1
9676,2
9682,1
9688,2
9692,1
9696,1
9699,1
9700,1
9704,1
9708,1
9715,1
9731,1
9732,1
9733,1
9740,1
9744,1
9747,1
9749,1
9753,1
9755,1
9757,1
9764,2
9766,2
9767,1
9771,1
9772,1
9773,1
9774,1
9777,1
9781,1
9782,1
9786,1
9790,2
9792,3
9796,1
9800,1
9802,1
9804,1
9808,2
9816,1
9825,1
9828,1
9834,2
9835,3
9837,1
9839,1
9843,2
9846,1
9850,1
9859,1
9861,3
9868,3
9870,1
9876,1
9879,1
9883,1
9884,1
9889,5
9892,1
9897,1
9898,1
9899,2
9900,3
9901,2
9902,1
9903,1
9906,1
9907,1
9908,1
9910,1
9914,1
9916,1
9918,1
9924,1
9926,1
9929,2
9934,1
9935,1
9940,1
9945,2
9947,1
9951,1
9961,1
9963,1
9966,1
9970,1
9971,1
9973,1
9975,1
9980,1
9985,1
9995,1
10001,3
10007,1
10018,2
10020,1
10021,1
10022,1
10024,1
10029,1
10030,1
10032,1
10033,1
10035,2
10037,1
10040,1
10041,1
10045,1
10046,1
10049,2
10050,1
10052,1
10056,2
10061,1
10065,1
10067,1
10068,1
10070,1
10073,1
10079,1
10082,2
10083,1
10085,1
10101,1
10102,1
10108,1
10110,1
10112,2
10113,1
10115,1
10128,1
10130,3
10134,1
10136,1
10142,1
10145,1
10147,1
10149,1
10150,1
10151,1
10152,1
10158,1
10160,1
10164,1
10167,2
10168,1
10170,1
10176,1
10177,2
10185,1
10189,2
10190,1
10191,1
10194,1
10200,1
10201,1
10213,1
10220,1
10221,1
10222,1
10224,1
10225,1
10231,1
10239,1
10241,2
10246,1
10254,1
10257,1
10260,1
10263,1
10264,1
10270,1
10272,3
10279,1
10283,1
10290,2
10293,1
10294,1
10296,1
10302,1
10304,2
10309,1
10313,1
10315,1
10320,1
10322,2
10323,2
10324,1
10327,3
10330,1
10332,1
10333,1
10335,3
10337,2
10338,1
10342,1
10348,1
10352,1
10357,1
10362,1
10368,1
10369,1
10371,1
10374,2
10378,2
10380,2
10381,1
10382,2
10389,1
10393,1
10394,1
10395,1
10397,1
10401,2
10405,1
10406,1
10409,1
10410,1
10411,1
10413,1
10414,2
10417,1
10418,1
10421,1
10422,1
10423,2
10425,2
10434,1
10442,1
10443,1
10445,2
10446,1
10447,1
10449,1
10450,1
10452,1
10456,2
10457,1
10466,1
10469,1
10471,1
10474,1
10475,2
10482,1
10484,1
10485,1
10488,1
10492,1
10497,1
10511,2
10513,1
10515,1
10518,2
10520,1
10524,2
10525,1
10530,1
10531,1
10536,1
10537,1
10538,2
10540,1
10545,2
10550,1
10552,2
10553,1
10554,1
10559,1
10562,1
10563,1
10565,1
10566,1
10567,1
10574,1
10577,1
10586,3
10588,1
10591,1
10592,1
10594,1
10595,2
10596,3
10598,1
10599,2
10600,1
10601,1
10608,2
10609,2
10611,2
10612,1
10615,1
10617,1
10621,1
10632,2
10633,1
10635,1
10643,2
10648,2
10650,1
10668,2
10669,1
10671,4
10673,1
10678,1
10688,1
10689,1
10692,1
10696,1
10698,1
10703,1
10704,1
10707,1
10713,1
10716,1
10717,1
10725,1
10726,1
10729,1
10732,1
10735,2
10738,1
10763,1
10766,1
10778,2
10779,1
10780,1
10782,1
10785,1
10786,1
10789,1
10793,1
10794,1
10798,1
10800,1
10803,1
10809,1
10820,1
10830,1
10831,1
10832,1
10834,1
10838,1
10847,1
10848,2
10851,1
10861,3
10866,1
10867,1
10870,1
10871,1
10874,2
10879,1
10883,1
10887,1
10892,1
10893,1
10895,2
10902,1
10906,1
10907,1
10908,1
10915,1
10916,1
10917,3
10918,1
10919,1
10921,1
10924,1
10929,1
10930,1
10940,1
10943,1
10944,1
10946,1
10951,1
10954,1
10956,2
10958,1
10963,1
10967,1
10968,1
10974,1
10976,1
10982,2
10984,3
10986,2
10991,1
11000,1
11002,1
11006,1
11007,1
11011,1
11012,1
11015,1
11017,1
11018,1
11019,1
11026,1
11027,1
11031,1
11033,1
11034,2
11040,1
11041,1
11043,1
11052,1
11054,1
11057,2
11062,1
11064,1
11065,1
11070,1
11071,1
11080,1
11085,2
11089,2
11100,2
11106,1
11112,1
11127,1
11130,1
11137,2
11139,1
11151,1
11156,1
11157,2
11158,2
11160,1
11161,2
11173,1
11174,1
11178,1
11183,2
11184,1
11188,1
11189,1
11194,2
11195,1
11201,1
11204,1
11208,1
11213,1
11214,2
11216,1
11220,1
11222,1
11225,1
11227,2
11239,1
11240,1
11242,1
11245,1
11246,1
11249,2
11256,2
11262,1
11268,1
11271,1
11273,1
11278,4
11284,2
11286,1
11289,1
11290,1
11292,1
11297,1
11298,3
11300,2
11308,1
11315,1
11322,2
11328,1
11333,1
11334,1
11336,1
11340,2
11341,1
11344,1
11347,2
11353,1
11371,1
11372,1
11374,1
11375,2
11389,1
11404,1
11405,2
11411,1
11413,1
11418,1
11420,1
11421,1
11428,1
11432,1
11434,1
11435,1
11436,1
11437,1
11438,1
11447,1
11448,1
11450,2
11457,1
11459,1
11460,1
11463,5
11464,1
11468,1
11472,1
11474,1
11478,2
11479,1
11480,3
11481,1
11483,1
11485,1
11486,1
11488,1
11489,1
11495,1
11496,2
11501,1
11502,1
11505,1
11509,1
11519,1
11520,1
11521,1
11523,1
11531,1
11536,1
11539,3
11548,1
11550,1
11554,3
11555,1
11556,1
11557,1
11559,1
11562,1
11567,1
11569,1
11572,1
11582,1
11584,1
11592,1
11594,1
11595,1
11600,2
11604,1
11608,1
11614,1
11616,1
11632,1
11634,1
11639,1
11643,3
11644,1
11645,1
11651,1
11652,1
11654,1
11656,2
11657,1
11661,2
11678,1
11679,1
11680,1
11683,1
11702,2
11704,1
11707,1
11711,1
11715,1
11722,1
11726,2
11727,1
11728,1
11732,1
11742,1
11746,1
11752,6
11753,1
11759,1
11761,1
11763,1
11770,1
11773,2
11774,1
11775,1
11784,1
11791,1
11804,1
11805,1
11808,1
11814,1
11815,1
11819,1
11832,1
11835,1
11848,1
11852,1
11854,1
11860,2
11870,1
11871,1
11875,1
11880,1
11883,2
11901,1
11905,1
11908,1
11916,1
11917,1
11922,1
11923,1
11926,1
11931,1
11942,1
11958,1
11960,1
11962,1
11963,1
11970,1
11974,1
11985,1
11987,1
11989,4
11993,2
11996,1
11998,1
12002,1
12010,1
12022,1
12025,2
12031,1
12032,1
12049,1
12059,1
12063,1
12065,1
12067,2
12081,1
12092,1
12094,2
12096,1
12128,1
12137,2
12138,1
12139,2
12140,1
12146,1
12148,3
12155,1
12170,1
12173,1
12175,1
12186,1
12190,4
12191,1
12197,1
12199,1
12200,1
12203,1
12204,2
12205,1
12206,1
12208,1
12209,1
12214,1
12216,2
12220,1
12221,2
12233,1
12236,3
12238,1
12239,2
12245,1
12272,1
12274,1
12286,1
12290,1
12292,1
12296,1
12300,1
12306,1
12308,1
12321,1
12326,1
12334,1
12335,1
12336,1
12341,1
12344,1
12348,1
12349,1
12353,1
12354,1
12357,1
12360,1
12361,1
12363,1
12364,1
12379,1
12380,1
12392,1
12407,1
12412,2
12413,1
12414,1
12416,4
12417,1
12420,1
12421,1
12422,1
12425,1
12426,1
12427,1
12428,1
12430,1
12432,1
12436,1
12438,1
12445,1
12446,3
12448,1
12449,1
12450,2
12471,1
12479,1
12484,1
12492,1
12501,3
12505,1
12506,2
12507,2
12518,1
12519,1
12525,2
12527,1
12531,1
12536,1
12540,1
12541,1
12542,1
12550,1
12551,1
12565,1
12568,1
12591,1
12594,1
12595,1
12603,1
12607,1
12630,1
12632,1
12633,1
12634,1
12638,1
12646,1
12650,1
12653,1
12655,1
12657,1
12658,2
12659,1
12680,1
12686,1
12694,1
12696,1
12699,1
12703,1
12707,1
12708,1
12712,2
12733,1
12735,1
12737,1
12747,1
12753,1
12776,1
12782,1
12785,1
12797,1
12799,1
12800,1
12809,1
12826,1
12834,1
12844,1
12847,1
12850,1
12851,1
12870,1
12894,1
12907,1
12926,1
12929,1
12930,1
12933,1
12937,1
12938,2
12943,1
12945,1
12946,1
12949,1
12955,1
12957,1
12973,1
12974,1
12978,1
12992,1
12993,1
13002,1
13014,1
13016,1
13017,1
13033,3
13035,2
13038,3
13043,1
13079,1
13093,1
13098,1
13101,2
13117,1
13125,1
13127,1
13132,1
13134,1
13135,1
13136,1
13138,1
13144,2
13146,1
13147,1
13153,1
13162,1
13165,1
13172,1
13179,1
13180,1
13187,1
13189,2
13191,2
13195,2
13196,1
13200,1
13207,2
13216,2
13217,1
13222,1
13233,1
13256,1
13260,1
13261,1
13264,1
13266,1
13308,1
13312,1
13313,2
13316,1
13322,1
13335,1
13338,2
13339,1
13347,1
13358,1
13363,1
13364,1
13370,1
13379,1
13383,2
13392,1
13402,1
13408,1
13413,1
13426,1
13448,1
13455,1
13469,1
13475,1
13476,1
13501,1
13511,1
13514,1
13545,1
13549,1
13567,1
13579,1
13586,1
13590,1
13605,1
13610,1
13611,1
13628,1
13642,1
13659,1
13662,1
13689,1
13691,1
13693,2
13694,1
13696,1
13707,3
13742,1
13745,2
13748,1
13758,1
13762,1
13764,1
13765,1
13794,2
13813,1
13825,2
13826,1
13827,1
13840,1
13841,1
13846,1
13849,1
13851,1
13856,1
13857,1
13876,1
13880,1
13886,1
13896,1
13900,1
13904,1
13919,1
13970,1
13978,1
13986,1
14001,1
14005,1
14021,1
14023,1
14024,1
14027,2
14033,2
14038,1
14041,1
14055,1
14058,1
14059,1
14067,1
14084,1
14089,1
14097,1
14100,1
14106,2
14118,1
14119,1
14125,1
14132,1
14141,1
14144,1
14148,1
14156,1
14174,1
14182,1
14189,1
14208,1
14216,1
14239,1
14246,1
14248,1
14249,1
14276,1
14308,1
14318,1
14322,1
14381,1
14390,1
14393,1
14412,1
14419,2
14428,1
14432,1
14439,1
14441,1
14453,1
14466,1
14475,1
14483,1
14491,2
14496,1
14497,1
14505,1
14512,1
14525,1
14538,1
14541,1
14605,1
14617,1
14632,1
14663,1
14675,1
14734,1
14789,1
14830,1
14861,1
14864,1
14868,1
14873,1
14885,1
14890,1
14892,1
14900,1
14928,2
14931,1
14941,1
14975,1
14980,1
15004,1
15017,1
15056,1
15088,1
15095,1
15096,1
15102,2
15155,2
15182,1
15187,1
15189,1
15236,1
15256,1
15264,1
15272,1
15299,1
15305,1
15338,3
15339,2
15340,1
15362,2
15373,1
15386,1
15393,4
15398,2
15400,4
15401,1
15404,1
15410,1
15423,1
15432,1
15440,1
15452,1
15455,2
15466,1
15481,1
15490,1
15498,1
15500,1
15502,1
15512,1
15513,1
15519,2
15523,1
15538,1
15549,1
15556,2
15571,1
15605,1
15607,2
15612,1
15620,1
15629,1
15679,1
15717,1
15726,1
15768,1
15797,1
15801,1
15814,1
15821,1
15842,1
15851,3
15853,2
15863,1
15866,2
15869,1
15873,1
15876,1
15878,1
15879,1
15885,2
15893,3
15906,1
15912,1
15919,1
15942,1
15943,2
15951,1
15958,1
16054,1
16066,1
16088,1
16093,1
16104,2
16112,2
16118,1
16121,1
16133,1
16134,1
16138,1
16173,1
16182,1
16194,1
16236,1
16280,1
16283,1
16288,1
16298,1
16303,1
16306,2
16308,1
16310,1
16315,1
16316,1
16349,1
16359,1
16364,1
16369,1
16385,1
16390,1
16400,1
16465,1
16475,1
16485,4
16486,2
16505,1
16506,2
16514,1
16521,1
16522,1
16523,1
16526,2
16575,1
16577,1
16581,1
16590,1
16604,3
16610,1
16640,1
16647,1
16654,1
16659,1
16660,2
16673,2
16696,1
16703,1
16709,1
16749,1
16837,1
16849,1
16906,1
16928,1
16929,1
16968,1
16981,1
16996,1
17001,1
17008,1
17021,1
17031,2
17035,1
17056,1
17084,1
17092,1
17100,1
17120,1
17177,1
17191,1
17238,1
17263,1
17291,1
17295,1
17325,1
17379,1
17430,1
17440,1
17453,1
17484,1
17486,1
17507,1
17569,1
17578,1
17616,2
17631,1
17637,1
17643,3
17662,1
17677,1
17682,1
17686,2
17697,1
17699,1
17712,1
17717,1
17719,1
17720,1
17721,2
17722,1
17725,1
17763,1
17792,1
17793,1
17799,1
17807,1
17808,2
17813,1
17814,1
17815,1
17819,1
17836,1
17851,1
17871,1
17903,1
17913,1
17925,1
17968,1
17970,1
17990,1
17996,1
17999,2
18004,1
18017,1
18049,1
18061,1
18072,1
18074,1
18107,1
18138,1
18157,1
18171,1
18175,1
18177,1
18222,2
18251,1
18272,1
18330,1
18362,1
18390,1
18417,1
18420,1
18421,1
18437,1
18442,1
18447,2
18449,1
18456,1
18462,1
18502,1
18512,1
18518,1
18569,1
18581,1
18589,1
18618,1
18666,2
18675,1
18682,1
18687,1
18701,2
18724,1
18755,1
18816,1
18822,1
18826,2
18852,1
18879,1
18881,1
18894,1
18895,1
18933,1
18956,1
19037,1
19082,2
19091,1
19111,1
19131,1
19136,1
19144,3
19182,2
19184,1
19214,1
19220,2
19229,1
19240,1
19257,1
19277,1
19279,1
19283,1
19302,2
19308,1
19319,1
19325,1
19335,1
19343,1
19347,1
19348,1
19404,1
19420,1
19442,1
19470,1
19481,3
19524,2
19528,1
19530,1
19531,1
19535,1
19536,1
19546,1
19597,1
19639,1
19640,2
19642,1
19657,1
19661,1
19666,1
19667,1
19681,1
19708,1
19729,1
19750,1
19751,1
19752,1
19756,1
19773,1
19781,1
19783,1
19802,1
19804,2
19809,1
19829,1
19846,1
19850,1
19863,1
19874,1
19885,1
19892,1
19923,1
19988,1
19995,1
20004,1
20013,1
20044,1
20053,1
20122,1
20126,1
20127,1
20146,1
20171,1
20178,1
20205,1
20209,1
20239,1
20255,1
20268,1
20365,1
20382,1
20386,1
20396,1
20447,1
20448,1
20484,1
20494,1
20510,1
20536,3
20549,1
20553,1
20561,2
20573,1
20590,1
20599,1
20611,1
20617,1
20627,3
20628,1
20649,1
20700,2
20709,1
20788,1
20816,1
20824,1
20933,1
20935,1
20942,1
20958,1
20975,1
20985,1
20992,2
20995,1
20996,1
20998,1
21014,1
21016,1
21019,2
21038,1
21041,1
21046,1
21102,2
21125,1
21126,1
21128,1
21134,1
21140,1
21229,1
21385,1
21390,1
21458,1
21468,1
21476,1
21479,1
21481,1
21495,2
21498,1
21508,1
21526,1
21527,1
21545,1
21553,1
21584,1
21587,1
21594,1
21621,1
21644,1
21646,3
21652,1
21663,1
21696,1
21701,1
21706,1
21711,1
21728,1
21768,1
21856,1
21897,2
21924,1
21989,1
22000,1
22105,1
22121,1
22125,1
22158,1
22172,1
22184,1
22313,1
22326,1
22333,1
22336,1
22352,1
22388,2
22464,1
22499,1
22562,1
22575,1
22604,1
22618,1
22629,2
22632,1
22663,1
22674,1
22683,1
22684,1
22751,1
22760,1
22905,1
22923,2
22951,1
22960,1
22973,1
22994,1
23182,1
23193,1
23196,2
23198,2
23199,1
23200,5
23201,1
23216,2
23239,1
23263,1
23274,1
23293,2
23305,1
23311,1
23314,1
23332,2
23343,1
23369,1
23373,1
23376,1
23388,1
23396,2
23422,1
23470,1
23532,1
23633,1
23636,2
23656,1
23662,1
23750,1
23820,1
23826,3
23918,1
23977,1
24006,1
24128,1
24136,1
24158,1
24188,1
24190,1
24237,1
24246,1
24304,1
24319,1
24381,1
24460,1
24565,1
24570,1
24701,2
24731,1
24733,1
24736,1
24772,1
24784,1
24803,1
24811,1
24965,1
24981,1
24986,1
25000,1
25019,1
25053,1
25066,1
25101,1
25114,1
25115,2
25119,1
25139,1
25179,1
25186,1
25212,1
25321,1
25347,1
25393,1
25401,2
25412,1
25419,1
25431,1
25502,3
25503,1
25527,1
25549,1
25603,1
25605,1
25661,2
25714,1
25722,1
25733,1
25735,1
25736,1
25771,1
25795,1
25864,1
25958,1
26055,1
26078,1
26114,1
26117,1
26191,1
26291,1
26306,1
26308,1
26332,1
26436,1
26444,1
26515,1
26569,1
26605,1
26664,1
26702,1
26707,2
26734,1
26780,1
26790,1
26848,1
26880,2
26894,1
26933,1
26947,1
26949,1
27012,1
27018,1
27019,1
27042,1
27072,1
27082,1
27092,1
27101,2
27103,1
27108,1
27190,1
27230,1
27408,1
27431,1
27432,1
27441,1
27442,1
27467,1
27469,1
27470,1
27487,1
27538,1
27548,1
27562,1
27623,1
27624,1
27629,1
27655,1
27657,1
27692,1
27761,1
27917,1
27996,1
28014,1
28104,1
28189,1
28368,1
28400,1
28425,1
28457,1
28575,1
28610,1
28758,1
28839,1
28866,1
28890,1
28901,4
28902,2
28903,2
28904,5
28906,2
28908,3
28916,1
28921,4
28923,3
28925,3
28933,1
28952,1
28965,2
28968,1
28969,1
28972,1
28982,1
28995,1
29004,1
29293,1
29403,1
29489,1
29510,1
29519,1
29532,1
29533,1
29534,1
29538,1
29539,5
29540,1
29541,4
29543,2
29544,1
29553,5
29566,1
29567,3
29568,8
29570,1
29571,4
29573,3
29574,7
29575,3
29576,8
29577,4
29578,2
29579,1
29580,1
29585,2
29586,2
29590,1
29597,1
29599,2
29600,1
29601,2
29602,6
29604,3
29606,1
29611,1
29612,2
29628,2
29658,1
29669,2
29700,1
29701,1
29702,1
29703,3
29706,2
29708,1
29812,1
29901,1
29919,2
29930,1
29976,6
29979,2
29980,1
29996,1
30003,1
30134,1
30135,1
30137,1
30150,1
30171,1
30175,1
30176,4
30177,1
30336,5
30338,2
30342,1
30343,1
30344,1
30360,1
30373,1
30384,1
30393,1
30401,1
30406,3
30417,1
30419,1
30420,1
30433,1
30434,1
30452,1
30485,1
30545,1
30547,1
30555,1
30564,1
30568,1
30569,5
30572,1
30573,2
30632,1
30649,1
30683,2
30711,1
30734,1
30735,2
30744,2
30747,3
30770,1
30775,1
30776,1
30787,1
30794,3
30797,1
30804,1
30810,1
30811,1
30814,1
30828,1
30838,3
30839,2
30844,2
30861,1
30867,1
30895,1
30896,1
30900,2
30907,1
30909,1
30959,3
30968,4
31005,3
31009,1
31016,8
31017,1
31024,2
31026,4
31031,3
31032,1
31041,1
31068,1
31078,3
31079,1
31083,2
31084,4
31087,3
31089,1
31092,3
31100,1
31122,1
31190,1
31195,1
31238,1
31249,1
31254,1
31259,1
31266,2
31279,1
31293,1
31303,1
31356,1
31361,1
31367,1
31369,1
31378,1
31385,1
31389,1
31404,1
31407,2
31414,1
31444,1
31445,1
31450,2
31454,2
31455,1
31622,1
31741,1
31803,1
31914,1
31964,1
32010,1
32055,1
32058,2
32060,1
32116,1
32157,1
32170,1
32247,1
32333,1
32359,1
32370,2
32514,1
32604,1
32674,1
32675,1
32676,1
32779,1
33038,1
33186,1
33418,1
33572,1
33598,1
33599,1
33657,1
33712,1
33713,1
33721,1
33759,1
33803,1
33824,1
33866,1
33934,1
33965,1
33973,1
34059,1
34168,1
34343,1
34349,1
34406,1
34548,1
34643,1
34756,1
34800,1
35042,1
35127,1
35130,1
35419,1
35423,1
35914,1
36211,2
36312,1
36607,1
36719,1
36793,1
36827,1
36829,1
36831,1
36832,1
36835,1
36851,1
36880,1
36913,1
36922,1
36951,1
37008,1
37072,1
37135,1
37170,1
37301,1
37473,1
37542,1
37574,1
37578,1
37655,1
37718,1
37720,1
37949,1
38077,1
38080,1
38081,1
38092,1
38093,1
38109,1
38136,1
38217,1
38220,1
38335,1
38445,1
38666,1
38747,1
39253,1
39347,1
39507,1
39689,1
39690,1
39722,1
39723,1
39731,1
39732,5
39738,1
39744,1
39745,1
39749,2
39750,5
39751,3
39832,1
39877,2
39879,1
39985,1
40048,1
40049,1
40056,2
40057,1
40063,2
40154,1
40157,1
40221,1
40223,1
40233,1
40241,2
40383,1
40390,1
40395,3
40403,1
40407,1
40408,2
40409,1
40424,1
40425,2
40428,1
40430,2
40431,1
40436,1
40448,3
40479,1
40481,1
40565,2
40568,1
40579,1
40580,1
40585,1
40589,1
40594,2
40595,5
40608,1
40612,2
40622,1
40624,1
40627,1
40639,1
40652,1
40656,2
40660,3
40661,1
40667,1
40675,2
40676,1
40687,1
40703,1
40767,1
40776,1
40958,2
40969,1
40993,3
40994,2
41017,1
41023,1
41039,1
41056,1
41059,1
41065,1
41081,1
41088,1
41096,2
41159,1
41170,1
41349,1
41353,1
41502,1
41510,1
41544,1
41666,1
41667,1
41847,1
42228,1
42231,2
42232,1
42237,1
42303,1
42336,1
42378,1
42611,1
42612,1
43152,1
43161,1
43534,1
43541,1
43683,1
43690,1
43723,1
43727,1
43741,1
43750,1
43751,1
43753,1
43764,1
43833,1
43894,1
43897,1
43917,1
43922,1
43937,1
44134,1
44159,1
44423,1
44482,1
44519,1
44889,1
45074,1
45090,1
45274,1
45390,1
45537,2
45735,1
45769,1
45902,1
46574,1
46759,1
46863,1
47611,1
47782,1
48153,1
50006,1
51735,1
51869,1
51874,1
51961,1
52146,1
52275,2
52395,1
52790,1
52942,1
53003,1
53172,1
54448,1
54483,1
54570,1
54577,1
54827,1
56110,1
57054,1
57136,1
57780,1
58585,1
59159,1
59181,1
59791,1
59869,1
59892,1
59934,1
59940,1
59955,1
60097,1
60098,1
60104,1
60685,1
60692,1
60702,1
60754,2
60755,1
61170,1
61494,1
61534,1
61607,1
62082,1
62572,1
62833,1
62929,1
63508,1
63533,1
64106,1
64275,1
64518,1
64563,1
65204,1
65348,1
65612,1
66104,1
66376,1
66458,1
66950,1
66955,2
66957,1
66959,1
66976,1
67056,1
67495,1
67614,1
67742,1
68055,1
68164,1
68187,1
68434,1
69098,1
69107,1
69196,1
69220,1
69301,1
69843,1
69880,1
70286,2
70378,1
71348,1
71432,1
71633,1
71741,1
71787,1
71804,1
71806,1
71861,1
71926,1
72094,1
72160,1
72163,1
72227,1
72262,1
72458,1
72542,1
72629,1
74204,1
74280,1
75197,1
75338,1
75484,2
75987,1
75989,1
75996,1
76064,1
76163,1
76167,1
76199,1
78400,2
78402,2
78723,1
78993,2
80230,1
82166,2
82167,3
82291,1
86139,1
86749,1
88124,1
88126,1
91915,1
98364,1
98369,1
100513,1
104196,1
105512,1
105649,1
106524,1
108576,1
113782,1
116171,1
116188,1
116225,1
121670,1
125324,1
125355,1
126288,1
126292,1
126296,1
126303,1
153993,1
156515,1
163108,1
178402,1
206857,1
209149,1
213084,1
216648,1
286275,1
312879,1
313088,1
346429,1
362131,1
