repo_name,paths,package_avg,imports_avg
Shadorc/Shadbot,256,7.5117187499999982,10.484375
nhsconnect/careconnect-reference-implementation,512,7.5117187499999982,11.130859374999998
OPENDAP/olfs,512,5.8007812500000018,9.9062499999999964
b3dgs/lionengine,768,3.1263020833333335,8.4713541666666643
google-research/google-research,1,16.0,38.0
spesmilo/electrum,1,10.0,11.0
jodogne/OrthancMirror,1,9.0,13.0
apache/infrastructure-puppet,1,9.0,10.0
yuriy-chumak/OL,1,9.0,12.0
gcompris/GCompris-qt,1,10.0,16.0
Skycoder42/QtAutoUpdater,1,9.0,20.0
gemrb/gemrb,1,10.0,23.0
OCA/reporting-engine,1,8.0,29.0
elunez/eladmin,257,6.5797665369649794,8.80933852140078
google/gapid,257,7.3968871595330743,16.217898832684828
danigiri/morfeu,257,5.3307392996108947,8.9844357976653715
apache/activemq-artemis,4097,5.7903343910178133,11.746643885770078
GoogleCloudPlatform/stackdriver-sandbox,2,14.0,27.5
Subsurface-divelog/subsurface,2,9.0,15.0
OGRECave/ogre,2,7.5,12.5
tensorflow/tensorboard,2,11.5,41.0
vasnake/scala-for-the-impatient,2,1.5,3.0
Shynixn/PetBlocks,2,12.0,15.5
swarmpit/swarmpit,2,6.5,12.5
tradle/tim,2,22.0,24.5
dinfuehr/dora,2,1.5,2.0
project-oak/oak,2,5.5,7.5
ring-lang/ring,2,8.5,14.5
codaco/Network-Canvas,2,8.0,22.5
blueriver/MuraCMS,2,1.5,1.5
MarkUsProject/Markus,2,1.5,4.0
burakbayramli/kod,258,3.5891472868217056,5.98062015503876
Splawik/pytigon,3,8.3333333333333321,21.666666666666664
antononcube/MathematicaForPrediction,3,1.6666666666666665,4.333333333333333
tensorflow/tfjs,3,4.6666666666666661,6.333333333333333
grscheller/scheller-linux-archive,3,2.333333333333333,3.0
grpc/grpc,3,8.3333333333333339,12.0
CartoDB/mobile-sdk,3,5.333333333333333,9.6666666666666661
PlayFab/SDKGenerator,3,4.666666666666667,8.3333333333333339
OndrejSpanel/Stravamat,3,2.6666666666666665,3.6666666666666665
rubberduck-vba/Rubberduck,3,1.3333333333333333,2.333333333333333
elnormous/ouzel,3,3.3333333333333335,6.0
asciidoctor/asciidoctor-gradle-plugin,3,1.3333333333333333,1.3333333333333333
jasonfleming/asgs,3,3.333333333333333,9.3333333333333321
rgolubtsov/dnsresolvd-multilang,3,4.666666666666667,8.0
iteratec/OpenSpeedMonitor,3,1.3333333333333333,1.6666666666666667
wordpress-mobile/AztecEditor-Android,3,11.0,29.333333333333332
bitcoin-s/bitcoin-s,3,2.6666666666666665,3.6666666666666665
xiongziliang/ZLMediaKit,3,4.666666666666667,5.666666666666667
AzureAD/microsoft-authentication-library-for-dotnet,3,2.6666666666666665,4.333333333333333
CloudSlang/score,259,6.7104247104247108,11.250965250965251
ElvisResearchGroup/L42,515,3.93592233009709,15.287378640776705
rzwitserloot/lombok,771,2.985732814526588,7.2723735408560337
axkr/symja_android_library,1539,4.0292397660818686,7.656920077972706
Obsidian-StudiosInc/xtoo-overlay,4,2.25,8.0
stripe/stripe-android,4,7.75,20.25
http4k/http4k,4,1.75,3.75
newsuk/times-components,4,5.75,7.25
puma/puma,4,5.75,13.25
f-droid/fdroidserver,4,5.75,12.5
uncrustify/uncrustify,4,1.5,4.0
manticoresoftware/manticore,4,1.75,3.25
mantechnology/wdrbd,4,5.5,7.75
maxcom/lorsource,260,6.56153846153846,9.4230769230769216
fogbeam/zeppelin_mirror,772,6.7422279792746123,13.457253886010363
EddyVerbruggen/nativescript-plugin-firebase,5,2.8000000000000003,4.8
scalameta/scalafmt,5,1.4,2.0
Psiphon-Labs/psiphon-tunnel-core,5,7.4,15.4
clangen/musikcube,5,2.4,4.6
carlphilipp/chicago-commutes,5,3.6,6.0
minio/minio,5,4.8,10.2
MusicPlayerDaemon/MPD,5,3.8,8.4
QEF/q-e,5,4.8,11.4
Ensembl/ensembl-compara,5,3.1999999999999997,6.4
romannurik/muzei,5,6.6,12.2
universal-ctags/ctags,5,1.2,1.4
Ashoat/squadcal,5,6.6,10.2
istio/istio,5,2.6,5.6000000000000005
flamingo-geocms/flamingo,261,8.42528735632184,15.237547892720306
anylineorg/anyline,261,4.67432950191571,8.9080459770114935
intranda/goobi-viewer-core,517,8.0135396518375241,15.856866537717609
jasonwee/videoOnCloud,517,2.5822050290135397,5.1586073500967107
adaptris/interlok,2309,4.7059333044608067,9.8094413165872663
neutronimaging/imagingsuite,6,2.3333333333333335,5.0
citra-emu/citra-canary,6,3.333333333333333,4.0
CESNET/libyang,6,2.333333333333333,8.5
http4s/blaze,6,1.8333333333333335,2.3333333333333335
PurpleI2P/i2pd,6,7.4999999999999982,13.833333333333329
opencog/link-grammar,6,2.6666666666666665,6.3333333333333339
STJr/SRB2,6,2.6666666666666665,3.1666666666666665
micolous/metrodroid,6,3.1666666666666665,5.3333333333333339
hail-is/hail,6,2.6666666666666665,4.5
openwrt/luci,6,1.6666666666666665,1.8333333333333333
snowflakedb/snowflake-jdbc,262,6.4198473282442752,13.938931297709924
vert-x3/vertx-web,518,5.7992277992278,8.77992277992278
cloudera/Impala,518,6.0154440154440136,14.013513513513519
andstatus/andstatus,518,7.2722007722007733,12.888030888030887
graalvm/fastr,2054,5.3851022395326194,11.617818889970792
servo/servo,7,6.1428571428571423,12.0
indigoabstract/appplex,7,5.7142857142857144,9.5714285714285712
SimpleITK/SimpleITK,7,1.2857142857142856,1.2857142857142856
openwhisk/openwhisk,7,3.1428571428571428,5.4285714285714279
GaloisInc/saw-script,7,1.1428571428571428,1.2857142857142858
Citadel-Station-13/Citadel-Station-13,7,1.857142857142857,7.1428571428571423
joncampbell123/dosbox-x,7,6.5714285714285712,12.142857142857142
openforis/sepal,7,9.0,14.857142857142854
google/asylo,7,4.4285714285714288,6.8571428571428577
Netflix/conductor,519,6.8728323699421967,13.23506743737958
zenframework/z8,775,5.3754838709677415,10.652903225806455
stupidsing/suite,775,5.6503225806451614,8.5638709677419342
sandjelkovic/dispatchd,8,5.125,6.125
Juniper/contrail-controller,8,6.5,18.75
nrz/ylikuutio,8,5.875,10.875
TOMB5/TOMB5,8,5.875,10.875
kaltura/server,8,3.125,6.25
rsjaffe/MIDI2LR,8,4.625,10.125
craftercms/craftercms,8,4.25,7.375
rebeccahughes/react-native-device-info,8,6.625,12.375
opengisch/QField,8,8.875,17.5
mworks/mworks,8,2.875,2.875
androguard/androguard,8,1.875,2.25
rorywalsh/cabbage,8,4.875,10.875
finmath/finmath-lib,1288,5.4161490683229792,9.253881987577639
status-im/status-react,9,9.2222222222222214,17.666666666666668
fobo66/BookcrossingMobile,9,3.5555555555555558,4.7777777777777777
mikepenz/FastAdapter,9,5.2222222222222223,7.2222222222222223
RevansChen/online-judge,9,1.3333333333333333,2.5555555555555554
thought-machine/please,9,1.6666666666666667,2.2222222222222223
centic9/poi-benchmark,9,5.4444444444444438,9.7777777777777786
rsiebert/TVHClient,9,6.2222222222222214,10.888888888888888
MrMC/mrmc,9,3.1111111111111112,5.5555555555555554
transcendent-ai-labs/DynaML,9,1.2222222222222223,4.6666666666666661
sksamuel/avro4s,9,2.333333333333333,4.8888888888888893
WohlSoft/PGE-Project,9,5.6666666666666661,10.333333333333332
mesosphere/marathon,9,3.8888888888888893,10.444444444444445
dorkster/flare-engine-next,9,5.4444444444444446,9.88888888888889
rsahlin/graphics-by-opengl,265,4.3018867924528292,8.3811320754717
thm-projects/arsnova-backend,265,6.6,11.267924528301885
sosy-lab/java-smt,265,5.2566037735849056,13.08679245283019
TechReborn/TechReborn,265,9.1283018867924532,12.89056603773585
ymback/NGA-CLIENT-VER-OPEN-SOURCE,265,7.6415094339622636,10.932075471698113
tlaplus/tlaplus,1289,5.0892164468580292,9.7889837083010125
facebook/litho,1289,5.6097750193948785,10.951124903025601
wildfly-swarm/wildfly-swarm,1289,5.471683475562453,8.8417377812257563
apache/accumulo,1801,7.5702387562465345,15.441421432537471
callakrsos/Gargoyle,1801,5.928928373126042,10.702942809550253
orientechnologies/orientdb,4105,6.10280146163216,9.1780755176613873
hazelcast/hazelcast,7177,7.1982722586038683,12.901072871673392
libretro/RetroArch,10,8.6000000000000014,14.0
ICOS-Carbon-Portal/data,10,2.8,6.3000000000000007
zenorogue/hyperrogue,10,5.1,10.700000000000001
2d-inc/Flare-Flutter,10,2.8,2.8
SAP/openui5,10,5.9,16.9
Dushistov/rust_swig,10,3.3,8.6
Wikidata/SQID,10,5.6,15.0
fkzhang/WechatUnrecalled,10,4.7,8.5
TeamMeanMachine/meanlib,10,1.6,2.7
code-helix/slatekit,10,2.3,3.8
apollographql/apollo-android,266,6.13157894736842,14.868421052631575
savoirfairelinux/ring-client-android,266,9.0676691729323284,14.526315789473685
UniversityOfAlberta/GrandForum,11,3.3636363636363638,5.7272727272727275
kmatheussen/radium,11,3.9090909090909092,8.2727272727272734
woq-blended/blended,11,2.7272727272727271,4.8181818181818183
EBIBioSamples/biosamples-v4,523,7.1892925430210326,11.598470363288719
runelite/runelite,1547,5.2605042016806713,10.152553329023917
apache/incubator-asterixdb,5131,6.8179692067822986,11.833365815630494
facebook/buck,6155,8.070349309504472,13.770105605199028
Betalord/BHBot,12,6.166666666666667,9.3333333333333339
eserte/bbbike,12,2.1666666666666665,4.1666666666666661
icescrum/iceScrum-core,12,5.0833333333333339,6.5833333333333339
openfl/lime,12,5.75,10.583333333333334
cytomine/Cytomine-core,12,2.916666666666667,6.0
maueroats/teaching,12,1.6666666666666665,2.0
intel-analytics/analytics-zoo,12,2.25,4.1666666666666661
sql-machine-learning/sqlflow,12,3.1666666666666665,6.5
appium/appium,12,6.1666666666666679,8.5833333333333321
scribejava/scribejava,268,4.1753731343283578,6.7723880597014929
schwabdidier/GazePlay,524,5.7729007633587806,8.65648854961832
playframework/playframework,524,4.4904580152671763,6.7003816793893129
aelassas/Wexflow,13,3.8461538461538463,7.1538461538461524
GoldenCheetah/GoldenCheetah,13,5.5384615384615383,12.076923076923077
htcondor/htcondor,13,1.846153846153846,1.846153846153846
ssadedin/groovy-ngs-utils,13,3.1538461538461537,5.9999999999999991
qt-labs/qbs,13,2.9230769230769234,4.1538461538461542
GerritCodeReview/plugins_reviewers,13,10.307692307692308,16.46153846153846
zhaoshuxue/document,13,5.76923076923077,8.9230769230769234
codarchlab/idai-field-client,13,5.0769230769230766,8.384615384615385
sklintyg/webcert,781,8.4225352112676077,14.327784891165173
ceolter/angular-grid,14,3.4285714285714288,5.2142857142857144
CodeNarc/CodeNarc,14,5.6428571428571423,8.2857142857142847
TamirEvan/mupdf,14,1.6428571428571428,2.5714285714285712
spacecowboy/Feeder,14,5.1428571428571432,7.4285714285714288
YiiGuxing/TranslationPlugin,14,8.2857142857142847,12.142857142857142
OpenHFT/Chronicle-Queue,270,6.2074074074074073,9.81111111111111
MariaDB/mariadb-connector-j,270,4.9814814814814818,5.4185185185185167
googleapis/discovery-artifact-manager,526,4.7338403041825083,9.3250950570342219
CCI-MIT/XCoLab,1294,6.4234930448222594,9.5510046367851658
mars-sim/mars-sim,1294,7.3516228748068,14.819165378670782
jamesagnew/hapi-fhir,2574,8.6557886557886583,15.005050505050507
munhyunsu/Hobby,15,4.6666666666666661,4.7333333333333325
cossacklabs/themis,15,3.2666666666666671,7.6
blockchain/My-Wallet-V3-iOS,15,4.2,6.1333333333333329
legatoproject/legato-af,15,2.6,5.2666666666666675
fossology/fossology,15,3.5333333333333332,7.0666666666666664
Polidea/react-native-ble-plx,15,3.7333333333333334,7.9333333333333327
h2oai/sparkling-water,15,2.4666666666666668,3.5333333333333337
flutter/plugins,271,4.8007380073800743,7.7195571955719533
square/keywhiz,271,8.29520295202952,14.110701107011067
aoindustries/aoserv-client,527,6.4136622390891826,10.979127134724859
jurgendl/jhaws,1039,3.8229066410009613,7.7872954764196356
SpongePowered/SpongeCommon,3087,8.7223841917719529,11.868480725623588
boniatillo-com/PhaserEditor,4111,6.3685234736073983,14.101921673558742
Rothamsted/knetminer,16,7.75,17.125
hedzr/android-file-chooser,16,8.0625,14.625
vufind-org/vufind,16,4.25,8.875
introlab/rtabmap,16,8.875,18.999999999999996
ScorexFoundation/sigmastate-interpreter,16,1.3125,4.125
nuclio/nuclio,16,3.1875,6.75
Southpaw-TACTIC/TACTIC,16,4.5625,4.6875000000000009
vmiklos/vmexam,16,2.625,3.5625
robjwells/adventofcode-solutions,16,2.8125,5.625
sanaehirotaka/logbook-kai,272,6.3970588235294112,13.073529411764708
javaito/HolandaCatalinaFw,272,3.5845588235294112,5.327205882352942
asciidoctor/asciidoctor-intellij-plugin,272,6.702205882352942,11.058823529411766
reflectoring/coderadar,528,5.4602272727272743,7.6534090909090882
raphw/byte-buddy,1040,7.01923076923077,10.836538461538467
spring-projects/spring-boot,4624,6.2698961937716247,10.07331314878892
google/devx-tools,17,6.5294117647058822,12.352941176470589
kindlyops/mappamundi,17,4.6470588235294112,9.0588235294117645
remkop/picocli,273,3.4432234432234434,9.8498168498168486
Geforce132/SecurityCraft,273,10.402930402930407,16.893772893772891
skylot/jadx,785,5.15541401273885,8.7656050955414013
google/framework-for-osdu,785,5.1464968152866231,8.2343949044586
GoogleCloudPlatform/healthcare,18,5.3333333333333321,12.333333333333332
tateisu/SubwayTooter,18,4.6111111111111107,8.7222222222222214
neo4j/docker-neo4j,18,6.5,12.611111111111111
markgw/pimlico,18,6.0555555555555554,9.9444444444444446
wso2/analytics-solutions,18,10.111111111111111,17.111111111111114
ghewgill/neon-lang,18,2.1666666666666665,3.0555555555555554
scalameta/scalameta,18,1.1666666666666667,3.8888888888888884
mndarren/Code-Lib,18,2.0555555555555554,2.8888888888888888
drumonii/LeagueTrollBuild,274,7.1021897810218979,9.9379562043795637
CognizantOneDevOps/Insights,274,5.397810218978103,9.9233576642335777
JetBrains/jdk8u_jdk,14866,3.2915377371182584,5.888470334992598
simondlevy/hackflight,19,2.8947368421052628,6.7894736842105257
gpac/gpac,19,6.8421052631578956,13.842105263157894
CodeforLeipzig/lvz-viz,19,8.31578947368421,11.736842105263158
wordpress-mobile/WordPress-FluxC-Android,275,7.4872727272727291,15.26181818181818
jnidzwetzki/bboxdb,531,6.1845574387947266,10.807909604519775
GluuFederation/oxTrust,531,7.7175141242937881,12.015065913370996
immutables/immutables,1043,3.8619367209971234,6.7372962607861986
etomica/etomica,2579,5.9775106630476937,9.8984102365257822
exponentjs/exponent,3347,5.8192411114430866,10.446071108455341
fastlane/fastlane,20,4.35,5.95
Softmotions/ejdb,20,3.35,6.45
BrightSpots/rcv,20,6.2,13.700000000000001
osisoft/Qi-Samples,20,3.45,6.6000000000000005
DLR-SC/tigl,20,1.4500000000000002,2.7
TommyLemon/APIJSON,276,5.3985507246376816,9.8804347826086953
seven332/EhViewer,276,7.9637681159420275,13.362318840579711
c2mon/c2mon,1044,6.3524904214559417,9.2672413793103434
lmmsoft/LeetCode,21,1.3809523809523809,3.9047619047619051
thheller/shadow-cljs,21,3.9523809523809526,6.7142857142857135
grzegorzmazur/yacas,21,1.7619047619047619,2.4761904761904763
ing-bank/baker,21,4.6666666666666661,7.3809523809523805
onemoonsci/nmrfxprocessor,277,3.3754512635379048,6.03971119133574
lagadic/visp,22,6.5454545454545467,13.59090909090909
Wilm0r/giggity,22,9.2272727272727266,21.363636363636363
twosigma/Cook,22,4.454545454545455,9.5000000000000018
oracc/oracc,22,2.6363636363636362,3.4545454545454546
CyclopsMC/CyclopsCore,534,5.7509363295880149,8.43820224719101
google/science-journal,534,6.2977528089887649,11.091760299625467
openmole/openmole,23,2.5217391304347827,5.6521739130434785
GoogleContainerTools/skaffold,23,2.5217391304347823,2.8695652173913042
maruTA-bis5/mattermost4j,279,3.3691756272401427,6.172043010752688
Javlo/javlo,1047,6.5826170009551106,12.710601719197701
jeanpetric/drummer,24,2.2500000000000004,3.708333333333333
JohnSnowLabs/spark-nlp,24,2.833333333333333,5.0833333333333339
ebraminio/DroidPersianCalendar,24,5.5000000000000009,13.791666666666664
UNIZAR-30246-WebEngineering/lab1-git-race,24,7.125,10.5
apache/commons-lang,280,2.4857142857142862,7.5071428571428545
graphql-java/graphql-java,536,3.7052238805970141,9.8824626865671625
anthonycr/Lightning-Browser,25,9.12,16.0
scalatest/scalatest,25,1.4800000000000002,1.7999999999999996
clchiou/garage,25,5.9600000000000009,10.079999999999998
zaproxy/zap-extensions,1305,6.1080459770114937,10.794636015325674
jddurand/c-marpaESLIF,26,1.6153846153846156,2.8076923076923075
couchbase/couchbase-lite-android,26,4.8076923076923075,8.8846153846153832
NLeSC/Xenon-examples,26,2.4615384615384617,4.1538461538461533
cheng2016/developNote,26,6.7692307692307692,11.423076923076923
sbt/sbt,26,2.4230769230769234,4.3076923076923084
jpaulm/drawfbp,26,4.1538461538461542,9.115384615384615
MTASZTAKI/ApertusVR,26,1.653846153846154,2.9230769230769225
kbase/workspace_deluxe,282,5.9007092198581548,15.943262411347519
rroart/stockstat,538,6.0724907063197,10.988847583643125
nikita36078/J2ME-Loader,538,3.1505576208178456,6.0669144981412639
apache/arrow,538,5.3066914498141262,11.228624535315982
reasonml-editor/reasonml-idea-plugin,538,5.8568773234200728,8.3122676579925656
FreeCol/freecol,794,6.0516372795969806,13.148614609571784
skyvers/skyve,1306,6.6378254211332326,11.552067381317004
ARM-software/lisa,27,7.7777777777777768,13.666666666666664
Blazemeter/taurus,27,4.7407407407407405,7.4074074074074074
ist-dsi/fenixedu-id-cards,27,5.8148148148148149,9.5555555555555571
Nearsoft/google-code-jam,27,2.0370370370370368,3.8148148148148149
mattermost/mattermost-mobile,27,7.0370370370370363,12.851851851851851
mediathekview/MediathekView,283,6.7597173144876326,9.6925795053003529
openweave/openweave-core,3867,2.7993276441686068,6.14041892940263
facebook/watchman,28,6.2857142857142856,12.0
dmlc/xgboost,28,3.0714285714285712,5.5357142857142856
MadManRises/Madgine,28,2.6428571428571428,4.9642857142857135
marius-m/wt4,28,3.964285714285714,7.7142857142857153
zalando/tracer,28,4.5714285714285712,7.5
openforis/collect-earth-online,28,6.9999999999999991,16.857142857142854
GerritCodeReview/gerrit,2844,7.6916315049226345,14.168424753867804
metasfresh/metasfresh,13084,7.0573983491287109,11.420360745949237
chrislusf/seaweedfs,29,4.5862068965517242,8.96551724137931
Genymobile/scrcpy,29,3.068965517241379,4.8275862068965516
martykan/forecastie,30,8.9333333333333336,13.933333333333334
TeamWizardry/LibrarianLib,30,4.6333333333333329,7.3000000000000007
bitrich-info/xchange-stream,286,5.6923076923076916,8.09090909090909
f-droid/fdroidclient,286,8.104895104895105,15.300699300699304
sklintyg/statistik,542,5.7011070110701088,11.14760147601476
yegor256/cactoos,542,3.3376383763837638,5.0405904059040614
coursier/coursier,31,3.3870967741935485,6.4838709677419359
EasyRPG/Player,31,7.709677419354839,13.580645161290324
dmlc/tvm,31,2.8064516129032264,6.129032258064516
ming-soft/MCMS,31,8.5161290322580641,11.580645161290324
vase4kin/TeamCityApp,31,3.7741935483870961,4.870967741935484
csound/csound,31,6.0967741935483879,11.322580645161288
swisscom/open-service-broker,31,5.1290322580645151,8.064516129032258
epeios-q37/epeios,31,2.129032258064516,2.354838709677419
pkiraly/metadata-qa-marc,799,3.1564455569461809,5.2040050062578249
resilience4j/resilience4j,799,5.3053817271589505,8.0613266583229031
arianne/stendhal,2591,5.4453878811269751,9.8020069471246547
Jasig/cas,3359,7.9136647811848828,12.063114022030369
geotools/geotools,10783,5.365946397106546,10.013354354075867
GlukKazan/Dagaz,32,3.5625000000000004,6.0625000000000009
AoEiuV020/PaNovel,32,4.3125,7.0312500000000009
CajetanP/code-learning,32,3.9687500000000004,5.46875
palantir/sls-packaging,32,7.65625,12.75
iotaledger/iri,288,5.4930555555555554,9.20833333333333
wix/react-native-navigation,288,6.0763888888888911,9.6180555555555554
dataloom/datastore,33,14.787878787878789,24.303030303030305
firebase/firebase-cpp-sdk,33,2.393939393939394,4.1515151515151514
iLib-js/iLib,33,2.9090909090909087,6.6666666666666661
TouK/nussknacker,33,3.1818181818181817,6.454545454545455
reactor/reactor-core,801,6.077403245942568,9.81897627965044
metasfresh/metasfresh-webui-api,1057,9.4115421002838175,15.487228003784296
JacquesCarette/literate-scientific-software,34,1.6764705882352942,5.0294117647058822
vert-x3/vertx-auth,290,4.6275862068965532,7.0137931034482754
google/graphicsfuzz,546,5.4249084249084252,11.415750915750918
material-components/material-components-android,546,8.0604395604395584,14.148351648351648
hneemann/Digital,802,4.5236907730673295,7.542394014962591
PrinceOfAmber/CyclicMagic,802,9.7855361596010013,13.900249376558607
MyCoRe-Org/mycore,1314,6.4467275494672753,12.157534246575347
opencb/opencga,1314,9.7663622526636225,14.513698630136986
apache/kylin,1826,6.6982475355969306,12.533406352683468
clinical-meteor/meteor-on-fhir,35,6.3142857142857141,13.714285714285714
wso2-extensions/identity-inbound-provisioning-scim2,35,11.457142857142857,20.428571428571431
vulhub/vulhub,35,3.8285714285714283,5.5142857142857133
GerritCodeReview/plugins_quota,35,6.7142857142857153,10.571428571428573
felamaslen/budget,35,5.9142857142857146,9.2571428571428562
David-Development/ownCloud-Account-Importer,35,5.2285714285714278,9.1142857142857139
aika-algorithm/aika,35,4.0571428571428569,7.0857142857142854
gudaoxuri/dew,291,5.3333333333333321,7.4982817869415808
saki4510t/libcommon,291,5.3642611683848784,8.93814432989691
apache/groovy,1315,3.8980988593155894,10.740684410646386
M66B/NetGuard,36,9.8333333333333339,19.777777777777775
NativeScript/NativeScript,36,4.8611111111111116,9.9444444444444464
GenweiWu/Blog,36,2.9166666666666665,5.3888888888888884
spring-cloud-incubator/spring-cloud-gateway,292,8.7260273972602747,12.767123287671236
raoulvdberge/refinedstorage,548,8.48905109489051,10.958029197080293
mickleness/pumpernickel,804,4.4975124378109461,11.284825870646763
cBioPortal/cbioportal,1060,5.8424528301886784,8.9943396226415082
jenkinsci/jenkins,1572,7.1653944020356271,13.757633587786257
cuba-platform/cuba,3876,5.7997936016511877,8.55340557275542
EricJoosse/Integrador-Sistemas-com-PortalCronos-para-Fornecedores,37,5.2432432432432439,10.918918918918921
wso2-extensions/identity-governance,293,7.9044368600682624,12.191126279863484
nikiroo/fanfix,293,3.7372013651877145,8.4982935153583643
wso2/security-tools,293,5.9215017064846434,9.6757679180887415
glyptodon/guacamole-client,549,3.9508196721311482,6.9362477231329693
FreeRDP/FreeRDP,38,6.36842105263158,11.184210526315789
ElektraInitiative/libelektra,38,2.0263157894736845,3.3421052631578956
telldus/telldus-live-mobile-v3,38,8.3684210526315788,17.710526315789473
jruby/activerecord-jdbc-adapter,38,6.2105263157894717,13.763157894736841
bozaro/git-as-svn,294,6.5068027210884338,9.7210884353741527
jacksonic/vjlofvhjfgm,294,3.6462585034013597,5.9591836734693882
TeamLapen/Vampirism,550,9.4236363636363638,13.28
ignatandrei/stankins,39,4.333333333333333,7.6410256410256405
erlang/otp,39,1.6153846153846154,3.7179487179487181
bmwcarit/joynr,1063,6.31138287864534,12.291627469426158
jimmy-little/jimmy-little.github.io,40,3.55,5.325
copasi/COPASI,40,2.325,5.425
react-native-community/react-native-svg,40,5.5499999999999989,11.9
kbaseapps/kb_phylogenomics,40,3.075,8.1500000000000021
networknt/light-codegen,40,8.325,13.274999999999999
zdila/gpx-animator,40,5.375,11.1
gorkem/java-language-server,552,7.4076086956521738,19.572463768115941
wso2/carbon-analytics,552,5.7173913043478279,9.28442028985507
openthinclient/openthinclient-manager,1064,5.4633458646616528,9.875
SeleniumHQ/selenium,1320,4.532575757575759,9.456818181818182
cytoscape/cytoscape-impl,2344,5.7107508532423212,12.363054607508532
beast-dev/beast-mcmc,2600,4.6823076923076963,7.3346153846153861
transcendent-ai-labs/PlasmaML,41,2.6097560975609753,5.9024390243902438
XCSoar/XCSoar,41,3.3414634146341462,6.1707317073170733
watson-developer-cloud/java-sdk,809,2.3831891223732997,4.9060568603213852
Erudika/scoold,42,11.857142857142856,22.333333333333329
grahamegrieve/fhirserver,42,4.6190476190476186,13.428571428571429
BranchMetrics/react-native-branch,42,4.9999999999999991,7.6428571428571432
wyvernlang/wyvern,298,3.7818791946308719,12.0
sklintyg/rehabstod,298,6.201342281879195,10.560402684563755
awsdocs/aws-doc-sdk-examples,554,4.2400722021660613,8.46570397111913
apache/cassandra,2602,7.1325903151421954,12.273635664873185
bk138/multivnc,43,4.6744186046511631,8.9534883720930232
tutao/tutanota,43,6.441860465116279,13.348837209302328
FroMage/RivieraDEV,43,3.6744186046511631,7.0465116279069759
JMRI/EngineDriver,43,9.9069767441860463,23.302325581395351
xvik/dropwizard-guicey,299,5.2374581939799318,7.414715719063544
luwrain/luwrain,299,3.1739130434782603,3.2341137123745818
Minecolonies/minecolonies,811,9.1085080147965485,12.311960542540074
jenkinsci/plugin-compat-tester,44,5.954545454545455,11.363636363636363
flutter/flutter,44,5.25,7.4090909090909092
zdavatz/AmiKo-Android,44,8.1363636363636367,16.56818181818182
ankidroid/Anki-Android,300,7.1766666666666667,12.563333333333331
Flipkart/foxtrot,300,6.78,10.080000000000002
heisedebaise/ranch,812,4.8559113300492651,6.7450738916256157
apache/spark,1068,5.3689138576779021,10.730337078651687
Whiley/WhileyCompiler,45,6.9111111111111114,16.800000000000004
SRI-CSL/PVS,45,4.4666666666666668,8.5333333333333314
DataVault/datavault,301,4.9435215946843867,8.5415282392026572
pepstock-org/Charba,813,2.6838868388683874,4.7552275522755227
kiegroup/drools,5677,5.0056367799894339,10.087898537960188
lsst-uk/phymatopus,46,4.9347826086956523,7.2391304347826084
libris/librisxl,46,5.5217391304347823,10.978260869565217
jgraph/drawio,46,3.6521739130434785,8.4347826086956523
jolie/jolie,558,3.9086021505376349,9.0555555555555536
ontop/ontop,1582,6.1118836915297114,9.2319848293299618
magenta-aps/mox,47,3.1276595744680851,4.7021276595744679
ARIG-Robotique/robots,303,4.7920792079207919,6.9372937293729393
gravitee-io/graviteeio-access-management,1327,7.27204220045215,10.710625470987191
scoophealth/oscar,4143,5.2623702630943718,10.665942553705053
raydac/mvn-golang,48,6.1249999999999991,11.854166666666666
nextflow-io/nextflow,48,3.5625000000000004,8.5
sergmain/aiai,304,7.0625000000000027,9.5164473684210513
pac4j/pac4j,816,6.3296568627450966,8.9154411764705817
opensourceBIM/BIMserver,4144,3.1047297297297303,5.726110038610031
ngageoint/six-library,49,2.9795918367346936,7.6530612244897958
confluentinc/rest-utils,49,7.612244897959183,15.755102040816325
InseeFr/Eno,49,5.1020408163265305,9.10204081632653
kivy/python-for-android,49,3.6122448979591839,7.6734693877551017
ubtue/ub_tools,49,5.8775510204081636,11.163265306122449
DigitalCampus/oppia-mobile-android,305,9.2655737704918035,14.600000000000003
cedardevs/onestop,50,6.92,10.86
confluentinc/common,50,3.2800000000000002,7.0600000000000014
google/flatbuffers,50,3.4999999999999996,5.2399999999999993
php-coder/mystamps,306,4.5522875816993462,7.5163398692810475
waikato-datamining/adams-base,7474,4.6564088841316558,7.6494514316296565
lamsfoundation/lams,14386,4.1990824412623384,7.6289448074516928
sormuras/bach,51,4.9803921568627443,9.80392156862745
hyee/dbcli,51,4.6078431372549025,7.9803921568627452
okamstudio/godot,51,5.6274509803921564,10.588235294117647
codecentric/spring-boot-admin,307,6.8697068403908794,11.026058631921821
spinnaker/clouddriver,1331,6.422238918106685,9.86326070623592
CSCfi/antero,52,5.6923076923076934,9.9615384615384617
onebeartoe/3D-Modeling,52,4.8269230769230766,8.384615384615385
BelledonneCommunications/linphone,52,2.9423076923076925,6.8076923076923066
google/mug,52,6.1730769230769234,13.192307692307693
suffolklibraries/sljekyll,308,4.4967532467532472,7.7694805194805179
Transkribus/TranskribusSwtGui,564,9.1666666666666643,18.51595744680851
bozimmerman/CoffeeMud,4404,5.025885558583127,15.946639418710291
grahammendick/navigation,53,6.09433962264151,8.452830188679247
tipsy/javalin,53,3.4905660377358485,5.7169811320754711
ngageoint/geopackage-mapcache-android,53,8.6792452830188687,15.924528301886792
cismet/cids-custom-wuppertal-server,309,4.2718446601941737,8.04854368932039
UweTrottmann/SeriesGuide,309,8.68284789644013,13.508090614886731
metaborg/jsglr,565,4.0973451327433619,6.6212389380530947
sarl/sarl,1333,6.4561140285071286,12.053263315828957
java110/MicroCommunity,2101,7.0304616849119448,9.4845311756306536
straumat/blockchain2graph,54,4.5740740740740735,6.6481481481481479
tagspaces/tagspaces,54,5.0370370370370372,9.62962962962963
ZeXtras/OpenZAL,310,3.5612903225806454,5.5870967741935482
jenkinsci/analysis-model,310,3.5032258064516122,6.6967741935483884
NativeScript/android-runtime,310,2.3967741935483873,5.380645161290321
mockito/mockito,822,4.5888077858880756,7.6240875912408761
wso2/carbon-dashboards,55,5.6545454545454534,9.7636363636363619
brltty/brltty,55,3.5818181818181811,5.963636363636363
fraser-lab/fraser-lab.github.io,55,3.9818181818181824,6.5636363636363626
asdf2014/yuzhouwan,311,3.6366559485530554,5.92282958199357
mirkosertic/Bytecoder,5943,3.3644623927309438,6.9880531717987484
simlar/simlar-android,56,7.1607142857142856,12.071428571428571
apache/incubator-shardingsphere,2360,5.6923728813559338,9.1139830508474589
diffplug/spotless,313,4.3482428115015983,7.4217252396166167
spring-cloud/spring-cloud-build,313,8.1341853035143767,12.587859424920126
webanno/webanno,825,7.67030303030303,13.20363636363636
phax/ph-oton,1849,7.0551649540292063,10.027041644131959
zalando/logbook,314,4.6656050955414026,9.6369426751592346
datastax/java-driver,1594,7.3086574654956129,11.949184441656213
Sage-Bionetworks/Synapse-Repository-Services,2362,6.9788314987298925,16.226502963590185
elBukkit/MagicPlugin,571,7.7022767075306486,12.959719789842389
bridgedb/BridgeDb,316,4.3575949367088604,8.5
braintree/braintree_android,316,6.1424050632911387,11.066455696202532
wayshall/onetwo,1340,5.4723880597014904,8.2432835820895534
popkit/pelpa,61,6.3114754098360635,8.9836065573770476
aws/aws-sdk-cpp,61,3.721311475409836,5.81967213114754
project-ncl/pnc,1085,6.8894009216589831,12.179723502304146
android/plaid,62,7.1774193548387091,11.564516129032258
apache/servicemix-bundles,62,3.709677419354839,9.193548387096774
apache/incubator-mxnet,62,3.1129032258064524,5.967741935483871
B3Partners/brmo,574,5.0191637630661994,10.991289198606275
pousse-cafe/pousse-cafe,574,3.1933797909407664,5.3867595818815346
treason258/TreLibrary,830,5.86987951807229,9.44698795180723
freeplane/freeplane,1342,5.633383010432194,10.39493293591654
palantir/atlasdb,2110,7.0298578199052137,13.928909952606634
b2ihealthcare/snow-owl,2110,5.5071090047393412,9.43222748815166
google/oboe,63,4.666666666666667,7.5873015873015879
Samsung/TizenRT,319,4.2068965517241379,11.871473354231975
zhangdaiscott/jeecg-boot,319,7.1473354231974922,9.8307210031347942
Alex1304/ultimategdbot,64,4.7031249999999991,8.328125
locationtech/geomesa,64,5.78125,8.8125
orbeon/orbeon-forms,320,6.390625,9.840625
spotify/styx,320,8.0531250000000014,17.768749999999997
wmixvideo/nfe,1344,3.3891369047619042,4.8913690476190457
dropwizard/dropwizard,833,6.1728691476590658,10.055222088835535
bonigarcia/webdrivermanager,66,7.0303030303030294,12.969696969696969
krs-world/bridges,66,2.8787878787878789,4.333333333333333
slartus/4pdaClient-plus,322,7.1211180124223592,11.490683229813662
Apicurio/apicurio-studio,322,4.7701863354037259,9.2080745341614936
airsonic/airsonic,322,7.3447204968944106,11.086956521739129
kermitt2/grobid,322,6.0931677018633552,10.285714285714283
mit-cml/appinventor-sources,834,4.92086330935252,10.251798561151078
box/box-android-share-sdk,67,8.3731343283582085,14.223880597014926
ZUGFeRD/mustangproject,68,4.51470588235294,8.8235294117647065
manifold-systems/manifold,580,3.7275862068965528,7.253448275862068
apache/uima-uimaj,1604,5.1265586034912749,10.907730673316706
vroyer/elassandra,6468,7.927643784786647,14.53339517625235
GerritCodeReview/plugins_replication,69,7.7826086956521738,11.869565217391303
project64/project64,69,5.7681159420289854,10.362318840579711
matrix-org/matrix-android-sdk,325,5.516923076923077,9.9015384615384576
mesosphere/dcos-commons,581,5.9741824440619622,11.409638554216869
MyCATApache/Mycat-Server,837,5.4886499402628441,9.1338112305854242
linkedin/ambry,837,6.6559139784946257,15.028673835125456
BiglySoftware/BiglyBT,2885,5.8797227036395121,9.3272097053726117
google/fhir,70,7.3857142857142843,18.185714285714283
facebook/css-layout,71,2.6056338028169015,4.056338028169014
oitsjustjose/Geolosys,72,7.3888888888888875,10.666666666666666
weblyzard/weblyzard_api,72,4.9166666666666661,8.1111111111111089
smallAreaHealthStatisticsUnit/rapidInquiryFacility,584,4.9777397260273961,9.6369863013698644
alibaba/Sentinel,840,4.8261904761904768,7.5654761904761942
thoni56/c-xrefactory,73,4.63013698630137,5.1780821917808213
facebook/redex,73,2.5616438356164384,3.1917808219178081
RohanNagar/thunder,73,5.1643835616438345,9.712328767123287
ray-project/ray,329,4.62613981762918,7.17021276595745
BookFrank/CodePlay,330,1.7212121212121203,2.8666666666666671
flutter/flutter-intellij,586,7.8139931740614319,11.571672354948809
denkbar/step,586,4.8088737201365177,7.832764505119453
GoldRenard/JuniperBotJ,586,6.3378839590443672,8.6006825938566553
pentaho/big-data-plugin,586,8.6194539249146764,15.645051194539249
powsybl/powsybl-core,1610,4.02173913043478,6.7347826086956522
apache/hadoop,10314,7.09598603839441,14.682470428543732
craftercms/deployer,75,8.3466666666666676,12.933333333333334
voyages-sncf-technologies/hesperides,331,7.3504531722054391,10.374622356495468
dita-ot/dita-ot,331,6.3413897280966758,11.788519637462237
FAForever/downlords-faf-client,587,8.9693356047700217,15.018739352640539
micromata/projectforge,1611,6.9608938547486012,9.7752948479205486
Yakindu/statecharts,1867,5.100696304231386,9.4113551151580079
b3dgs/warcraft-remake,76,5.7894736842105274,11.184210526315789
elixir-no-nels/trackfind,76,8.2105263157894726,11.342105263157896
h2oai/h2o-3,1868,4.3608137044967865,7.4507494646680925
apache/syncope,2380,7.7134453781512651,13.268487394957978
jenetics/jenetics,589,4.4702886247877771,8.842105263157892
umple/umple,3917,3.2999744702578506,6.7480214449834017
openhab/openhab2,3917,5.0316568802655048,9.8330354863415828
aosp-mirror/platform_frameworks_support,3917,6.6737298953280657,12.913454174112836
OpenAF/openaf,78,5.32051282051282,14.551282051282051
softelnet/sponge,846,4.6158392434988187,7.3711583924349871
strongbox/strongbox,1102,7.2631578947368416,10.803992740471866
benchdoos/WeblocOpener,79,6.9367088607594933,9.91139240506329
georchestra/georchestra,335,7.5850746268656728,14.441791044776121
alibaba/canal,591,5.3451776649746181,9.3705583756345163
cloudera/hue,80,3.1374999999999993,7.9874999999999989
Subterranean-Security/Sandpolis,336,5.8839285714285738,10.639880952380953
GluuFederation/oxAuth,848,8.13561320754717,12.558962264150948
box/mojito,848,5.8879716981132093,10.331367924528296
oswetto/LoboEvolution,1360,3.2191176470588223,7.1110294117647053
nimble-platform/identity-service,81,8.08641975308642,11.925925925925924
opendaylight/netvirt,593,14.745362563237773,25.752107925801003
apache/skywalking,2385,5.0364779874213852,8.6289308176100583
keycloak/keycloak,4689,5.9673704414587316,11.1746641074856
JetBrains/ideavim,82,8.7926829268292686,13.74390243902439
ncoe/rosetta,82,2.6097560975609757,4.9512195121951219
Scarsz/DiscordSRV,82,6.7926829268292677,9.74390243902439
jinahya/bit-io,82,2.9756097560975605,5.4512195121951219
aricneto/TwistyTimer,82,10.060975609756099,17.621951219512194
spring-cloud/spring-cloud-commons,338,7.0088757396449708,10.204142011834321
gocd/gocd,3922,6.7559918408975053,10.588475267720547
fogbeam/cas_mirror,4434,8.1048714479025641,12.437979251240417
Tanaguru/Tanaguru,5202,3.3542868127643226,5.2762399077278008
reportportal/service-authorization,83,9.1084337349397586,12.096385542168674
gradlman/SensorLib,83,6.0963855421686732,11.554216867469876
wso2/carbon-data,339,5.1238938053097334,9.5368731563421836
redkale/redkale,339,4.0560471976401171,4.884955752212389
openmicroscopy/bioformats,595,6.2336134453781531,13.22016806722689
Netflix/genie,851,6.1045828437132812,9.8954171562867241
openss7/openss7,1107,2.7199638663053314,2.7542908762420972
stefan-niedermann/nextcloud-notes,84,8.8690476190476186,13.607142857142856
blakeohare/crayon,84,3.0238095238095228,5.3571428571428568
gama-platform/gama,1620,6.8901234567901248,12.896296296296292
batfish/batfish,3924,5.3598369011212954,13.447502548419969
HabitRPG/habitica-android,85,3.8941176470588239,7.447058823529412
arquivo/functional-tests,85,4.8941176470588257,8.4352941176470591
moonlight-stream/moonlight-android,85,6.3529411764705888,11.52941176470588
fr3ts0n/AndrOBD,85,4.6941176470588228,9.3058823529411754
spring-cloud/spring-cloud-sleuth,341,8.7507331378299149,13.721407624633432
henrichg/PhoneProfilesPlus,341,6.3607038123167152,11.551319648093841
wikimedia/apps-android-wikipedia,597,8.132328308207704,12.72026800670017
wordpress-mobile/WordPress-Android,597,9.750418760469012,17.837520938023449
mpi2/PhenotypeData,853,6.718640093786636,10.239155920281359
arnaudroger/SimpleFlatMapper,1365,4.0666666666666655,7.5641025641025648
kite9-org/k9,86,7.2441860465116275,11.186046511627907
BranchMetrics/Android-Deferred-Deep-Linking-SDK,86,5.2441860465116266,9.1511627906976738
mlhartme/stool,86,5.3488372093023262,9.8953488372093013
openbase/jul,342,4.47953216374269,7.2192982456140324
facebook/fbthrift,342,5.8304093567251467,10.064327485380119
RokKos/FRI_Programiranje,598,2.84448160535117,3.2090301003344481
wso2-extensions/identity-inbound-auth-oauth,599,8.8046744574290461,14.420701168614359
cacheflowe/haxademic,1111,5.9495949594959487,8.7668766876687663
eclipse/kapua,2647,4.9969777106157887,8.6048356630147325
apache/camel,16983,4.9801566272154449,8.4512159218041489
celandro/pokebattler-fight,89,5.7191011235955047,11.516853932584269
opensds/nbp,89,5.4269662921348312,8.7752808988764031
christian-schlichtherle/neuron-di,89,2.7640449438202248,4.4494382022471912
Squama/Master,601,7.8053244592346109,12.935108153078204
ccem-dev/otus-api,857,6.3675612602100351,8.9626604434072341
Sp2000/colplus-backend,857,5.6756126021003492,8.8903150525087469
TGAC/miso-lims,1113,6.6837376460017985,12.229110512129374
cisco-system-traffic-generator/trex-java-sdk,90,2.6555555555555554,5.4444444444444446
GridProtectionAlliance/gsf,91,3.8571428571428568,8.12087912087912
indeedeng/proctor,347,5.6657060518731983,10.706051873198845
HabitatMap/AirCastingAndroidClient,347,6.8270893371757939,10.172910662824208
web3j/web3j,603,3.8938640132669993,7.3266998341625182
md-5/jdk10,35419,3.63132781840254,6.7661424659081453
bitcoinj/bitcoinj,348,5.8017241379310347,10.017241379310343
steinarb/ukelonn,93,6.150537634408602,10.172043010752688
antest1/kcanotify,93,10.935483870967744,28.978494623655919
phenotips/patient-network,94,7.2978723404255312,13.521276595744684
JetBrains/intellij-sdk-docs,94,4.7127659574468082,6.1170212765957457
projectbuendia/buendia,94,6.5851063829787222,14.893617021276597
dolphin-emu/dolphin,94,6.4680851063829774,10.021276595744681
xwiki/xwiki-platform,4702,6.3785623139089722,11.247128881327093
twitter/finagle,95,3.6526315789473691,6.4315789473684211
jenkinsci/ec2-plugin,95,7.1157894736842096,12.400000000000002
siacs/Conversations,351,8.2991452991452981,14.752136752136749
wcm-io/wcm-io-tooling,96,5.510416666666667,9.9895833333333321
project-oak/hafnium-verification,352,1.9232954545454548,3.40340909090909
dzavalishin/phantomuserland,352,3.7443181818181834,6.357954545454545
intuit/QuickBooks-V3-Java-SDK,608,4.6184210526315788,9.6825657894736832
kontalk/androidclient,353,7.8073654390934859,14.073654390934836
Nastel/tnt4j-streams,353,5.9660056657223794,9.1246458923512783
stripe/stripe-java,609,4.6223316912972052,8.1018062397372752
lucee/Lucee,2401,5.8342357351103677,9.9600166597251167
itachi1706/CheesecakeUtilities,98,9.66326530612245,17.295918367346939
SLIBIO/SLib,98,5.1530612244897958,8.683673469387756
xenit-eu/dynamic-extensions-for-alfresco,354,4.5988700564971747,7.80225988700565
robolectric/robolectric,1378,6.40420899854862,11.997822931785183
FINRAOS/herd,1378,6.37953555878084,14.134978229317849
GreenDelta/olca-modules,1378,3.96008708272859,8.9179970972423774
redisson/redisson,1378,5.1763425253991295,8.8715529753265621
wso2/carbon-apimgt,1634,8.3035495716034315,13.157894736842096
SES-fortiss/SmartGridCoSimulation,1890,3.1751322751322761,7.6677248677248677
katsuster/ememu,99,2.484848484848484,2.7676767676767664
Tristan971/EasyFXML,99,5.9090909090909083,7.5555555555555554
klehmann/domino-jna,355,4.5070422535211279,10.357746478873239
adridadou/eth-propeller-core,100,4.55,6.2
digammas/damas,100,3.65,5.7399999999999984
dimagi/commcare-android,612,9.48202614379085,14.843137254901968
real-logic/simple-binary-encoding,101,5.1287128712871279,8.9009900990099
spinnaker/gate,101,5.326732673267327,8.2871287128712865
vespa-engine/vespa,7269,4.76241573806576,9.06231943871234
orgzly/orgzly-android,102,7.9901960784313735,14.686274509803921
authorjapps/zerocode,358,4.9916201117318435,8.03072625698324
Panda-Programming-Language/Panda,614,4.2866449511400662,5.8469055374592838
rsksmart/rskj,1126,6.3152753108348119,9.5186500888099488
otavanopisto/pyramus,1382,6.1816208393632444,11.707670043415334
aws/aws-sdk-java,67174,4.1057105427695113,5.012117783666306
esig/dss,1894,6.6631467793030588,12.237064413938757
google/or-tools,103,2.4951456310679609,6.1650485436893216
BiBiServ/bibigrid,103,4.9999999999999982,7.8737864077669926
ls1intum/ArTEMiS,359,7.1114206128133706,10.175487465181059
Adyen/adyen-java-api-library,615,2.5317073170731703,5.59349593495935
opendaylight/controller,1127,6.7160603371783489,13.156166814551902
dhis2/dhis2-android-sdk,1895,5.680738786279683,8.0575197889182064
ultraq/redhorizon,104,3.9999999999999991,6.3173076923076925
spinnaker/front50,104,6.0384615384615383,9.5
Bernardo-MG/tabletop-dice-java,104,5.865384615384615,7.6634615384615392
FirebaseExtended/flutterfire,104,4.9615384615384617,7.8461538461538458
manuel3108/Gleisbelegung,104,3.625,6.1634615384615392
ampproject/amphtml,104,4.1923076923076925,7.3557692307692308
DaveVoorhis/Relang,104,3.807692307692307,6.7211538461538458
REBOOTERS/AndroidAnimationExercise,360,6.5138888888888875,10.594444444444449
EgonOlsen71/basicv2,360,4.5111111111111111,7.4472222222222246
ProtocolSupport/ProtocolSupport,1128,5.086879432624114,8.031028368794324
GoogleCloudPlatform/cloud-opensource-java,105,6.1714285714285708,12.333333333333334
Albertus82/EarthquakeBulletin,105,6.4190476190476193,11.466666666666669
HubSpot/jinjava,361,4.53185595567867,7.7950138504155113
i-net-software/JWebAssembly,106,3.8867924528301896,7.5660377358490551
Free-Software-for-Android/AdAway,106,7.0754716981132066,12.311320754716981
edx/edx-app-android,618,7.1569579288025906,10.616504854368937
webfirmframework/wff,874,3.5617848970251735,6.3970251716247146
triplea-game/triplea,1642,6.5347137637027988,12.13093788063337
google/filament,107,2.6261682242990654,5.4579439252336446
beanshell/beanshell,107,3.4766355140186906,9.2149532710280386
Sriee/epi,107,1.3551401869158874,2.7196261682242975
tensorflow/examples,107,6.7196261682242966,12.841121495327101
facebook/infer,363,1.9283746556473831,3.3994490358126721
subes/invesdwin-util,619,4.4458804523424877,6.5702746365105007
calipho-sib/nextprot-api,1131,5.4067197170645427,8.5826702033598572
sk89q/CommandHelper,1131,4.44385499557913,10.513704686118482
GoogleCloudPlatform/professional-services,108,7.0925925925925934,12.064814814814817
youngmonkeys/ezyfox,1132,3.2261484098939954,5.2862190812720833
crate/crate,4204,6.9776403425309255,12.164605137963846
Longri/cachebox3.0,878,5.7665148063781313,8.7482915717539846
kkrull/javaspec,111,4.0810810810810807,6.7207207207207205
EpiCanard/GlobalMarketChest,111,6.4954954954954944,9.63063063063063
StepicOrg/stepik-android,111,6.2792792792792795,10.684684684684687
alibaba/easyexcel,367,4.9482288828337877,7.8065395095367851
jeremylong/DependencyCheck,367,6.0817438692098094,11.495912806539511
zoff99/ToxAndroidRefImpl,112,8.4910714285714288,19.107142857142858
OpenVidu/openvidu,112,6.7053571428571423,13.303571428571429
wcm-io/wcm-io-handler,368,6.8777173913043486,11.801630434782606
athrane/bassebombecraft,368,5.7119565217391317,9.4402173913043477
bg1bgst333/Sample,624,4.163461538461541,6.9887820512820564
ibissource/iaf,1136,6.2042253521126769,12.248239436619716
opendaylight/yangtools,2160,5.1666666666666679,9.6597222222222214
dart-lang/sdk,113,4.7433628318584091,10.5929203539823
igvteam/igv,881,5.7786606129398415,8.75255391600454
apache/sis,2161,6.6200832947709394,11.590467376214715
BrassGoggledCoders/SteamAgeRevolution,370,7.3648648648648631,8.6810810810810839
SiLeBAT/FSK-Lab,882,5.1780045351473909,12.655328798185939
actframework/actframework,1394,4.6427546628407486,6.2532281205165
ctripcorp/x-pipe,1906,5.9879328436516275,8.56505771248688
kriztan/Pix-Art-Messenger,371,8.1778975741239925,14.781671159029644
rundeck/rundeck,883,3.8221970554926372,5.8935447338618356
gatling/gatling,116,4.61206896551724,7.1637931034482767
linkedin/pinot,2676,6.4398355754858008,11.485799701046339
twitter/finatra,117,3.5384615384615383,6.4615384615384617
wcm-io/wcm-io-wcm,117,7.5641025641025639,12.384615384615383
maniero/SOpt,117,1.1709401709401708,1.3162393162393164
WNPRC-EHR-Services/wnprc-modules,373,5.2493297587131362,9.6997319034852545
UniTime/unitime,2421,6.4539446509706746,14.913258983890952
jenkinsci/kubernetes-plugin,118,8.4745762711864412,15.271186440677965
kubeflow/kfserving,118,5.1355932203389827,10.694915254237289
ontodev/robot,118,5.5593220338983045,9.7796610169491522
census-instrumentation/opencensus-java,630,6.5920634920634926,12.155555555555559
apache/helix,1142,6.5166374781085841,13.564798598949212
segler-alex/RadioDroid,119,7.697478991596638,13.235294117647056
moezbhatti/qksms,119,4.38655462184874,7.8067226890756309
KonkerLabs/konker-platform,631,8.2884310618066532,13.594294770206028
graknlabs/grakn,887,6.9177001127395688,13.303269447576092
GoogleCloudPlatform/gcp-token-broker,120,6.3416666666666668,8.95
Jasig/NotificationPortlet,120,5.2166666666666659,10.1
DBCG/cqf-ruler,120,6.7833333333333341,12.258333333333336
phac-nml/irida,888,9.0292792792792866,14.353603603603602
CCAFS/MARLO,2680,4.7496268656716421,8.8477611940298519
firebirdberlin/nightdream,121,8.1074380165289259,15.264462809917354
jitsi/jitsi-videobridge,121,7.1652892561983466,7.4297520661157037
openmicroscopy/openmicroscopy,121,8.49586776859504,27.7190082644628
scala/scala,121,1.5289256198347108,2.5785123966942152
Neamar/KISS,122,6.721311475409836,11.237704918032787
automatictester/lightning,122,4.6311475409836058,6.8524590163934427
google/tink,378,5.6455026455026456,10.783068783068783
spring-cloud/spring-cloud-gcp,634,6.6845425867507888,11.615141955835961
axelor/axelor-business-suite,1402,9.7475035663338048,14.677603423680457
spring-projects/spring-framework,6778,5.7443198583652944,9.9555916199468886
McLeodMoores/starling,11642,7.2233293248582626,13.121027314894357
jpschewe/fll-sw,379,8.0897097625329835,15.709762532981525
batazor/MyExampleAndExperiments,379,3.6860158311345637,5.430079155672825
UH-StudentServices/mystudies-myteaching-backend,635,6.2188976377952754,9.3511811023622045
bengtmartensson/harctoolboxbundle,124,5.346774193548387,10.596774193548388
TheBusyBiscuit/Slimefun4,380,6.5921052631578947,13.055263157894736
bcvsolutions/CzechIdMng,2428,9.13920922570017,15.651976935749587
Ruben-Sten/TeXiFy-IDEA,125,4.808,6.536
opencadc/caom2db,125,7.1840000000000011,14.512
ctripcorp/apollo,637,6.5510204081632626,10.436420722135008
kieker-monitoring/kieker,1405,4.7772241992882565,7.606405693950177
kaltura/KalturaGeneratedAPIClientsJava,1405,4.1295373665480408,4.9793594306049815
splicemachine/spliceengine,4221,6.1080312722103765,9.8199478796493818
camunda/camunda-bpm-platform,6781,5.4503760507299788,9.5298628520867013
bbxyard/bbxyard,382,4.005235602094241,5.6989528795811513
dataloom/conductor-client,382,6.4502617801047091,9.69633507853403
google/closure-compiler,1150,4.80521739130435,9.8626086956521739
InnovateUKGitHub/innovation-funding-service,5246,8.0676706061761436,11.90354555852077
didi/DoraemonKit,639,5.3505477308294207,8.65414710485133
jamorham/xDrip-plus,895,5.6413407821229038,12.5050279329609
iterate-ch/cyberduck,2943,5.7672443085287153,11.2986748216106
wellenvogel/avnav,128,5.1640625,9.8984375
arcyfelix/Courses,128,2.3828124999999996,4.9062499999999991
tuomount/Open-Realms-of-Stars,384,3.296875,9.9895833333333321
curioswitch/curiostack,384,6.6536458333333339,11.2265625
JetBrains/xodus,640,3.4578124999999997,5.3640624999999975
NYRDS/pixel-dungeon-remix,896,6.568080357142855,10.109374999999996
codenvy/che,1920,6.6927083333333348,12.675000000000002
orioncode/orionplatform,2432,3.2306743421052619,4.6640624999999973
nginx/unit,129,3.9689922480620154,9.1085271317829442
mcMMO-Dev/mcMMO,385,6.7766233766233777,9.24935064935065
apache/incubator-trafodion,641,4.9797191887675512,10.262090483619344
folio-org/okapi,130,5.7923076923076922,11.446153846153848
CreativeMD/LittleTiles,386,10.272020725388602,14.813471502590676
SEARCH-NCJIS/nibrs,386,5.3160621761658042,11.313471502590675
sleuthkit/autopsy,1410,7.0581560283687965,13.784397163120566
metatron-app/metatron-discovery,1410,6.0943262411347519,9.83829787234042
yahoo/pulsar,1666,7.295918367346939,13.705282112845129
pinterest/secor,131,6.1297709923664119,10.465648854961831
nidi3/graphviz-java,131,3.6488549618320603,5.84732824427481
HubSpot/Singularity,643,6.7200622083981347,13.303265940902026
belaban/JGroups,643,5.6111975116640718,9.5505443234836722
CylonicRaider/Instant,132,3.1969696969696964,7.28030303030303
fabric8io/kubernetes-client,644,5.641304347826086,11.874223602484474
facebook/fresco,900,6.21666666666667,9.8166666666666647
mupen64plus-ae/mupen64plus-ae,133,8.57142857142857,14.902255639097749
tavultesoft/keymanweb,133,6.5338345864661642,13.293233082706767
GoogleCloudPlatform/storage-sdrs,133,5.5639097744360893,9.8345864661654154
Mashape/unirest-java,133,3.9548872180451133,6.458646616541353
langurmonkey/gaiasky,645,6.1441860465116278,9.8945736434108547
saalfeldlab/template-building,134,10.955223880597014,18.880597014925371
lanhuaguizha/Christian,134,6.30597014925373,9.32089552238806
blackducksoftware/hub-common,134,6.85820895522388,10.8955223880597
korpling/ANNIS,390,6.6487179487179482,13.484615384615385
lagom/lagom,390,4.7333333333333343,6.9487179487179489
bedatadriven/renjin,1414,4.38118811881188,6.874823196605373
yamstudio/leetcode,135,1.0148148148148148,1.874074074074074
oliexdev/openScale,135,7.5629629629629616,12.066666666666666
ineiti/cothorities,135,5.2,8.8444444444444468
flutter/engine,135,6.7111111111111095,11.451851851851853
yahoo/athenz,647,4.8315301391035561,8.0092735703245772
Aquerr/EagleFactions,136,9.5,13.161764705882351
kythe/kythe,136,6.375,14.0
ligoj/bootstrap,392,5.4719387755102025,8.8265306122448965
jooby-project/jooby,648,4.3348765432098757,9.1172839506172849
DeviceConnect/DeviceConnect-Android,1160,5.7629310344827562,10.058620689655179
wildfly/wildfly,8840,6.09049773755657,11.012217194570141
msaperst/selenified,137,5.2554744525547434,8.0656934306569337
dadoonet/fscrawler,137,5.3722627737226283,9.8248175182481763
Nincodedo/Ninbot,137,6.2262773722627731,8.5328467153284677
triathematician/blaisemath,393,4.5877862595419856,7.1526717557251915
estatio/estatio,2441,7.5354362965997534,12.3039737812372
Kotori316/QuarryPlus,138,10.971014492753625,16.905797101449277
zsmartsystems/com.zsmartsystems.zigbee,1674,3.1356033452807655,5.92174432497013
wso2-extensions/identity-inbound-auth-saml,139,10.690647482014388,18.402877697841721
gravitee-io/gravitee-gateway,395,5.7620253164556985,8.49873417721519
TEAMMATES/teammates,651,5.3379416282642094,9.9493087557603666
jcryptool/crypto,1163,4.7944969905417052,8.8813413585554635
pravega/pravega,1419,7.89711064129669,15.759689922480623
wso2/siddhi,908,6.1806167400881051,9.5737885462555052
wso2/product-ei,1676,8.0602625298329347,12.413484486873505
Alluxio/alluxio,1932,7.3343685300207042,13.107660455486542
structr/structr,1932,6.2707039337474164,10.671325051759833
telefonicaid/fiware-cygnus,141,6.8368794326241122,12.921985815602834
kbase/njs_wrapper,141,4.9219858156028371,12.120567375886527
dreamhead/moco,397,4.4282115869017611,8.46851385390428
spinnaker/halyard,1165,5.60429184549356,8.0231759656652351
Aptoide/aptoide-client-v8,1165,6.8575107296137352,10.006866952789702
xwiki/xwiki-commons,1421,4.6980999296270252,8.40816326530612
xuxueli/xxl-job,142,5.0985915492957732,7.3380281690140849
testcontainers/testcontainers-java,398,5.3844221105527641,8.3190954773869343
mercadopago/px-android,910,5.706593406593405,9.1890109890109848
aterai/java-swing-tips,910,4.7747252747252737,7.7142857142857109
line/armeria,1678,6.4773539928486272,11.888557806912992
tensorflow/tensorflow,143,4.5594405594405591,8.8951048951048968
KDE/kdeconnect-android,143,7.6083916083916066,13.860139860139862
ligoj/plugin-prov,143,7.2237762237762233,13.825174825174823
breadwallet/breadwallet-android,143,8.0769230769230766,12.559440559440556
google/guava,2959,4.6441365326123689,10.078404866508956
consulo/consulo,12943,6.7558525844085509,9.88302557366916
wcm-io/wcm-io-testing,144,6.2291666666666661,11.583333333333332
bradyhouse/house,144,3.576388888888888,7.2777777777777786
Senspark/ee-x,144,5.1666666666666661,9.65277777777778
spring-cloud/spring-cloud-dataflow,656,7.32164634146341,12.573170731707314
dzhw/metadatamanagement,656,7.3795731707317067,11.399390243902438
sirixdb/sirix,912,7.0767543859649118,11.837719298245613
molgenis/molgenis,2448,6.5085784313725483,12.281045751633977
industrial-data-space/trusted-connector,145,5.406896551724139,9.2206896551724142
venkatramanm/swf-all,401,5.4763092269326679,8.780548628428928
javamelody/javamelody,401,5.44139650872818,13.142144638403995
micrometer-metrics/micrometer,657,5.2465753424657535,7.9482496194824961
grpc/grpc-java,913,6.7426067907995622,16.67688937568456
VoIPGRID/vialer-android,146,5.3561643835616426,9.2534246575342465
indy256/codelibrary,146,1.6232876712328774,1.7123287671232874
ccomeaux/boardgamegeek4android,146,8.3561643835616444,13.801369863013697
IntellectualSites/PlotSquared,402,6.4402985074626846,11.955223880597012
BorderTech/wcomponents,1170,3.4641025641025678,8.7547008547008556
gbif/crawler,147,7.727891156462583,12.006802721088436
cucumber/cucumber,147,2.9455782312925165,6.4489795918367321
conveyal/gtfs-lib,147,4.9387755102040813,9.5986394557823136
biblelamp/JavaExercises,659,1.95751138088012,3.1487101669195745
Azure/azure-sdk-for-java,45203,3.720615888325983,6.5145454947680452
ZFGCCP/ZFGC3,404,4.5519801980198027,6.6064356435643568
Library-of-Kaeon/Library-of-Kaeon,404,3.7004950495049518,5.1113861386138622
raydac/netbeans-mmd-plugin,404,7.5767326732673261,14.638613861386135
authlete/authlete-java-common,149,1.6644295302013423,3.4026845637583896
naver/pinpoint,4501,4.3961341924016875,7.6029771161964
pgentile/zucchini-ui,150,3.9133333333333331,5.9733333333333345
square/okhttp,150,6.24,14.200000000000003
spotify/scio,150,8.3933333333333326,16.186666666666667
nielsbasjes/yauaa,150,4.6199999999999992,10.993333333333336
bhecquet/seleniumRobot,406,7.5763546798029529,13.1256157635468
yangfuhai/jboot,406,3.8300492610837438,5.1231527093596068
BrunoEberhard/minimal-j,662,4.31570996978852,7.4984894259818722
ppatierno/kaas,662,7.6993957703927514,17.178247734138978
3dcitydb/importer-exporter,1174,5.43526405451448,10.784497444633732
actiontech/dble,1174,6.1669505962521276,8.8977853492333931
freefair/gradle-plugins,151,5.258278145695364,7.7086092715231782
Twasi/twasi-core,151,4.5695364238410594,6.443708609271523
googleads/googleads-mobile-android-mediation,151,7.10596026490066,13.437086092715234
SonarSource/sonarqube,6039,6.1349561185626644,10.695976154992541
jonathanlermitage/manon,152,6.8157894736842106,10.407894736842106
Peergos/Peergos,408,5.9681372549019622,6.60294117647059
neo4j/neo4j-java-driver,664,6.3584337349397586,13.12650602409639
spring-cloud/spring-cloud-contract,664,4.6912650602409638,7.3433734939759043
dipoo/egdownloader,153,6.7058823529411749,13.849673202614378
GluuFederation/oxCore,409,4.5843520782396086,7.9022004889975559
InformaticsMatters/squonk,409,5.7506112469437642,8.6870415647921764
gchq/stroom,3993,5.5411970949161011,9.7931379914851
exteso/alf.io,410,8.1609756097560986,12.336585365853658
technecloud/cronapi-java,155,5.5612903225806454,9.8709677419354858
crapo/sadlos2,667,5.7001499250374819,13.491754122938525
Alfresco/alfresco-repository,3483,6.4272179155900062,12.014642549526275
genonbeta/TrebleShot,156,7.6025641025641013,16.23076923076923
CruGlobal/android-gto-support,156,4.448717948717948,7.8269230769230775
apache/beam,3996,8.3748748748748749,16.601101101101104
JetBrains/intellij-scala,413,5.1622276029055687,7.832929782082326
naver/ngrinder,413,6.8910411622276007,10.302663438256658
zaproxy/zaproxy,1181,5.8933107535986462,10.989839119390354
openbase/bco.bcozy,158,8.89240506329114,12.082278481012656
samuelclay/NewsBlur,158,6.4556962025316444,11.791139240506329
judovana/jenkins-scm-koji-plugin,158,5.5253164556962018,11.867088607594935
introproventures/graphql-jpa-query,158,5.3797468354430364,10.443037974683541
zalando/riptide,414,6.3212560386473395,11.369565217391301
talsma-ict/umldoclet,2462,3.9240454914703475,9.0662063363119323
stevespringett/Alpine,159,4.0566037735849054,7.3207547169811313
arangodb/arangodb,159,2.9748427672955975,4.69811320754717
camueller/SmartApplianceEnabler,159,4.0125786163522008,7.0251572327044034
kubernetes-client/java,927,6.4217907227615987,12.389428263214667
google/error-prone,1695,5.51150442477876,11.177581120943952
quarkusio/quarkus,4767,4.9639186070904131,8.4877281308999386
chrisj42/minicraft-plus-revived,160,5.19375,9.0875
bonigarcia/selenium-jupiter,160,6.46875,11.249999999999996
khartec/waltz,929,7.2228202368137744,11.180839612486547
IntegratedAlarmSystem-Group/ias,162,5.0925925925925934,10.086419753086419
synthetichealth/synthea,162,6.6913580246913575,16.222222222222221
googleapis/google-cloud-java,162,4.0246913580246906,11.901234567901234
Commonjava/indy,1186,7.805227655986509,13.241146711635739
xXKeyleXx/MyPet,1698,3.4505300353356891,9.04240282685513
JavaEden/Orchid,163,6.2822085889570536,9.6993865030674851
camunda/camunda-bpm-webapp,163,4.98159509202454,8.5398773006134974
PCLuddite/baxshops,163,6.30674846625767,9.2760736196319016
rememberber/WePush,163,7.5889570552147241,10.975460122699385
PhilippC/keepass2android,419,3.4773269689737476,6.4725536992840116
TelefonicaED/liferaylms-portlet,419,9.630071599045344,19.484486873508352
AntennaPod/AntennaPod,419,8.7780429594272071,14.073985680190935
didclab/onedatashare,164,6.5426829268292668,8.9939024390243887
NoraUi/NoraUi,164,6.4695121951219505,10.920731707317074
kryptnostic/rhizome,164,4.8170731707317085,7.5609756097560981
MyRobotLab/myrobotlab,932,5.8412017167381975,11.122317596566516
apache/logging-log4j2,1956,5.0700408997955018,9.2142126789366063
TechEmpower/FrameworkBenchmarks,421,4.6627078384798093,7.3562945368171011
nextcloud/android,421,10.289786223277909,16.938242280285035
facebook/mysql-5.6,421,2.729216152019001,6.2042755344418028
CenturyLinkCloud/mdw,933,6.5637727759914224,10.438370846730974
debrief/debrief,4773,3.7188351141839533,9.2357008170961663
spinnaker/echo,166,6.9036144578313259,9.4036144578313241
DiUS/pact-jvm,167,6.2634730538922145,11.005988023952094
ram-on/SkyTube,167,7.2574850299401188,11.940119760479043
EBIvariation/eva-ws,167,7.6167664670658679,12.54491017964072
henrichg/PhoneProfiles,167,6.299401197604789,11.209580838323351
PhantomBot/PhantomBot,168,4.1011904761904772,7.5595238095238084
SpineEventEngine/todo-list,168,4.5238095238095237,8.4107142857142865
EnMasseProject/enmasse,936,6.3749999999999973,11.634615384615385
softindex/datakernel,1192,5.8682885906040259,10.109899328859056
google/nomulus,1705,8.5466275659824049,15.658064516129038
networknt/light-4j,426,5.0164319248826281,8.5070422535211279
objective-solutions/taskboard,1194,5.7964824120603007,10.288944723618089
kaltura/KalturaGeneratedAPIClientsAndroid,1450,5.1558620689655168,6.2524137931034582
Graylog2/graylog2-server,2730,7.1432234432234445,12.208058608058607
apache/drill,3754,6.9597762386787441,12.541022908897176
pentaho/pentaho-hadoop-shims,427,6.0187353629976572,10.428571428571427
google/ExoPlayer,939,6.1224707135250256,10.902023429179977
CloudSlang/cs-actions,939,6.4036208732694355,15.353567625133122
reportportal/commons-model,172,3.1744186046511631,5.2965116279069759
HedvigInsurance/bot-service,172,4.3430232558139537,8.029069767441861
vector-im/riot-android,172,13.319767441860469,22.5
zielu/GitToolBox,173,6.8150289017341033,10.265895953757225
leapcode/bitmask_android,173,6.6589595375722546,13.630057803468208
wso2/carbon-business-process,685,6.2802919708029181,10.623357664233577
SCADA-LTS/Scada-LTS,941,6.419766206163656,11.310308182784274
ia-toki/judgels,1197,5.2773600668337508,8.6708437761069366
seratch/jslack,1197,3.85797827903091,5.1871345029239748
giloutho/Logfly,174,8.93103448275862,16.517241379310345
JabRef/jabref,1454,6.2799174690508925,10.850068775790923
zalando/nakadi,431,8.11832946635731,15.443155452436196
igniterealtime/Smack,1455,4.9457044673539512,8.901718213058416
MineLittlePony/MineLittlePony,176,6.4318181818181817,8.4147727272727266
wcmc-its/ReCiter,176,5.6875000000000009,9.3352272727272734
skeychen/dswork,432,4.0787037037037033,7.22453703703704
txstate-etc/gato,178,6.5505617977528079,10.91011235955056
zalando/problem-spring-web,178,6.1853932584269664,9.4325842696629234
drugis/addis-core,435,8.0137931034482772,11.312643678160921
ilscipio/scipio-erp,1459,6.3735435229609321,14.750514050719673
alibaba/dubbo,1459,4.3564084989718976,8.3927347498286551
hazuki0x0/YuzuBrowser,180,5.0888888888888895,7.666666666666667
BBVA/mirrorgate,180,6.333333333333333,9.9611111111111121
fieldenms/tg,3253,4.4561942822010465,8.17675991392561
nzilbb/ag,182,4.4725274725274726,9.2472527472527446
MaridProject/marid,182,3.8461538461538458,7.5329670329670328
blackducksoftware/hub-jira,182,8.0769230769230766,14.093406593406593
winder/Universal-G-Code-Sender,438,6.1095890410958908,10.609589041095894
kiegroup/droolsjbpm-integration,1974,6.0496453900709284,12.45997973657548
JetBrains/intellij-community,44982,5.8308656796051972,8.9254146102885432
google/copybara,439,7.9179954441913445,14.703872437357631
keeps/db-visualization-toolkit,439,7.6856492027334848,13.927107061503415
dernasherbrezon/jradio,695,2.6258992805755383,4.3625899280575533
GreenDelta/olca-app,695,8.394244604316544,14.47913669064749
gravitee-io/gravitee-management-rest-api,1207,6.6578293289146622,10.280861640430821
IBMStreams/streamsx.topology,440,5.5431818181818189,10.963636363636361
phoenixctms/ctsms,1976,4.0759109311740875,8.9473684210526336
phax/ph-commons,1976,4.9276315789473646,8.18927125506073
eMoflon/emoflon-ibex,441,4.1587301587301573,8.140589569161
WhisperSystems/TextSecure,1465,7.9426621160409585,12.931740614334471
bengtmartensson/IrpTransmogrifier,186,3.1774193548387091,8.806451612903226
Transkribus/TranskribusCore,442,5.0113122171945692,10.920814479638013
Taskana/taskana,442,7.6628959276018094,12.723981900452493
cucumber/cucumber-jvm,698,4.3280802292263605,8.151862464183381
pentaho/pentaho-kettle,4282,8.4075198505371382,16.598318542737033
apache/ignite,9658,6.9300062124663508,12.779871609028776
jtablesaw/tablesaw,443,4.4717832957110613,8.8081264108352144
RoboZonky/robozonky,699,5.1316165951359078,7.8440629470672372
Metatavu/edelphi,699,7.4778254649499321,12.899856938483547
mapsme/omim,699,6.4120171673819737,10.559370529327609
igniterealtime/Openfire,699,5.8483547925608024,11.237482117310448
servinglynk/servinglynk-hmis,3259,4.4222154034980052,9.3537895059834284
MarginallyClever/Robot-Overlord-App,188,3.8829787234042548,8.797872340425533
ist-dresden/composum-platform,188,8.2712765957446823,15.909574468085108
GoogleContainerTools/jib,444,7.06981981981982,11.828828828828827
wbaumann/SmartReceiptsLibrary,700,7.9828571428571413,11.417142857142856
4treesCH/strolch,956,5.0617154811715475,8.015690376569033
thelastpickle/cassandra-reaper,189,7.3968253968253972,14.22222222222222
all-of-us/workbench,445,9.5685393258426963,17.687640449438202
marklogic/java-client-api,701,6.5891583452211169,15.680456490727536
google/j2objc,3517,3.1037816320727867,7.2303099232300276
OpenGenus/cosmos,190,1.5789473684210529,2.0315789473684212
inaturalist/iNaturalistAndroid,190,9.8052631578947356,19.605263157894733
openzipkin/zipkin,446,6.3677130044843047,11.683856502242154
jaamsim/jaamsim,446,3.7488789237668163,8.6928251121076219
LWJGL/lwjgl3,2494,3.2870890136327198,5.3933440256615865
cping/LGame,3774,3.3956014838367761,5.7906730259671422
bazelbuild/bazel,5310,6.38757062146892,12.167419962335225
TechReborn/RebornCore,191,6.30366492146597,8.6178010471204178
CyclopsMC/IntegratedDynamics,703,7.7126600284495046,10.870554765291605
williamfiset/Algorithms,192,1.7968749999999991,2.7864583333333326
Jasig/uPortal,1728,5.5300925925925926,10.278356481481486
palantir/gradle-baseline,193,5.7512953367875648,9.8652849740932655
SleepyTrousers/EnderIO,1729,9.9398496240601464,13.962984384037012
streamsets/datacollector,4801,5.28764840658196,10.324307435950839
vitruv-tools/Vitruv,194,4.7061855670103094,8.6597938144329909
polyaxon/polyaxon,450,6.2600000000000025,12.111111111111116
msmobility/silo,450,6.8666666666666671,10.791111111111116
tabish121/proton4j,706,4.1912181303116123,8.2138810198300316
GoogleCloudPlatform/java-docs-samples,1218,5.5262725779967177,11.348111658456487
opencb/biodata,451,3.8691796008869193,7.2527716186252746
bdezonia/zorbage,1219,4.3921246923707979,9.8851517637407724
openforis/collect,1475,5.2,10.133559322033893
zstackio/zstack,7363,5.1777807958712465,7.6055955452940305
yidongnan/grpc-spring-boot-starter,196,6.1275510204081627,9.96938775510204
Esri/arcgis-runtime-samples-android,196,10.494897959183676,18.280612244897963
square/wire,196,5.28061224489796,13.647959183673468
peerkar/liferay-gsearch,196,7.1377551020408152,11.571428571428569
retest/recheck,452,5.115044247787611,8.8362831858407063
zhongxunking/configcenter,197,5.9086294416243668,8.8121827411167519
whiskeysierra/compass,197,5.7614213197969537,9.3654822335025365
carlos-sancho-ramirez/android-java-langbook,197,3.2487309644670042,8.83756345177665
Tamaized/AoV,197,9.7563451776649739,13.106598984771573
apache/thrift,197,3.31979695431472,6.7309644670050766
forrestguice/SuntimesWidget,197,9.4619289340101513,18.096446700507617
reactor/reactor-netty,198,8.4444444444444446,15.459595959595962
folio-org/raml-module-builder,198,6.1464646464646462,11.813131313131315
Cognifide/APM,198,5.7727272727272716,9.2424242424242422
GoogleCloudPlatform/training-data-analyst,454,5.4823788546255514,8.2048458149779737
apache/incubator-tinkerpop,1478,6.3437077131258439,12.684032476319349
bbottema/simple-java-mail,199,5.6633165829145726,10.432160804020096
endeavourhealth/EDS,199,6.3668341708542711,10.135678391959798
spring-io/initializr,455,4.9054945054945049,7.558241758241758
apache/pdfbox,1223,4.546197874080133,9.60752248569092
mediathekview/MServer,200,4.4499999999999993,9.5100000000000016
CESNET/perun,1992,5.9201807228915673,12.82178714859438
BjerknesClimateDataCentre/QuinCe,201,3.3880597014925371,10.218905472636816
Heigvd/Wegas,457,7.5623632385120363,14.207877461706779
alibaba/nacos,457,6.2954048140043755,9.1794310722100647
ihongs/HongsCORE,202,4.891089108910891,11.613861386138613
joinfaces/joinfaces,202,5.7376237623762369,8.48019801980198
TNG/ArchUnit,714,5.1008403361344534,10.58963585434174
mzmine/mzmine3,1226,6.9893964110929847,11.436378466557915
businesscode/BCD-UI,203,5.7684729064039413,10.571428571428571
kickstarter/android-oss,459,7.2962962962962967,11.122004357298474
commons-app/apps-android-commons,459,7.1045751633986924,10.895424836601311
madgik/exareme,1227,3.7432762836185827,5.9364303178484077
joel-costigliola/assertj-core,3787,4.5738051227884924,7.7406918405070071
apache/jmeter,1228,6.064332247557001,11.35260586319218
alibaba/fastjson,2764,3.9692474674384939,5.3107814761215666
ms123s/simpl4-src,717,7.2398884239888428,14.510460251046023
dernasherbrezon/r2cloud,206,5.3446601941747547,10.902912621359222
langhsu/mblog,206,6.0436893203883493,8.4708737864077683
GoldenGnu/jeveassets,462,6.5367965367965386,13.891774891774894
spacewalkproject/spacewalk,2510,6.0533864541832649,10.310756972111562
wso2/devstudio-tooling-esb,6350,10.141259842519689,19.950551181102384
gradle/gradle,7886,4.5858483388283044,7.4495308141009415
youlookwhat/CloudReader,207,8.458937198067634,11.328502415458937
NLCR/komplexni-validator,207,3.6135265700483079,8.1304347826086953
ist-dresden/composum,207,8.3188405797101463,15.792270531400963
jamesdbloom/mockserver,719,6.4770514603616132,10.369958275382476
graphhopper/graphhopper,719,4.7913769123783041,8.35605006954103
xtuml/bridgepoint,975,5.8646153846153837,13.45948717948718
archimatetool/archi,1231,5.5190901705930138,10.567018683996757
FenixEdu/fenixedu-academic,3279,5.6806953339432775,10.529124733150351
o2oa/o2oa,9679,6.4013844405413725,10.181423700795527
thalerjonathan/phd,208,3.0240384615384621,5.6971153846153832
uweschaefer/factcast,208,5.6634615384615383,9.9663461538461569
oaplatform/oap,464,4.3965517241379324,7.7456896551724164
danrien/projectBlue,720,8.1097222222222243,10.898611111111112
Flash3388/FlashLib,209,3.00956937799043,5.14354066985646
svenkubiak/mangooio,209,6.89952153110048,11.311004784688993
oncokb/oncokb,209,4.6172248803827749,7.1387559808612462
akvo/akvo-flow,465,5.0709677419354842,9.4107526881720442
mini2Dx/mini2Dx,721,1.8543689320388337,6.2635228848821081
google/closure-templates,977,6.2681678607983606,12.735926305015356
nemerosa/ontrack,977,4.7881269191402245,6.8137154554759451
forpdi/forpdi,210,6.223809523809523,11.738095238095239
exch-bms2/beatoraja,210,5.6142857142857139,8.519047619047619
cloudiator/lance,210,4.5047619047619039,8.9285714285714288
Mantaro/MantaroBot,210,8.9095238095238063,13.100000000000009
DV8FromTheWorld/JDA,466,5.4484978540772531,7.8519313304721043
apache/commons-vfs,466,3.9141630901287563,8.49356223175966
mapfish/mapfish-print,466,7.8969957081545044,13.066523605150213
reportportal/commons-dao,466,5.3540772532188869,9.9248927038626586
ac2cz/FoxTelem,722,4.5041551246537388,10.650969529085874
shopizer-ecommerce/shopizer,978,8.2106339468302671,12.56646216768916
NGSEP/NGSEPcore,211,3.9999999999999991,10.246445497630333
alpha-asp/Alpha,211,4.4739336492890995,8.67298578199052
00-Evan/shattered-pixel-dungeon,979,6.4913176710929523,10.339121552604693
javers/javers,468,4.3418803418803407,6.4786324786324787
broadinstitute/gatk,2004,7.634231536926146,11.467065868263463
dbeaver/dbeaver,3540,7.4581920903954853,11.035875706214686
JNOSQL/diana,725,4.9641379310344833,9.8951724137931034
researchstudio-sat/webofneeds,981,6.0000000000000009,9.4587155963302774
sodash/open-code,981,4.4811416921508656,7.9235474006116213
dhis2/dhis2-core,3285,6.7117199391171978,11.079756468797566
druid-io/druid,3797,7.5683434290229075,13.371345799315254
AVnetWS/Hentoid,215,7.130232558139534,10.739534883720928
ursjoss/scipamato,727,6.2599724896836308,9.2654745529573574
Activiti/Activiti,2519,4.6697102024612924,7.7991266375545818
tananaev/traccar,984,3.8262195121951197,6.8485772357723542
telstra/open-kilda,2264,6.0371024734982317,11.040194346289756
jainaman224/Algo_Ds_Notes,217,1.3686635944700456,1.6589861751152073
marklogic/marklogic-contentpump,217,6.1705069124423959,12.576036866359447
MSG134/IVCT_Framework,217,4.2488479262672811,7.88479262672811
neo4j-contrib/neo4j-apoc-procedures,473,5.949260042283294,11.515856236786473
openpnp/openpnp,473,5.9048625792811844,13.877378435517976
EnFlexIT/AgentWorkbench,729,4.7530864197530862,11.460905349794238
codenameone/CodenameOne,1241,4.3190975020145066,9.9331184528606
workcraft/workcraft,1497,5.5764863059452257,8.5684702738810934
aws/aws-sdk-java-v2,2265,5.9064017660044179,11.06666666666667
alkacon/opencms-core,3801,6.2446724546172074,12.253617469087082
breadwallet/breadwallet-core,218,4.2981651376146788,8.2431192660550465
EMResearch/EvoMaster,474,3.9725738396624468,6.0569620253164578
liquibase/liquibase,986,5.3924949290060837,8.2931034482758648
netty/netty,2266,4.3737864077669908,9.3128861429832366
FabioZumbi12/RedProtect,219,7.33333333333333,12.776255707762557
opitzconsulting/orcas,219,3.1187214611872145,8.2694063926940657
Aeronica/mxTune,219,7.4474885844748862,10.502283105022832
SpongePowered/SpongeForge,219,10.429223744292239,15.027397260273975
OmniKryptec/OmniKryptec-Engine,475,4.0442105263157906,6.269473684210527
conveyal/r5,220,5.963636363636363,10.213636363636361
craftercms/studio2,476,6.5126050420168085,12.010504201680677
Col-E/Recaf,221,5.4343891402714934,7.30316742081448
tim-group/tg-eventstore,221,5.76470588235294,12.176470588235293
NCI-Agency/anet,221,6.9457013574660644,12.058823529411764
First-Peoples-Cultural-Council/fv-web-ui,221,6.619909502262443,11.574660633484164
seata/seata,989,4.5409504550050563,7.8756319514661275
Hack23/cia,989,5.8736097067745208,10.859453993933272
bazelbuild/intellij,1757,8.8571428571428559,13.123505976095617
realityforge/arez,1757,3.0512236767216847,6.9749573136027232
MCMrARM/revolution-irc,222,7.5225225225225216,12.963963963963964
hheg/jitstatic,222,7.5585585585585591,15.261261261261263
JpressProjects/jpress,478,6.125523012552299,7.9728033472803341
xiaojinzi123/Component,223,4.9775784753363226,8.4260089686098674
zeroc-ice/ice-demos,223,2.3721973094170403,5.8071748878923781
cismet/cids-custom-wuppertal,480,9.2104166666666689,17.947916666666657
pegasus-isi/pegasus,736,4.5923913043478253,8.7554347826086953
apache/jackrabbit-oak,4320,7.3557870370370413,14.632870370370368
opennetworkinglab/onos,7648,5.8595711297071045,12.493070083682008
TGITS/programming-workouts,225,2.0266666666666664,3.7022222222222219
TulevaEE/onboarding-service,225,6.0000000000000018,8.62222222222222
factoryfx/factoryfx,737,4.7299864314789692,6.6702849389416539
Sage-Bionetworks/SynapseWebClient,1761,7.0993753549119791,14.413969335604779
apache/flink,9185,6.651497005988027,11.734567229178008
wcm-io-qa/wcm-io-qa-galenium,226,4.23008849557522,6.4557522123893811
spinnaker/kork,227,5.0616740088105709,8.2246696035242319
synyx/urlaubsverwaltung,484,7.3471074380165291,12.438016528925617
renyuneyun/Easer,484,6.2933884297520688,9.3367768595041323
junkerm/specmate,740,4.7540540540540519,8.1040540540540569
cgeo/cgeo,740,6.8945945945945928,11.137837837837839
Samourai-Wallet/samourai-wallet-android,229,10.720524017467252,19.296943231441045
bendisposto/prob2-ui,229,8.11353711790393,15.449781659388645
spring-cloud/spring-cloud-stream,229,8.2969432314410483,13.161572052401745
EmmyLua/IntelliJ-EmmyLua,229,5.7947598253275121,7.4323144104803482
treasure-data/digdag,741,6.9689608636977072,13.350877192982455
wso2/carbon-identity-framework,1253,6.1652035115722272,11.264964086193139
fhoeben/hsac-fitnesse-fixtures,230,3.4782608695652177,6.7869565217391319
as-ideas/crowdsource,230,8.843478260869567,13.626086956521739
Nasdanika/html,230,3.2826086956521734,7.656521739130433
ghedlund/phon,1255,5.9816733067729047,11.995219123505981
apache/calcite,1768,6.28337104072398,14.121040723981903
hartwigmedical/hmftools,1768,5.6035067873303186,10.570135746606347
apache/wicket,3048,4.1899606299212619,6.5905511811023638
lorensen/VTKExamples,233,1.1287553648068669,8.3991416309012958
sdl/dxa-modules,233,7.9184549356223179,12.351931330472102
rikvdkleij/intellij-haskell,234,4.7008547008547019,5.7991452991452981
junit-team/junit-lambda,1002,4.5758483033932169,9.93413173652695
tvesalainen/util,1002,3.5079840319361262,6.5888223552894232
foobnix/LirbiReader,1258,4.0794912559618428,7.50397456279809
crnk-project/crnk-framework,1770,5.4553672316384176,9.2615819209039554
yamcs/yamcs,1003,4.48753738783649,10.657028913260222
apache/samza,1259,6.0254169976171568,11.289118347895158
flowable/flowable-engine,7403,5.5470755099284084,9.2265297852222119
jerkar/jerkar,236,4.6567796610169507,8.0889830508474567
validator/validator,236,3.2203389830508478,7.0889830508474558
k9mail/k-9,492,5.7642276422764223,11.936991869918696
cheng-li/pyramid,493,4.9432048681541589,7.6835699797160233
intuit/karate,493,3.8356997971602431,6.9594320486815384
gurkenlabs/litiengine,494,4.4514170040485839,8.655870445344128
imCodePartnerAB/imcms,750,6.3386666666666667,10.791999999999998
elki-project/elki,2286,6.7804024496937885,9.6264216972878369
gmessner/gitlab4j-api,239,3.3723849372384938,7.2008368200836816
crispab/codekvast,240,5.9458333333333329,10.529166666666667
Mindgamesnl/OpenAudioMc,240,5.4125,7.104166666666667
pantsbuild/pants,240,2.875,5.716666666666665
AnySoftKeyboard/AnySoftKeyboard,496,7.0262096774193559,10.45766129032258
austinv11/Discord4J,496,4.310483870967742,5.5927419354838683
metaborg/nabl,496,6.0241935483870979,9.6451612903225818
MilosKozak/AndroidAPS,1008,7.2539682539682557,11.655753968253968
timmolter/XChange,4080,4.9495098039215675,7.5691176470588211
asciidoctor/asciidoctorj,241,4.9045643153526965,8.5726141078838189
PLOS/wombat,241,7.2157676348547719,13.174273858921163
apache/phoenix,1777,7.1744513224535718,15.831738885762505
spring-projects/spring-security,2545,7.2090373280943041,11.411787819253435
OpenGamma/Strata,2801,8.1892181363798642,15.872188504105671
lukehutch/fast-classpath-scanner,242,3.7148760330578514,7.6818181818181808
axelor/axelor-development-kit,498,6.353413654618473,11.77710843373494
Cognifide/AET,498,5.3353413654618462,8.8032128514056254
akvo/akvo-flow-mobile,499,7.0921843687374757,11.258517034068138
undertow-io/undertow,1267,5.968429360694552,11.810576164167324
Blankj/AndroidUtilCode,244,5.25,9.64344262295082
NationalSecurityAgency/ghidra,8692,6.2642659917165195,7.8362862402208862
apache/zookeeper,757,5.5772787318361949,13.038309114927344
reportportal/service-api,757,9.6169088507265545,13.705416116248349
firebase/firebase-android-sdk,1269,5.3404255319148914,10.492513790386129
lessthanoptimal/BoofCV,3573,5.3685978169605422,7.6789812482507642
kiegroup/kie-wb-common,9973,7.1713626792339253,12.063972726361165
bazelbuild/bazel-buildfarm,246,8.2398373983739823,17.556910569105682
cerberustesting/cerberus-source,758,9.0514511873350916,14.720316622691286
google/j2cl,1014,2.3895463510848121,4.996055226824458
btcontract/lnwallet,247,4.8785425101214583,8.1295546558704448
SilentChaos512/SilentGems,247,8.801619433198379,11.96356275303644
theScrabi/NewPipe,247,8.6194331983805661,14.821862348178135
jdmonin/JSettlers2,248,2.9516129032258074,8.8185483870967758
StevenUpForever/LeetCode_Java,248,1.1532258064516134,1.9193548387096773
prestodb/presto,6136,7.1701434159061339,15.763200782268594
eXist-db/exist,2297,6.6665215498476265,12.208532868959505
realityforge/replicant,250,4.0120000000000013,6.6679999999999993
tensorics/tensorics.github.io,506,3.7193675889328066,6.0454545454545432
ow2-proactive/scheduling,1530,6.5117647058823538,11.372549019607849
languagetool-org/languagetool,1530,4.7594771241830109,7.6986928104575147
SpoonLabs/astor,25850,3.1084719535783409,5.8970986460348112
google/ground-android,251,6.1553784860557759,9.2749003984063769
labsai/EDDI,507,5.6785009861932947,9.3570019723865876
ehcache/ehcache3,1275,6.7615686274509805,12.623529411764704
jaffa-projects/jaffa-framework,1787,5.1779518746502529,8.0587576944599864
database-rider/database-rider,252,6.4444444444444429,9.1309523809523832
real-logic/Aeron,509,6.3005893909626725,10.715127701375245
hortonworks/cloudbreak,6397,6.8682194778802526,11.21744567766139
yu120/neural,254,3.34251968503937,5.2125984251968509
PDXFinder/pdxfinder,254,5.0866141732283463,7.9724409448818889
neowu/core-ng-project,766,4.020887728459531,6.7493472584856367
OpenLiberty/open-liberty,26623,4.8555008826954165,9.25260113435749
MultiChain/multichain,1,2.0,3.0
scalableminds/webknossos,1,2.0,2.0
mtex-toolbox/mtex,1,2.0,2.0
Microsoft/vscode,1,2.0,2.0
irusri/GenIECMS,1,2.0,2.0
ccf19881030/BlogArticles,1,2.0,3.0
brainstorm-tools/brainstorm3,1,2.0,2.0
Azure/azure-quickstart-templates,1,2.0,5.0
Esri/arcgis-runtime-samples-qt,1,2.0,2.0
SpineEventEngine/SpineEventEngine.github.io,1,2.0,3.0
fonoster/sipio,1,2.0,3.0
wavesplatform/Waves,1,2.0,2.0
apache/incubator-singa,2,2.0,2.0
DiligentGraphics/DiligentEngine,2,2.0,2.0
ICOS-Carbon-Portal/meta,2,2.0,2.0
qaisjp/inf1.hgs.club,2,2.0,7.0
fls-bioinformatics-core/genomics,3,2.0,2.0
oliviercailloux/java-course,3,2.0,3.6666666666666665
opensim-org/opensim-core,11,2.0,2.3636363636363638
fluent/fluent-bit,2,2.5,4.5
bmuschko/gradle-docker-plugin,2,2.5,7.5
Bitcoin-ABC/bitcoin-abc,2,2.5,3.5
intracer/scalawiki,2,2.5,4.5
odavid/my-bloody-jenkins,2,2.5,3.0
webcamoid/webcamoid,2,2.5,3.0
bazelbuild/rules_docker,6,2.5,3.8333333333333335
fieldtrip/fieldtrip,28,2.5,3.6785714285714284
thejunkjon/jones,1,3.0,3.0
pocl/pocl,1,3.0,3.0
skipzone/Illumicone,1,3.0,3.0
Azure/azure-webjobs-sdk-script,1,3.0,3.0
instedd/planwise,1,3.0,5.0
chrislo27/RhythmHeavenRemixEditor,1,3.0,6.0
dbartolini/crown,1,3.0,3.0
jeonghoonkang/BerePi,1,3.0,8.0
engelsen/Instrument-control,1,3.0,3.0
google/iree,1,3.0,4.0
baldurk/renderdoc,1,3.0,3.0
cncounter/translation,1,3.0,3.0
hyperledger/fabric,1,3.0,5.0
flutter/cocoon,1,3.0,3.0
GStreamer/cerbero,1,3.0,7.0
moodlehq/moodlemobile2,1,3.0,4.0
ZhonganTechENG/zarm,2,3.0,4.5
storybooks/react-storybook,2,3.0,4.5
ElucidataInc/ElMaven,2,3.0,7.0
i18next/react-i18next,2,3.0,4.5
leaddbs/leaddbs,2,3.0,3.5
puppetlabs/puppetserver,2,3.0,7.5
conecenter/c4proto,2,3.0,6.0
flutter/devtools,3,3.0,3.0
aspnet/AspNetCore,33,3.0,5.03030303030303
fossasia/rp15,2,3.5,4.5
square/kotlinpoet,2,3.5,7.0
sandipv22/pointer_replacer,2,3.5,5.0
akveo/react-native-ui-kitten,4,3.5,5.0
vivaxy/course,4,3.5,5.25
nfrechette/acl,4,3.5,3.5
lamassu/lamassu-machine,8,3.5,3.5
ChromeDevTools/devtools-frontend,18,3.5,7.333333333333333
AlbrechtL/welle.io,1,4.0,9.0
spulec/moto,1,4.0,14.0
LouisCAD/Splitties,1,4.0,6.0
UCL-RITS/rcps-buildscripts,1,4.0,5.0
Gabriel439/Haskell-Dhall-Library,1,4.0,5.0
veyon/veyon,1,4.0,5.0
metosin/reitit,1,4.0,6.0
AdoptOpenJDK/openjdk-build,1,4.0,24.0
jhipster/generator-jhipster,1,4.0,4.0
polymonster/pmtech,1,4.0,4.0
miranda-ng/miranda-ng,2,4.0,9.5
proxer/ProxerAndroid,2,4.0,13.0
msteinbeck/tinyspline,2,4.0,11.5
revilheart/ESGST,2,4.0,6.5
cismet/cids-distribution-wuppertal,2,4.0,8.0
TestLinkOpenSourceTRMS/testlink-code,2,4.0,8.0
ubccr/xdmod,5,4.0,10.600000000000001
rakudo/rakudo,6,4.0,10.0
Netflix/atlas,6,4.0,6.8333333333333339
twosigma/waiter,9,4.0,11.888888888888889
graalvm/mx,22,4.0,9.3181818181818166
smcameron/space-nerds-in-space,2,4.5,9.5
walleth/walleth,2,4.5,8.5
bsc-dd/hecuba,2,4.5,5.5
opencobra/cobratoolbox,2,4.5,5.5
zadean/xqerl,2,4.5,14.5
aredotna/case,4,4.5,5.5
clappr/clappr-android,4,4.5,6.75
google/blockly,6,4.5,6.833333333333333
tesseract-ocr/tesseract,12,4.5,7.916666666666667
bwaldvogel/mongo-java-server,214,4.5,8.6308411214953278
smartdevicelink/sdl_core,1,5.0,10.0
progrium/dokku,1,5.0,5.0
googleapis/release-please,1,5.0,8.0
tetherless-world/satoru,1,5.0,8.0
JetBrains/kotlin-native,1,5.0,9.0
jguerinet/MyMartlet,1,5.0,10.0
firebase/extensions,1,5.0,18.0
domob1812/namecore,2,5.0,6.0
OpenBazaar/openbazaar-go,2,5.0,6.0
machawk1/wail,2,5.0,14.0
tuplejump/FiloDB,2,5.0,10.0
fractalPlatform/Fractal,2,5.0,6.0
benzmuircroft/REWIRE.io,2,5.0,6.0
ethereum/go-ethereum,2,5.0,6.0
galaxycash/galaxycash,2,5.0,6.0
nebulasio/go-nebulas,2,5.0,6.0
zcoinofficial/zcoin,2,5.0,6.0
deeponion/deeponion,2,5.0,6.0
vergecurrency/VERGE,2,5.0,6.0
BitcoinUnlimited/BitcoinUnlimited,2,5.0,6.0
tendermint/tendermint,2,5.0,6.0
KarrLab/wc_utils,2,5.0,8.5
csf-dev/agiil,2,5.0,8.0
fission/fission,3,5.0,8.6666666666666661
InterestingLab/waterdrop,15,5.0,8.0
centic9/github-version-statistics,25,5.0,10.079999999999998
jitsi/jitsi-meet,47,5.0,8.2127659574468073
google/earthenterprise,1,6.0,20.0
kaby76/AntlrVSIX,1,6.0,37.0
hanhanwu/Hanhan_Data_Science_Practice,1,6.0,11.0
Themaister/Granite,1,6.0,10.0
WWAWing/WWAWing,1,6.0,6.0
nasa/Common-Metadata-Repository,1,6.0,16.0
fishilico/shared,1,6.0,6.0
google/amber,1,6.0,8.0
OpenOrienteering/mapper,2,6.0,16.0
DIPlib/diplib,3,6.0,12.0
GateNLP/gateplugin-python,9,6.0,13.666666666666666
AliceLR/megazeux,10,6.0,10.7
CPFL/Autoware,87,6.0,11.620689655172415
softwaremill/sttp,1,7.0,10.0
KDE/ring-kde,1,7.0,8.0
fnproject/fn,1,7.0,15.0
thingsboard/thingsboard.github.io,1,7.0,11.0
penrose/penrose,1,7.0,24.0
JetBrains/resharper-unity,1,7.0,10.0
StoDevX/AAO-React-Native,2,7.0,10.0
OpenRCT2/OpenRCT2,6,7.0,11.0
ChrisCummins/clgen,6,7.0,19.166666666666664
kaltura/developer-platform,8,7.0,13.0
westnordost/StreetComplete,24,7.0,11.333333333333332
openfaas/faas,1,1.0,3.0
algorithm-ninja/task-wizard,1,1.0,1.0
tulios/kafkajs,1,1.0,2.0
charleskorn/batect,1,1.0,1.0
openbabel/openbabel,1,1.0,1.0
gopro/gopro-lib-node.gl,1,1.0,1.0
nayutaco/ptarmigan,1,1.0,1.0
AppliedLogicSystems/ALSProlog,1,1.0,1.0
blokadaorg/blokada,1,1.0,2.0
QuantConnect/Lean,1,1.0,4.0
mltframework/mlt,1,1.0,1.0
AllanWang/Frost-for-Facebook,1,1.0,1.0
Microsoft/vso-agent-tasks,1,1.0,3.0
SKA-ScienceDataProcessor/algorithm-reference-library,1,1.0,4.0
danielpalme/ReportGenerator,1,1.0,1.0
radare/radare2-regressions,1,1.0,2.0
YuKitAs/tech-note,1,1.0,1.0
hello2mao/hello2mao.github.io,2,1.0,3.0
ACINQ/eclair,2,1.0,1.0
docker-library/official-images,2,1.0,1.5
burakbayramli/classnotes,2,1.0,2.5
sigrokproject/libsigrok,2,1.0,1.5
snapcore/snapcraft,2,1.0,3.0
AnhellO/DAS_Sistemas,2,1.0,2.0
burakbayramli/dersblog,2,1.0,2.5
leek-wars/leekscript,2,1.0,1.5
mesonbuild/meson,3,1.0,1.0
danschultequb/qub-java,5,1.0,1.2
JoeZ-EE/LeetCodeSolutionsInJavaAndCpp,5,1.0,1.0
chrisbanes/tivi,6,1.0,1.0
MaibornWolff/codecharta,7,1.0,2.8571428571428568
buildaworldnet/IrrlichtBAW,9,1.0,2.0
wvlet/airframe,9,1.0,4.4444444444444446
inorichi/tachiyomi-extensions,11,1.0,1.0909090909090908
gzoller/ScalaJack,17,1.0,1.0
DiligentGraphics/DiligentSamples,44,1.0,1.0
